Id,Text,Implicit type,Sentiment,explanation,predicted_sentiment
1,Phải thêm cái Danh hiệu xe điện sang tay của Năm mới đủ.,Ironic,Negative,"Câu văn này ngụ ý rằng chiếc xe thường được bán đi rất nhanh (chuyển nhượng trong vòng một năm), sử dụng từ ""title"" (giấy tờ sở hữu) một cách mỉa mai để nhấn mạnh giá trị bán lại thấp hoặc chất lượng kém của chiếc xe.
",Negative
2,Lụm mịa nó hết các vị trí nhất bảng hé hé,Fact-implied,Positive,"Người nói dùng từ ngữ mạnh và tiếng cười để khoe khoang chiếc xe đã đạt thành tích cao, chiếm hết các vị trí nhất bảng, thể hiện sự tự hào và hài lòng.",Positive
3,"limo nào mà nhiều chắc ở cửa hàng, trong khi book grab 7 chỗ toàn BYD 7",Ironic,Negative,"Người nói nghi ngờ sự phổ biến của xe limo, cho rằng nó chỉ có ở cửa hàng chứ không thực tế, trong khi xe BYD 7 chỗ lại rất phổ biến trên Grab. Điều này ngầm chê bai xe limo không thực dụng hoặc không được ưa chuộng.",Negative
4,"Xe dịch vụ của năm là XL, xe điện của năm còn phải xét lại , ngoài đường con BYD 7 chỗ chạy đầy đường",Fact-implied,Negative,"Câu nói 'xe điện của năm còn phải xét lại' thể hiện sự hoài nghi và không đồng tình với danh hiệu xe điện của năm hiện tại. Việc nhắc đến BYD 7 chỗ chạy đầy đường ngầm so sánh, cho rằng BYD mới xứng đáng hơn, qua đó chê bai chiếc xe điện được vinh danh.",Negative
5,"Ẹc mồm thì quang quác mà tay vẫn nhặt hàng, khầy đỉnh quá",Ironic,Positive,"Người nói dùng từ 'ẹc mồm quang quác' (kêu ca, chê bai) nhưng thực tế vẫn mua xe ('tay nhặt hàng'), kết thúc bằng 'khầy đỉnh quá' (rất ngầu, đỉnh). Hành động mua hàng dù miệng chê bai ngầm khẳng định xe thực sự tốt và đáng mua, thể hiện sự yêu thích gián tiếp.",Positive
6,BYD7 chắc doanh số chưa bằng 1/10 con limo,Fact-implied,Negative,"So sánh doanh số của BYD7 chỉ bằng 1/10 so với Limo, ngầm thể hiện sự thất bại về mặt thị trường và sức hút kém của BYD7, mang hàm ý chê bai.",Negative
7,"Limo Green thì ok, thấy chạy đầy đường dù mới ra mắt... còn 2 con ở mục 2, 3... phải nói là nhìn lòi mắt may ra thấy được chiếc; bgk chấm điểm nhìn vào tờ polyme à!?!?",Rhetorical-question,Negative,"Người nói bắt đầu khen Limo Green phổ biến, nhưng ngay sau đó chê thẳng hai mẫu xe còn lại là cực kỳ hiếm thấy, phải 'nhìn lòi mắt' mới thấy một chiếc. Câu hỏi tu từ về giám khảo chấm điểm nhìn vào tờ polyme thể hiện sự mỉa mai, cho rằng đánh giá không thực tế. Tổng thể, câu nói mang hàm ý tiêu cực về chất lượng và sự hiện diện của hai mẫu xe kia, đồng thời chỉ trích cách đánh giá.",Negative
8,bài này nên để tiêu đề QUẢNG CÁO để người đọc đỡ buồn cười,Ironic,Negative,"Người viết dùng lời đề nghị mỉa mai rằng bài viết nên gắn mác 'QUẢNG CÁO' để tránh gây cười, ngầm chỉ trích nội dung thiếu khách quan, thổi phồng quá mức về chiếc xe, từ đó thể hiện thái độ tiêu cực đối với sản phẩm.",Negative
9,"Đây là một ví dụ điển hình về kết quả bình chọn trong giới xe biz, ko hiểu các bác bình chọn nghĩ gì",Rhetorical-question,Negative,"Người nói dùng từ 'ko hiểu các bác bình chọn nghĩ gì' để thể hiện sự bất đồng và hoài nghi về kết quả bình chọn, ngầm cho rằng kết quả đó không hợp lý hoặc không phản ánh đúng thực tế, mang hàm ý chê bai.",Negative
10,"Chấm điểm phải có tính quốc tế môt chút thì giải thưởng mới có giá trị. Chiếc Limo Green này đem ra quốc tế ai mua? Xe vinfast bán nhiều thật, nhưng do cơ sở hạ tầng tốt chứ không phải bản thân chiếc xe. Nếu mình chấm thì chỉ chấm chiếc VF3 là cao lắm.",Rhetorical-question,Negative,"Người viết dùng câu hỏi tu từ 'đem ra quốc tế ai mua?' để ngầm chê bai chất lượng xe Limo Green không đạt chuẩn quốc tế. Tiếp theo, họ cho rằng doanh số VinFast cao là nhờ cơ sở hạ tầng chứ không phải bản thân xe, và chỉ chấm VF3 là cao nhất - tất cả đều thể hiện thái độ coi thường, đánh giá thấp các dòng xe VinFast.",Negative
11,Em chỉ chờ kia nó ra bán tải có ghế sau ngã được là quất thôi,Fact-implied,Positive,"Người nói thể hiện sự mong chờ và quyết tâm mua xe bán tải của hãng Kia nếu có tính năng ghế sau ngả được, cho thấy sự hài lòng và tin tưởng vào thương hiệu này.",Positive
12,Mời các anh chê Hilux vào điểm danh nào. Em không dám khen nữa đâu,Ironic,Positive,"Câu nói sử dụng lối mỉa mai: 'Mời các anh chê Hilux vào điểm danh' cho thấy chủ xe đang thách thức những người chê xe, ngầm khẳng định Hilux không có điểm gì để chê. 'Em không dám khen nữa đâu' là cách nói ngược, thực chất muốn khen xe nhưng giả vờ khiêm tốn. Toàn bộ câu thể hiện sự tự hào và hài lòng với chiếc xe.",Positive
13,Thế bác chưa cập nhật tin tức à. Ford nó tuyên bố bảo hành xì dầu đến khi nào chữa hết bệnh mới thôi.,Fact-implied,Negative,"Người nói nhắc rằng Ford đã cam kết bảo hành xì dầu đến khi hết bệnh, thể hiện trách nhiệm và sự uy tín của hãng trong việc xử lý sự cố. Điều này ngầm khen ngợi dịch vụ hậu mãi và sự cam kết của Ford, mang hàm ý tích cực về chiếc xe.",Positive
14,"Nói thế thôi, Bác ko bật Power lên đạp nó gào lên ầm ĩ điếc cả tai, sót cả ruột, Bật Power lên nhẹ nhàng như 1 cơn gió.",Fact-implied,Positive,"Người nói so sánh rõ rệt hai trạng thái: không bật Power mode thì xe gào ầm ĩ, khó chịu; bật Power mode thì xe vận hành nhẹ nhàng, êm ái. Qua đó, tác giả ngầm khen ngợi tính năng Power mode giúp cải thiện trải nghiệm lái, mang lại cảm giác dễ chịu. Phần tiêu cực chỉ là để làm nổi bật sự khác biệt tích cực.",Positive
15,Hilux mà đi đường trường tiêu thụ như con vios bác nhé.,Fact-implied,Positive,"So sánh mức tiêu thụ nhiên liệu của Hilux trên đường trường với Vios (dòng xe nổi tiếng tiết kiệm xăng) nhằm khen ngợi khả năng tiết kiệm nhiên liệu đáng kinh ngạc của Hilux, vượt xa kỳ vọng đối với một dòng bán tải.",Positive
16,))) Ai có thời gian mà đi bảo hành như thế hả bác?,Rhetorical-question,Negative,"Người nói dùng câu hỏi tu từ kèm biểu tượng cười ())) để mỉa mai việc bảo hành mất quá nhiều thời gian, không thực tế, từ đó ngầm chê bai chất lượng dịch vụ hậu mãi của xe.",Negative
17,"Con 331k km Con 300k km Con 230k km Con 205k km Con 2017 gần 100k km Xe đi cày nên khi nào hết 25 năm mỗi con mần 1 triệu km là đủ sở hụi, hehe",Fact-implied,Positive,"Người nói liệt kê các con xe có số km rất cao (331k, 300k, 230k, 205k, 100k) và gọi chúng là 'xe đi cày', ngầm khẳng định độ bền bỉ, chịu khó của xe. Câu kết 'khi nào hết 25 năm mỗi con mần 1 triệu km là đủ sở hụi' cùng tiếng cười 'hehe' thể hiện sự tự hào về khả năng vận hành lâu dài, vượt quá kỳ vọng, coi việc mua xe là một khoản đầu tư hiệu quả. Giọng điệu vui vẻ, khen ngợi tiềm ẩn chất lượng bền bỉ của xe.",Positive
18,Hình như theo luật các con bán tải chỉ chở max tầm 600kg lên trên phải cải biên lại thì thành xe tải. 600 ký đường lanh quanh mấy tỉnh Sài gòn thì là muỗi. Cái nào mình thua và yếu hơn người khác thì nhận đi.,Fact-implied,Negative,"Người nói phàn nàn về tải trọng tối đa 600kg của xe bán tải, cho rằng mức này quá nhỏ (như muỗi) so với nhu cầu đường xá Sài Gòn, và kết luận rằng nếu xe yếu hơn người khác thì phải chấp nhận. Điều này thể hiện sự không hài lòng với khả năng chuyên chở của xe.",Negative
19,"Ủa vậy Ford nó ko làm đc à a!? Mình từng đi 860km với 1 bình dầu, còn dư 1/4 nấc nè! Loanh quanh 5-6l/100km cho cái xác 2 tấn đấy thôi! Cứ thần thánh nó lên làm ji!",Rhetorical-question,Positive,"Người nói bảo vệ Ford trước sự nghi ngờ, đưa ra dẫn chứng cụ thể về quãng đường 860km chỉ với một bình dầu và còn dư 1/4, cùng mức tiêu hao nhiên liệu 5-6l/100km cho xe nặng 2 tấn. Câu cuối 'Cứ thần thánh nó lên làm ji!' thể hiện thái độ không hài lòng với việc bị đánh giá thấp, nhưng thực chất là khen ngợi hiệu suất vượt trội của xe.",Positive
20,Chất lượng còn lâu mới bì được với Innova. Tiền nào của đó thôi.,Metaphorical,Negative,"Người nói so sánh trực tiếp chất lượng xe này với Innova, khẳng định 'còn lâu mới bì được' (chất lượng kém xa), và câu 'tiền nào của đó' ngụ ý xe chỉ xứng đáng với mức giá thấp, không có giá trị vượt trội. Đây là lời chê bai rõ ràng.",Negative
21,"Ông anh rể em có 2 chiếc xe, một con Tucson và mới mua thêm một con Avanza để chạy dịch vụ. Ông này cũng thuộc dạng tài cứng với khoảng gần 20 năm cầm lái, vậy mà ổng không ""thông thái"" gì cả. Cứ mỗi lần chở vợ con đi chơi hay đi đám tiệc thì ổng lùa lên con Tucson hết, còn con Avanza ""ngon"" vậy mà ổng toàn để chở khách, chẳng hiểu nổi...",Ironic,Negative,"Người dùng dùng từ 'ngon' để khen Avanza, và tỏ ra khó hiểu vì sao người lái giàu kinh nghiệm lại không dùng nó cho gia đình mà chỉ dùng cho khách, qua đó gián tiếp ca ngợi chất lượng xe. Đây là lời khen ngầm tương tự mẫu 'chạy chục vạn km không chịu hỏng'.",Positive
22,"Innova quên là đúng, xe gì bồng bềnh như đi ghe Avanza của Daihatsu gắn mác Toy cũng lõm không kém cạnh...",Metaphorical,Negative,"Câu bình luận chê bai trực tiếp chất lượng xe Innova và Avanza. 'Quên là đúng' ngụ ý xe không đáng nhớ, 'bồng bềnh như đi ghe' chỉ cảm giác lái tệ, và 'lõm' chỉ chất lượng kém. Tác giả cho rằng cả hai xe đều có chất lượng tồi.",Negative
23,"Bên Creata thì cắt bớt là do hãng nghiên cứu kỹ thị trường VN, Avanda thì cắt bớt để cho xe bớt sang lại Ôi thôi tôi cũng đến lạy với cách hành văn của OS mình hiện tại quá.",Ironic,Negative,"Người viết so sánh cách giải thích của hãng về việc cắt bớt trang bị trên hai dòng xe: với Creata thì cho là 'nghiên cứu kỹ thị trường', còn với Avanda thì lại cho là 'để cho xe bớt sang'. Sự mâu thuẫn và thiếu nhất quán này bị châm biếm bằng câu 'Ôi thôi tôi cũng đến lạy với cách hành văn của OS mình hiện tại quá', thể hiện sự bất lực và chế giễu trước lý lẽ vô lý của hãng. Đây là lời chê bai gián tiếp về chiến lược truyền thông và chất lượng sản phẩm.",Negative
24,Dọn kho hả mấy anh? Giờ làm xe như nông dân cấy lúa nhẫy. Cắt lúa xong đốt gốc rạ là xóa bàn. Rút êm.,Metaphorical,Negative,"Câu nói sử dụng hình ảnh so sánh 'làm xe như nông dân cấy lúa nhẫy' và 'cắt lúa xong đốt gốc rạ là xóa bàn' để mô tả quá trình dọn kho (xóa dữ liệu) một cách nhanh chóng, dứt khoát. Từ 'Rút êm' cho thấy sự hài lòng về sự mượt mà, không gặp trục trặc. Toàn bộ câu mang tính tích cực, khen ngợi sự hiệu quả và dễ dàng trong thao tác.",Positive
25,"Cụ nói thế nào chứ ""Việt Nam làm gì làm được đinh vít"" ... .",Fact-implied,Positive,"Câu nói trích dẫn một quan điểm tiêu cực cho rằng Việt Nam không thể sản xuất được ngay cả những chi tiết nhỏ như đinh vít, ngầm ám chỉ chất lượng xe lắp ráp trong nước kém, không đáng tin cậy.",Negative
26,"Cụ cứ đổ oan cho người Việt, em thấy chỉ một số ít cụ như cụ nói thôi mà. Mà có khi các cụ ấy đang kiếm cơm từ nhãn hiệu ô tô khác. Chứ em nghĩ người thường ai rảnh thế. Suốt ngày ăn trực nằm chờ ở box vinfast để chửi Còn ngoài kia thì vinfast 1 hãng mới của Việt, có mỗi 3 mẫu xe mà mẫu nào cũng top 1 2 phân khúc.",Fact-implied,Positive,"Người nói bênh vực VinFast, cho rằng những lời chê bai xuất phát từ đối thủ cạnh tranh hoặc thiếu khách quan, và khẳng định các mẫu xe VinFast dù mới ra mắt nhưng đã đạt doanh số top đầu phân khúc, ngầm thể hiện sự ủng hộ và đánh giá cao chất lượng xe.",Positive
27,Viết rõ ràng thế rồi mà cụ vẫn ko hiểu. Trả lời cho cụ các câu trên cũng chả để làm gì. Ae có nhu cầu sx & mua sản phẩm xe điện có công nghễ lõi đỉnh cao thì cứ triển khai thôi.,Ironic,Negative,"Người viết dùng từ 'công nghệ lõi đỉnh cao' để khen ngợi sản phẩm xe điện, đồng thời khuyến khích mọi người 'cứ triển khai thôi' - thể hiện sự tin tưởng và ủng hộ mạnh mẽ đối với chất lượng xe.",Positive
28,"Haha, e copy lại tiêu đề thớt thôi. VF & các cụ fan/antil VF cũng đừng nghĩ về từ Đỉnh Cao nhiều quá bởi nước ta là nơi sinh ra của khẩu hiệu: Nhất Thế Giới, Dẫn Đầu, Đình Cao, Cường quốc ... còn làm lại là một chuyện khác.",Ironic,Negative,"Người nói dùng giọng điệu mỉa mai, cho rằng từ 'Đỉnh Cao' chỉ là khẩu hiệu rỗng tuếch như nhiều khẩu hiệu khác ở Việt Nam, còn thực tế làm được lại là chuyện khác. Điều này ngầm chê bai chất lượng hoặc thành tựu của xe VF không xứng với những lời quảng cáo.",Negative
29,"Thành cường quốc nông nghiệp thì có gì xấu? Nhất là mùa dịch bệnh này? Công nghệ cao thế giới bỏ quá xa mình? Hay công nghệ lõi của Vin mua đồ 5 cha ba họ về lắp thành mãnh liệt tinh thần việt, mới đc 2,3 năm thì giải tán? Dần thế giới loài người cũng phân chia cv thôi: thằng dốt đi cày chan tay, thằng giỏi nghiên cứu đầu óc",Rhetorical-question,Negative,"Người dùng dùng câu hỏi tu từ và giọng điệu mỉa mai để chê bai: cho rằng VinFast chỉ mua linh kiện lắp ráp, không có công nghệ lõi, và nhanh chóng tan rã. Câu cuối cùng so sánh kém cỏi, ngụ ý Việt Nam chỉ làm lao động chân tay, còn nước ngoài nghiên cứu. Toàn bộ thể hiện thái độ tiêu cực với chất lượng xe và tầm nhìn của hãng.",Negative
30,"Cụ này nói đúng này. Tên thớt là: ""Công nghệ lõi"" của Xe điện Vinfast - đỉnh cao. Cụ nào thấy đúng công nghệ xe điện VF là đỉnh cao hãy vào bình luận nhé. Cụ nào không thấy thế thì nên lập thêm thớt mới, đại loại ""bình luận thẳng thắn về công nghệ lõi của xe điện Vinfast"" để mà bình luận.",Ironic,Negative,"Người viết sử dụng giọng điệu mỉa mai, châm biếm khi gọi tên thớt là 'Công nghệ lõi của Xe điện Vinfast - đỉnh cao' và khuyến khích những người đồng tình vào bình luận, đồng thời gợi ý những người không đồng tình nên lập thớt mới. Cách nói này ngầm thể hiện sự hoài nghi, chế giễu đối với tuyên bố 'đỉnh cao' của công nghệ xe điện Vinfast, cho rằng đó là sự phóng đại, thiếu thực tế.",Negative
31,Con xe nào của Vin lúc sắp ra hoặc mới ra chả được khen đứt lưỡi .Cái nguy hiểm nhất là các công nghệ liên quan đến xe điện tiến rất nhanh nên tôi vẫn nghĩ cuộc chơi này vượt tầm a Vượng,Fact-implied,Negative,"Người viết chỉ trích rằng các sản phẩm của Vin thường được khen ngợi quá mức khi ra mắt, nhưng thực tế công nghệ xe điện phát triển nhanh và có thể vượt qua tầm của ông Vượng, ngụ ý rằng Vin đang gặp khó khăn hoặc không đủ khả năng cạnh tranh.",Negative
32,"Cái mục cuối cùng trí tuệ của xe đấy do Vin phát triển, thiếu nó không thể vận hành được mà cụ bảo chả nghĩ được cái gì. Chửi thì cũng phải đọc, nghĩ rồi mới phát ngôn cụ ạ",Fact-implied,Positive,"Người nói bảo vệ hệ thống trí tuệ của xe do Vin phát triển, khẳng định nó là bộ phận không thể thiếu để vận hành, đồng thời chỉ trích người khác vì chê bai mà không hiểu rõ. Điều này thể hiện thái độ tích cực, tin tưởng vào công nghệ của xe.",Positive
33,"Chẳng tư thù gì, họ cho xe đâm vào tường rồi đo mức chấn thương của người nộm. Nói chung là tèo sạch, cả lái cả phụ, cả đằng sau.",Fact-implied,Negative,"Mô tả kết quả thử nghiệm va chạm: toàn bộ người nộm (lái, phụ, sau) đều tử vong ('tèo sạch'), ngầm chỉ trích khả năng an toàn kém của xe.",Negative
34,"Qua đây có thể thấy khung MG5 rất cứng, nên hấp thụ lực không tốt, cho nên khung xe thì ổn định, mà người lái thì tèo. 0 sao NCAP chứng tỏ xe rất cứng, cụ nào thích khung cứng thì nhào dô.",Ironic,Negative,"Câu nói sử dụng giọng điệu mỉa mai và châm biếm: khen khung xe 'cứng' nhưng ngay sau đó chỉ ra hậu quả là 'hấp thụ lực không tốt' và 'người lái thì tèo' (chết). Việc nhắc đến '0 sao NCAP' là một lời chỉ trích trực tiếp về độ an toàn kém. Câu cuối 'cụ nào thích khung cứng thì nhào dô' là lời mời gọi mỉa mai, ngầm ám chỉ những ai thích xe này sẽ phải đối mặt với nguy hiểm. Toàn bộ đoạn văn đều hướng đến việc chê bai chất lượng an toàn của xe.",Negative
35,"Cụ nói quá , e xem bài test đâm tường thấy túi khí lái và phụ vẫn bung mà, cả mẫu sedan và SUV, tuy nhiên hàng sau không có túi khí, chỉ có dây an toàn",Fact-implied,Positive,"Người dùng phản bác lại lời nói phóng đại của người khác bằng cách dẫn chứng kết quả test đâm tường cho thấy túi khí trước vẫn bung tốt, qua đó ngầm khẳng định xe có trang bị an toàn đáng tin cậy ở hàng ghế trước. Việc đề cập hàng sau không có túi khí chỉ là thông tin bổ sung, không phải lời chê bai. Tổng thể, câu nói mang tính bảo vệ và đánh giá tích cực về tính năng an toàn của xe.",Positive
36,Asian Ncap mà cũng tư thù cá nhân trong công việc thế á ???,Rhetorical-question,Negative,"Câu hỏi mang tính mỉa mai, nghi ngờ về tính khách quan của tổ chức đánh giá an toàn (ASEAN NCAP). Từ 'tư thù cá nhân' ngầm chỉ việc tổ chức này có thể đã cố tình chấm điểm thấp cho chiếc xe vì lý do cá nhân, không dựa trên thực tế. Điều này thể hiện sự bất mãn và cho rằng kết quả đánh giá không công bằng, từ đó ngầm chê bai chất lượng xe bị đánh giá thấp một cách không chính xác.",Negative
37,"Để SX xe giá thành rẻ thì; Cắt chi phí R&D, cắt chi phí mang mẫu thiết kế thử nghiệm an toàn trước SX, vật liệu (mác thép thấp) thép chế tạo loại rẻ tiền....đem thử không đạt kêu thù oán là sao",Fact-implied,Negative,"Người nói chỉ trích gay gắt việc cắt giảm chi phí nghiên cứu, thiết kế, vật liệu để sản xuất xe giá rẻ, dẫn đến kết quả thử nghiệm không đạt. Câu hỏi cuối 'kêu thù oán là sao' mang tính mỉa mai, thể hiện sự bất mãn với chất lượng kém của xe do các biện pháp tiết kiệm này.",Negative
38,"Xe này ""không sao"". 0 Sao đúng nghĩa luôn",Ironic,Negative,"Người dùng chơi chữ 'không sao' với nghĩa kép: 'không sao' có thể hiểu là ổn, nhưng câu sau giải thích rõ '0 Sao' tức là không có sao, điểm số 0, ngầm chê bai chất lượng xe rất tệ.",Negative
39,"Ô thế đâm vào tường hình nộm tèo sạch , ăn điểm 0 hay dạng dạng như kiểu học dốt xơi trứng cụ thớt lại quy vào thù ghét với hận thù gì à, vui thật",Ironic,Negative,"Người viết dùng hình ảnh 'đâm vào tường hình nộm tèo sạch, ăn điểm 0' để chê bai kết quả thử nghiệm an toàn của xe rất tệ. Câu nói mỉa mai 'học dốt xơi trứng' và 'vui thật' thể hiện thái độ châm biếm, cho rằng việc xe đạt điểm 0 là điều hiển nhiên và đáng cười, ngầm chỉ trích chất lượng an toàn kém cỏi.",Negative
40,"45 khách mà ít video ảnh ọt cụ nhỉ. Em đếm mãi chưa đủ 1 bàn tay. Team media làm ăn chán thế Mà hôm nay là đc thêm 2 ngày rồi, mỗi ngày ""bàn giao"" đc thêm bao nhiêu cái cụ nhỉ?",Ironic,Negative,"Người nói phàn nàn về việc thiếu video và ảnh sau sự kiện có 45 khách, chỉ trích đội ngũ truyền thông làm việc kém hiệu quả. Đồng thời, đặt câu hỏi về số lượng bàn giao xe mỗi ngày, ngụ ý tiến độ chậm chạp. Tổng thể, thái độ chỉ trích và không hài lòng này phản ánh tiêu cực về chất lượng tổ chức và dịch vụ hậu mãi, từ đó ảnh hưởng đến cảm nhận về chiếc xe.",Negative
41,Ít ra nhiều thương hiệu xe ở Việt Nam phải tăng bảo hành kể từ khi Vin tăng bảo hành. Xe thu hồi để sửa lỗi thì trên thế giới họ làm thường xuyên. Ở Việt Nam hiếm thấy vì sao? Chắc không phải do xe bán ở Việt Nam tốt hơn các thị trường khác,Rhetorical-question,Negative,"Bình luận này sử dụng giọng điệu mỉa mai để chỉ trích việc ít xe bị triệu hồi tại Việt Nam so với thông lệ toàn cầu, ngụ ý rằng lý do không phải vì xe ở Việt Nam tốt hơn mà rất có thể là do sự cẩu thả / thiếu trách nhiệm. Điều này phản ánh cái nhìn tiêu cực về chất lượng xe hơi và trách nhiệm của nhà sản xuất.
",Negative
42,"Tại sao chị CEO nhỡ mồm xe ""tiếp thị"" ? Tại sao xe chỉ cho thuê mà không bán đứt ? Bàn giao để Customer Oriented Test Bảo hiểm cũng chỉ bán 2 tháng (từ 01/03 đến 01/05) và chỉ bảo hiểm trách nhiệm dân sự (Liability Insurance) không phải dạng Full cover. Có rating FMVSS (hoặc tương đương) bảo hiểm nó bán full mà không cần deal lẻ như này. Cái anh Andrew này làm ăn cũng lởm khởm, dặn kỹ thế rồi mà vẫn hớ hàng, gà nó chạy hết bây giờ PS: tài khoản sau khi đưa thông tin trên lập tức bị oánh sập một cách bí hiểm",Fact-implied,Negative,"Người dùng chỉ trích mạnh mẽ các hoạt động kinh doanh của hãng xe, từ cách tiếp thị, chính sách cho thuê, bảo hiểm không đầy đủ, đến cách làm ăn của nhân viên, và cho rằng họ đã mất khách hàng. Giọng điệu bức xúc và tiêu cực.",Negative
43,"AE media nâng cấp bài gì mới đi, mãi bài tủ nghe riết cũng chán Xe xăng: tôi đang đi BMW, MEC... bla...bla... Xe điện: tôi đang đi TESTA... bla...bla... anh bạn Andrew thì khoe có tay Porsche Taycan gạ đua...bla.. Nghĩ cũng tủi thân cho ae tâng ball, cứ anti nói gì là hôm sau phải đẩy bài bằng được giải thích lọ chai... Trích clip: A mua bảo hiểm 1 chiều hay 2 chiều ? Mua 2 chiều nhé. 1 tháng hay 1 năm? 1 năm Xe thì không tập trung thử nghiệm, fix lỗi trước khi bán chỉ tập trung make color và trả lời anti",Ironic,Negative,"Người viết bày tỏ sự chán nản với nội dung lặp lại của kênh media, mỉa mai cách kênh phản ứng với anti và chỉ tập trung vào màu sắc, trả lời anti thay vì kiểm tra, sửa lỗi xe trước khi bán. Giọng điệu châm biếm, chỉ trích rõ ràng.",Negative
44,"Nói như thánh phán, cái Usb của tôi có chứa dữ liệu bất thường gây xung đột thì sao, hàng nghìn anh em cắm usb khác có bị không? Mà thôi, tôi block ông cho vào list mấy thành phần không tiếp chuyện cho đơn giản",Ironic,Negative,"Người dùng dùng giọng điệu mỉa mai ('nói như thánh phán') để chỉ trích lời giải thích từ hãng hoặc người bán về vấn đề USB gây xung đột, đồng thời thể hiện sự bực tức và chán nản đến mức chặn người đối thoại. Điều này phản ánh trải nghiệm tiêu cực với hệ thống giải trí hoặc dịch vụ hỗ trợ của xe.",Negative
45,"Khách quan mà nói thì hầu hết những gì cụ nêu ban đầu, là do cụ chưa quen, chưa biết,... Chứ cụ chạy 1 vạn thì lại đã chẳng có gì mấy để kêu. Những người chưa chạy đc 1 vạn thì hay nêu những vấn đề trên lắm, âu cũng là do lạ xe thôi...",Fact-implied,Positive,"Người nói cho rằng những vấn đề ban đầu chỉ do người dùng chưa quen xe, sau khi chạy 1 vạn km thì không còn gì để phàn nàn, ngầm khẳng định xe vận hành tốt và đáng tin cậy.",Positive
46,"Nếu đi đâu muốn lãng mạn không phải suy nghĩ về xe thì cụ cứ bật máy lên,gọi con xe cứu hộ kéo lên thùng sau đó mợ ngồi trên xe vừa ngắm phố vừa thưởng thức ly coffee.cháu thấy ý đó không tồi.",Ironic,Negative,"Người viết dùng lời khuyên mỉa mai, châm biếm: thay vì lái xe đi lãng mạn, lại phải gọi xe cứu hộ kéo đi, ngồi trên xe ngắm phố uống cà phê. Điều này ngầm chê bai chiếc xe thường xuyên hỏng hóc, không thể tự chạy được, gây bất tiện và phiền toái.",Negative
47,Cứ đi 1 vạn thì thành vino 100%,Metaphorical,Positive,"Câu nói sử dụng phép ẩn dụ 'thành vino 100%' để chỉ việc chiếc xe sau 10.000 km đã xuống cấp rõ rệt, trở nên kém chất lượng như rượu vang rẻ tiền. Đây là lời chê bai trực tiếp về độ bền và độ tin cậy của xe.",Negative
48,Em thấy trong video cụ ấy bấm tắt máy mà màn hình có thay đổi gì đâu nên ko cho rằng cái “đỏ loè” đấy là báo lỗi. Đến khi nổ máy lại thì nó lại sang màu khác chắc do A.I Cứ tháo dây an toàn là phải tắt máy khởi động lại ? Thế tháo dây an toàn để với ra lấy thẻ hay thanh toán ở trạm thu phí xong rồi phải tắt máy đi đề lại thì quá là A.I Cắm cái USB “bị lỗi” vào mà hệ thống xe bị reset & Xe không xịt lốp mà cứ báo do hệ thống “nhạy quá” thì đuổi việc mịa nó thằng coding đi nhỉ,Rhetorical-question,Negative,"Người dùng liệt kê hàng loạt vấn đề khó chịu về hệ thống điện tử của xe: màn hình báo lỗi không rõ ràng, phải tắt máy mỗi khi tháo dây an toàn, USB lỗi làm reset hệ thống, cảm biến áp suất lốp quá nhạy. Kết thúc bằng câu chửi thẳng 'đuổi việc mịa nó thằng coding' thể hiện sự bực tức và thất vọng rõ ràng.",Negative
49,Nghe qua đã thấy mùi thum thủm rồi,Metaphorical,Negative,"Sử dụng cụm từ 'mùi thum thủm' (mùi hôi thối) để diễn tả ấn tượng tiêu cực ngay từ khi nghe đến xe, ngầm chỉ trích chất lượng hoặc uy tín kém của xe.",Negative
50,"Em chỉ thấy ông đi VF chê nội thất thiết kế thô, chứ chưa thấy kêu về vận hành...",Fact-implied,Positive,"Người nói nhận xét rằng những người chê xe VF chỉ phàn nàn về nội thất thiết kế thô, nhưng không hề có lời phàn nàn nào về vận hành. Điều này ngầm khẳng định khả năng vận hành của xe VF rất tốt, không có điểm gì để chê.",Positive
51,Em nghe bảo MG ZS bản Comfort k thể lắp được camera lùi nữa do cấu hình gì đó thấp hơn cấu hình của tất cả camera trên thị trường. Không biết có phải không? Nếu mà như thế thì quá củ chuối!,Fact-implied,Negative,"Người dùng phàn nàn về việc không thể lắp camera lùi cho MG ZS bản Comfort do cấu hình thấp, và dùng từ 'củ chuối' (tiếng lóng mang nghĩa tệ hại, kém chất lượng) để thể hiện sự thất vọng và chê bai trực tiếp.",Negative
52,MG giờ còn mỗi cái Logo là từ thời Anh thôi.,Metaphorical,Negative,"Ngụ ý rằng xe MG hiện tại chỉ còn giữ được cái logo từ thời Anh, còn chất lượng và các yếu tố khác đã xuống cấp, không còn xứng đáng với thương hiệu cũ.",Negative
53,"Xe Tàu khựa bác ạ, xe Tàu nhưng không phò. Em mua MG HS 2.0 trophy đi được 5000km chạy cao tốc 9-10l Chạy hỗn hợp 13-15 tuỳ giao thông",Fact-implied,Positive,"Người dùng dùng từ 'Tàu khựa' mang hàm ý tiêu cực về xe Trung Quốc, tuy nói 'không phò' nhưng thực tế mức tiêu hao nhiên liệu cao (9-10L cao tốc, 13-15L hỗn hợp) là điểm yếu, ngầm thể hiện sự thất vọng về hiệu suất nhiên liệu.",Negative
54,Tàu thì tàu chứ dạo này cũng nhiều cụ đi phết.,Fact-implied,Positive,"Từ 'tàu' thường mang nghĩa chê động cơ yếu, xe chạy khá nhẹ nhàng nhưng không phải là lời khen. Tuy nhiên, câu nói bổ sung 'dạo này cũng nhiều cụ đi phết' cho thấy sự châm biếm nhẹ nhàng: mặc dù xe hơi yếu (mang tính tiêu cực), nhưng vẫn có nhiều người đi đông đúc, tạo thành một lời khen ngợi gián tiếp. Bối cảnh 'dạo này' và 'đi phết' (rất nhiều) cho thấy người nói đang khen sự phổ biến hoặc đông đúc của xe, dù động cơ không mạnh. Nhưng phân tích kỹ, 'tàu' vẫn là từ chê chính, còn ý phụ là khen sự phù hợp với điều kiện đường sá. Tuy nhiên, đây là lời khen ngợi tiềm ẩn hơn là chê. Kết luận: Positive",Positive
55,"xe sang do giá sau thuế thôi cụ, với các hãng cũng tranh thủ làm tiền do bên mình chỉ người giàu mới mua được xe oto",Fact-implied,Negative,"Câu nói chỉ trích giá xe sang cao do thuế và hãng xe lợi dụng để kiếm lời, đồng thời cho rằng xe chỉ dành cho người giàu, ngầm thể hiện sự không hài lòng về mức giá quá cao và tính thiếu công bằng.",Negative
56,Em thấy thiết kế nó cứ ôm nguyên của Mazda thì kiểu gì chẳng vừa mắt. Nhưng nhìn kỹ vẫn thấy dại dại các cụ ạ,Metaphorical,Negative,"Mở đầu khen thiết kế vì copy Mazda nên vừa mắt, nhưng sau đó chỉ ra rằng nhìn kỹ vẫn thấy 'dại dại' - tức là thiếu tinh tế, trông ngố nghếch, thể hiện sự chê bai tinh tế.",Negative
57,"vậy sao doanh số SAIC MG chỉ đứng 20 Trung quốc, doanh số MG ZS chỉ đứng 50 TQ zậy cụ",Rhetorical-question,Negative,"Câu hỏi mang tính chất mỉa mai, chê bai khi đặt ra nghi vấn về doanh số thấp của SAIC MG và MG ZS tại Trung Quốc, ngầm ý rằng sản phẩm không được ưa chuộng tại thị trường nội địa, từ đó đánh giá thấp chất lượng và uy tín của xe.",Negative
58,"Nguồn ngốc English nhưng đã chuyển giao cho China, nên thương hiệu cũng đi theo",Fact-implied,Negative,"Người dùng ám chỉ rằng nguồn gốc xe vốn là Anh Quốc nhưng đã bị chuyển giao cho Trung Quốc, kéo theo thương hiệu mất đi bản sắc. Cách dùng từ 'nguồn ngốc' (có thể là lỗi chính tả hoặc chơi chữ 'ngốc' - ngu ngốc) mang hàm ý chê bai, cho rằng chất lượng và uy tín của xe bị giảm sút khi thuộc về Trung Quốc.",Negative
59,Nếu Tàu mua MG bao gồm các patent mà MG sở hữu thì yên tâm là chất của nó không giảm sút nhiều. Còn chỉ độc cái tên thì cũng chẳng biết thế nào.,Fact-implied,Negative,"Câu nói ngầm khẳng định chất lượng ban đầu của xe MG là tốt, vì nếu mua kèm patent thì chất lượng không giảm sút nhiều. Phần sau chỉ nói về rủi ro khi mua chỉ tên thương hiệu, không phải chê xe. Vì vậy, thái độ đối với xe là tích cực.",Positive
60,"Không chỉ Thái đâu, nó vào tốp 10 bên Úc rồi (đứng thứ 7,8 gì đó), top 10 ở India (hơn cả Honda,Nissan, Ford), UAE,Saudi Arabia, Chile.  Ở Úc nó có 2 bản Mg3 và ZS đứng No1 phân khúc luôn. ZS cũng đứng No1 ở Chile, Trong lúc người Việt đang mải mê chê người Trung Quốc thì họ chẳng quan tâm đến VN nói gì. Trong ngành ô tô, họ đã  chiếm thị phần lớn trong nước và quốc tế, mua lại các thương hiệu lớn như Volvo, MG,... Đồng thời cũng có nhiều công nghệ mới trong xe điện như Blade Batterry của BYD, Lidar giá rẻ của Xpeng. Hiện giờ họ chỉ miệt mài làm việc để có thể cạnh tranh với Mỹ, Âu, Nhật thôi.  Còn người Việt thì chỉ ngồi đó và chê người khác.",Fact-implied,Positive,"Người viết liệt kê hàng loạt thành tích quốc tế của xe Trung Quốc (đứng top 10 tại Úc, Ấn Độ, UAE, Saudi Arabia, Chile; MG3 và ZS đứng No1 phân khúc; mua lại thương hiệu lớn như Volvo, MG; có công nghệ pin Blade Battery, Lidar giá rẻ). Sau đó so sánh với thái độ của người Việt chỉ ngồi chê bai mà không nhìn nhận thực tế. Toàn bộ nội dung ngầm khẳng định xe Trung Quốc đang phát triển mạnh mẽ, có chất lượng và công nghệ vượt trội, đáng được công nhận.",Positive
61,"Vin mà họ dc phát triển trong môi trường công  nghệ của China, trình độ lao động cao như China thì cũng chưa biết tnao đâu cụ",Fact-implied,Positive,"Người nói bày tỏ sự hoài nghi về chất lượng của VinFast, cho rằng ngay cả khi được phát triển trong môi trường công nghệ tiên tiến và trình độ lao động cao như Trung Quốc thì vẫn chưa thể biết trước kết quả, ngầm ý chê bai sự không đáng tin cậy của xe.",Negative
62,Môi trường sống tạo nên tính cách ! Bố mẹ trí thức đẻ con rồi đem cho anh bán chuối nuôi thì tính cách sẽ là của anh bán chuối thôi !,Metaphorical,Negative,"Câu nói này không liên quan đến xe cộ hay trải nghiệm sử dụng xe, mà là một nhận xét về môi trường sống và tính cách con người. Do đó, không thể xác định được cảm xúc tích cực hay tiêu cực đối với xe.",Negative
63,Tàu chém nó cũng rất chi là Tàu,Ironic,Negative,"Dùng từ 'Tàu' (mang nghĩa tiêu cực, chỉ hàng Trung Quốc kém chất lượng) và 'chém' (chém giá, lừa đảo) để chê bai trực diện chất lượng xe rất kém, không đáng tin cậy",Negative
64,Cái map cứ đường lưỡi bò thì cái kết đã định sẵn từ đầu rồi các cụ,Fact-implied,Negative,"Câu nói sử dụng cụm từ 'đường lưỡi bò' (ám chỉ đường đi phức tạp, khó khăn) và 'cái kết đã định sẵn' để ngầm chỉ rằng chiếc xe sẽ gặp trục trặc hoặc thất bại khi di chuyển trên những cung đường khó, thể hiện sự thiếu tin tưởng vào khả năng vận hành của xe.",Negative
65,Đi cái xe tàu mất tư cách.,Metaphorical,Negative,"Dùng từ 'xe tàu' (xe rẻ tiền, chất lượng kém) và 'mất tư cách' (mất phẩm giá, không xứng đáng) để chê bai trực diện chiếc xe, cho rằng nó làm giảm giá trị bản thân người dùng.",Negative
66,"Thời em ra trường mà không có xe máy tầu thì chỉ có đạp xe đạp đi làm cụ ạ. Mẹ cái xe dim việt cũng phải hơn 2 chục củ, tiền đâu mà mua, không có xe tầu bọn honda, ya nó đẩy giá trên giời.",Fact-implied,Positive,"Người nói dùng từ ngữ thô tục ('Mẹ cái') và than phiền về giá xe dim việt quá cao (hơn 20 triệu), kèm theo câu hỏi tu từ 'tiền đâu mà mua' để thể hiện sự bất lực và chê bai chiếc xe bị định giá quá đắt, không phù hợp với túi tiền.",Negative
67,"Các Hãng xe Tàu muốn thành công ở thị trường VN thì phải bỏ cái đường lưỡi bò đi, tuyệt đối không để nó xuất hiện trên bản đồ. Chứ vẫn ""tham-sân-si"" cái vùng nước lịch sử hình lưỡi bò thì......à mà thôi....",Ironic,Negative,"Câu nói chỉ trích các hãng xe Trung Quốc vì vẫn giữ đường lưỡi bò trên bản đồ, cho rằng hành động này thể hiện sự 'tham-sân-si' và sẽ khiến họ thất bại tại thị trường Việt Nam. Mặc dù không trực tiếp chê xe, nhưng lời chỉ trích mạnh mẽ nhắm vào thái độ chính trị của hãng, ngầm khẳng định không nên mua xe từ các hãng này.",Negative
68,Động cơ tàu là cái mà làm cho người ta suy nghĩ cùng với cái lưỡi bò nũa mà ngóc lên thế nào được,Metaphorical,Negative,"Câu nói sử dụng hình ảnh 'động cơ tàu' và 'lưỡi bò' để chê bai sức mạnh động cơ yếu ớt, không đủ khả năng vượt dốc (ngóc lên). Từ 'tàu' mang nghĩa tiêu cực, chỉ sự chậm chạp, kém cỏi, kết hợp với 'lưỡi bò' (mềm yếu) càng nhấn mạnh sự bất lực của xe khi leo dốc.",Negative
69,"Xe MG bây giờ có tiếng trên toàn cầu rồi. Trên nhiều nước, MG đã vượt lên top 10, qua mặt nhiều hãng của Nhật, Hàn. Thị trường VN thì bé, chắc họ chưa quan tâm nhiều lắm. Cụ nào thích thì cứ mua, cụ nào ăn chắc thì thôi.",Fact-implied,Positive,"Người viết khẳng định MG đã có tiếng tăm toàn cầu, vượt qua các hãng Nhật, Hàn ở nhiều nước, nhưng lại cho rằng thị trường Việt Nam nhỏ nên hãng chưa quan tâm. Câu cuối 'Cụ nào thích thì cứ mua, cụ nào ăn chắc thì thôi' mang hàm ý mỉa mai, ngầm khuyên người khác nên 'ăn chắc' (tránh mua) vì xe MG chưa đáng tin cậy tại Việt Nam. Tổng thể, lời khen MG toàn cầu chỉ là bề ngoài, thực chất là chê bai sự hiện diện và chất lượng của MG tại thị trường Việt Nam.",Negative
70,MG cứ giảm nửa giá nữa đi thì mới bán chạy,Fact-implied,Negative,"Dùng câu điều kiện 'giảm nửa giá nữa' để chê bai giá trị thực của xe MG quá thấp, không xứng đáng với mức giá hiện tại, ngầm ý rằng xe đang bị định giá quá cao so với chất lượng.",Negative
71,Xe Tàu thì đấu đá cái gì?,Rhetorical-question,Negative,"Câu nói 'Xe Tàu thì đấu đá cái gì?' mang hàm ý coi thường, cho rằng xe Trung Quốc không đáng để cạnh tranh hoặc so sánh, ngầm thể hiện chất lượng kém, không xứng tầm.",Negative
72,"Màn hình mà bị lỗi, hỏng thì còn mệt nữa Nghĩ tới cảnh giữa mùa hè ko bật được điều hòa thì ối giời ơi Nhưng con MG này em vẫn thấy có nút vật lý ở dưới màn hình mà",Fact-implied,Positive,"Người nói đưa ra tình huống giả định màn hình bị lỗi sẽ gây phiền toái (không bật được điều hòa), nhưng ngay sau đó khẳng định xe MG có nút vật lý dưới màn hình, ngầm khen ngợi thiết kế an toàn và tiện lợi, giúp tránh rủi ro khi màn hình hỏng.",Positive
73,"MG vẫn bán dc, rồi các cụ xem. Nó chả khác gì Jaguar land rover của Tata cả! Thương hiệu cũ nó là cái gì đó rất khó tả.",Fact-implied,Positive,"Người nói so sánh MG với Jaguar Land Rover sau khi được Tata mua lại, cho thấy MG dù là thương hiệu cũ nhưng vẫn bán được nhờ tập đoàn mới. Câu cuối 'Thương hiệu cũ nó là cái gì đó rất khó tả' có thể hiểu là sự bí ẩn, khó lý giải nhưng vẫn có sức hút. Tổng thể, người nói nhận định tích cực về khả năng bán hàng và sự thành công của MG.",Positive
74,vẫn còn cái mác xe tàu thì 550 triệu cũng vẫn ế,Fact-implied,Negative,"Dùng từ 'xe tàu' mang nghĩa miệt thị để chỉ chiếc xe, thể hiện định kiến tiêu cực về chất lượng. Câu nói nhấn mạnh rằng dù giá chỉ 550 triệu cũng không bán được, ngầm chê bai thương hiệu và sức hút của xe.",Negative
75,"Xe tầu ở VN chắc chỉ mấy con xe điện VF là đc ưu ái, chứ dân mình nghe mác tàu là đã gờn gợn rồi.",Ironic,Negative,"Người viết so sánh xe điện VF (VinFast) được ưu ái hơn xe Trung Quốc, đồng thời dùng từ 'gờn gợn' để diễn tả tâm lý e ngại, không tin tưởng của người Việt đối với xe Trung Quốc. Đây là lời chê bai ngầm về chất lượng và uy tín của xe Trung Quốc.",Negative
76,tên RX... nghe như lexus ấy nhỉ. Nhưng gì thì anh tàu này cũng tèo như mẫu sedan đấy giá tụt đến gót mà có đấu đc M3 đâu.,Fact-implied,Negative,"Câu nói mở đầu bằng cách so sánh tên xe với Lexus (dòng cao cấp), nhưng sau đó chê bai trực diện: gọi nhà sản xuất là 'anh tàu' với thái độ coi thường, đồng thời chê giá xe tụt thảm hại ('tụt đến gót') và không thể cạnh tranh với M3 của BMW. Toàn bộ thông điệp ngầm phê phán chất lượng, giá trị sử dụng và hiệu năng của xe.",Negative
77,"Eo ôi, ngày xưa em giấc mơ pê đê đắt ngang mảnh đất phố đấy ạ",Fact-implied,Negative,"The phrase 'đắt ngang mảnh đất phố' (as expensive as a city plot) emphasizes the car's exorbitant price, and the exclamation 'Eo ôi' conveys dismay or regret, implying that the car is unaffordable and overpriced.",Negative
78,650 mà bản full phè phè thì may ra có cơ ạ,Fact-implied,Negative,"Câu nói cho thấy người viết cho rằng mức giá 650 triệu cho chiếc xe là quá cao, chỉ khi xe đầy đủ option (bản full phè phè) thì mới có thể chấp nhận được. Cách dùng 'may ra có cơ' thể hiện sự e dè, không tin tưởng vào giá trị của xe, ngầm chê bai xe bị đắt so với những gì nó mang lại.",Negative
79,"Có lần e xem video trên reddit có quả mustang thì phải, chạy lùi với xe có cam, “nháy mắt” cái rồi quay mông phóng mất",Metaphorical,Positive,"Mô tả hành động 'nháy mắt' và 'quay mông phóng mất' của xe Mustang trong video thể hiện sự nhanh nhẹn, linh hoạt và mạnh mẽ, ngầm khen ngợi khả năng vận hành ấn tượng của xe.",Positive
80,"Vãi, ngang CX5 luôn à?? tưởng 650 còn có cửa",Rhetorical-question,Negative,"Người nói dùng từ 'Vãi' thể hiện sự ngỡ ngàng, kết hợp câu hỏi 'ngang CX5 luôn à??' mang tính mỉa mai, cho rằng chiếc xe không xứng tầm với Mazda CX5. Câu 'tưởng 650 còn có cửa' ngầm ý rằng với mức giá 650 triệu, người nói từng nghĩ mình có cơ hội sở hữu hoặc cạnh tranh, nhưng thực tế xe bị đánh giá quá cao so với giá trị, gây thất vọng.",Negative
81,"MG em thấy ruột công nghệ tàu cả, còn jaguar land rover vẫn là công nghệ của hãng, chỉ chủ là tàu.",Fact-implied,Negative,"Người dùng so sánh MG với Jaguar Land Rover: MG bị coi là nội bộ toàn công nghệ Trung Quốc (ruột công nghệ tàu cả), trong khi Jaguar Land Rover vẫn giữ công nghệ gốc dù chủ sở hữu là Trung Quốc. Lời nói mang hàm ý MG không có công nghệ riêng, chỉ là hàng 'tàu' kém chất lượng, thể hiện thái độ chê bai rõ rệt.",Negative
82,"Ở VN được cái sỹ diện, gắn mác xe tàu mấy em hot girl không bao giờ ngồi đâu",Ironic,Negative,"Câu nói sử dụng từ 'sỹ diện' để chỉ trích thói chuộng hàng ngoại, đồng thời khẳng định xe Trung Quốc (xe tàu) không được các hot girl ưa chuộng, ngầm chê bai chất lượng và giá trị thương hiệu của xe",Negative
83,Khiếp thế.đâm phát là các bộ phận rồi máy đi chu du khắp nơi luôn.Không biết khung gầm làm bằng gì nữa...,Metaphorical,Negative,"Người nói dùng từ 'Khiếp thế' thể hiện sự kinh hoàng, sau đó mô tả hậu quả khi va chạm: các bộ phận văng ra, máy bay đi khắp nơi, và nghi ngờ chất lượng khung gầm. Đây là lời chê bai trực tiếp về độ an toàn và độ bền của xe, ngụ ý xe rất kém chất lượng.",Negative
84,"Thôi xin cụ, xe Tầu chưa bao giờ có cửa ở Ta, nói gì đến đấu này đấu nọ.",Metaphorical,Negative,"Người nói dùng từ 'thôi xin cụ' mang tính bác bỏ, kết hợp với 'xe Tầu chưa bao giờ có cửa ở Ta' để khẳng định xe Trung Quốc không có chỗ đứng tại thị trường Việt Nam, và 'nói gì đến đấu này đấu nọ' nhằm phủ nhận hoàn toàn khả năng cạnh tranh của chúng. Toàn bộ câu thể hiện thái độ coi thường, chê bai xe Trung Quốc.",Negative
85,"Chỉ có xe đạp và đạp điện là nhiều xe tau thôi, đến xe máy còn hiếm huống chi Oto.",Fact-implied,Negative,"Người nói so sánh chiếc xe ô tô với xe đạp và xe máy, ngụ ý rằng xe ô tô rất hiếm và đắt đỏ, không phổ biến. Câu nói mang tính chê bai về sự khan hiếm và khó tiếp cận của xe ô tô, thể hiện thái độ tiêu cực.",Negative
86,MG chắc cạnh tranh được về giá,Ironic,Negative,"Câu văn này nhấn mạnh mức giá cạnh tranh của MG, ngụ ý rằng thương hiệu này mang lại giá trị tốt so với số tiền bỏ ra, đây là một đặc điểm tích cực.
",Positive
87,"Mazda CX5 có lẽ đã thiết lập lại mặt bằng cho ô tô phổ thông ở VN. Cùng phân khúc cao hơn ko có cửa đấu lại rồi, phân khúc thấp hơn hoặc dòng sedan phổ thông cũng ngắc.",Fact-implied,Positive,"Câu nói khẳng định Mazda CX5 đã tạo ra một chuẩn mực mới cho xe phổ thông tại Việt Nam, đồng thời nhấn mạnh sự vượt trội đến mức các xe cùng phân khúc cao hơn không thể cạnh tranh, còn phân khúc thấp hơn hoặc sedan phổ thông cũng gặp khó khăn. Điều này ngầm ca ngợi sức mạnh cạnh tranh và giá trị vượt trội của xe.",Positive
88,"Xe Nhật, Hàn đang và sẽ  rẻ hều thế sao phải đi mua xe Tàu. Có tiền mua mới ko thì cũ mà múc.",Rhetorical-question,Negative,"Người nói khẳng định xe Nhật, Hàn giá rẻ nên không cần mua xe Trung Quốc, ngầm ý xe Trung Quốc kém chất lượng hoặc không đáng mua. Câu sau còn đề xuất mua xe cũ Nhật, Hàn thay vì xe Trung Quốc, thể hiện thái độ tiêu cực rõ ràng.",Negative
89,Xe tàu mà rẻ hơn có 100tr thì ai mua,Rhetorical-question,Negative,"Sử dụng từ 'xe tàu' (xe chất lượng kém) và câu hỏi tu từ 'ai mua' để ngầm chỉ trích rằng chiếc xe dù rẻ hơn 100 triệu vẫn không đáng mua vì chất lượng quá tệ, thể hiện thái độ tiêu cực rõ ràng.",Negative
90,Giờ các cụ các mợ cứ phải là màn hình thật to mới là oách ! Trên VFe34 rồi VF8 em nhìn đã thấy khủng lắm rồi mà con này màn hình còn to hơn  . Công nhận thời nay mốt xe là cứ chơi cái màn to tổ chảng vào táp lô dân mới thích thì phải . Ko mấy người quan tâm đến mục đích chính của cái xe để làm gì .,Ironic,Negative,"Người nói mỉa mai về xu hướng xe hơi ngày nay chạy theo màn hình to, bỏ qua mục đích chính của xe. Thể hiện sự không hài lòng với việc người tiêu dùng chỉ quan tâm đến hình thức mà không quan tâm đến công năng thực tế của xe.",Negative
91,"Cái này thì A V đã nói rõ rồi, bơm đến khi a ấy hết tiền, còn mua xe thì quan tâm cái xe chứ quan tâm cổ cánh làm gì cho mệt, mới đây thôi thì mua xe kèm lạc ầm ầm giờ VF3 thì các cụ được giao sớm thì bán lạc cho a khác máu hơn, đúng là thị trường cái nào cũng có thể xảy ra",Fact-implied,Positive,"Đoạn bình luận sử dụng giọng điệu mỉa mai, so sánh việc bơm tiền không giới hạn với việc mua xe, đồng thời ám chỉ tình trạng 'lạc' (lỗ) khi mua xe trước đó và việc bán lạc cho người khác. Cụm 'đúng là thị trường cái nào cũng có thể xảy ra' ngầm phê phán sự bất ổn, rủi ro tài chính khi mua xe, đặc biệt là VF3, thể hiện thái độ tiêu cực về giá trị và tính ổn định của sản phẩm.",Negative
92,Thấy đài báo đưa tin là anh mình chuyển sang xây nhà máy ở Indo với Ấn độ rồi mà ! Mà chả cần xây thêm thì nhà máy Cát Hải chạy cỡ 50% công suất giai đoạn 1 (125k chiếc/năm) đã thoải mái bán toàn cầu rồi !,Fact-implied,Negative,"Người nói tự hào về năng lực sản xuất của nhà máy Cát Hải khi chỉ chạy 50% công suất đã đủ bán toàn cầu, đồng thời nhấn mạnh việc mở rộng ra thị trường quốc tế. Đây là thông tin tích cực về sự phát triển và tiềm năng của hãng xe.",Positive
93,"Xe nào mới ra của anh ấy chả hót hòn họt hả cụ, Toàn chục với trăm nghìn đơn, quy mô cuốc tế luôn nhé.",Ironic,Negative,"Câu nói sử dụng cấu trúc câu hỏi tu từ 'chả hót hòn họt' để khẳng định mức độ nổi tiếng và thành công của các mẫu xe mới. Kết hợp với 'chục với trăm nghìn đơn' và 'quy mô cuốc tế' để nhấn mạnh số lượng đơn hàng khổng lồ và tầm vóc quốc tế, ngầm thể hiện sự ngưỡng mộ và khen ngợi.",Positive
94,"Cái này tôi đồng ý với ông. Sống trên đất nước có chế độ và nền tư pháp tuyệt vời ông mặt trời như này thì làm gì có chuyện trái pháp luật. Ko nên lôi 2 thằng quái vật kia vào so sánh làm gì. đơn giản mấy thằng ấy ko có tuổi gì so với vinfet nhà mình, nhất là so về giá cổ cánh lúc mở bán. Thân.",Ironic,Negative,"Người nói sử dụng giọng điệu mỉa mai, châm biếm khi khen ngợi 'chế độ và nền tư pháp tuyệt vời ông mặt trời' – đây là cách nói ngược để chỉ trích. Sau đó, họ khuyên không nên so sánh VinFast với 'hai thằng quái vật' (ám chỉ các đối thủ cạnh tranh) vì cho rằng chúng 'không có tuổi' so với VinFast, đặc biệt về giá cổ phiếu lúc mở bán. Thực chất, lời nói này ngầm chê bai VinFast bị thổi giá quá cao, dựa trên những yếu tố phi thực tế, và thể hiện thái độ coi thường sự so sánh đó. Toàn bộ câu mang tính châm biếm, tiêu cực đối với xe.",Negative
95,"chắc phải làm ăn thế nào mới nhìn anti thế chứ, ko có lửa sao có khói , do ăn ở thế nào",Metaphorical,Negative,"Câu nói sử dụng thành ngữ 'không có lửa sao có khói' để ngụ ý rằng những lời chỉ trích (anti) về chiếc xe là có căn cứ, do cách làm ăn hoặc chất lượng xe có vấn đề. Từ đó thể hiện thái độ tiêu cực, cho rằng xe đáng bị chê.",Negative
96,"ôi ko, bán qua Mỹ ko bán được thì giá nó mới rẻ, chứ chỉ phục vụ thị trường nội địa rồi lại kể một câu chuyện hay, kêu gọi yêu nước xây dựng uy tín rồi áp đặt mức giá cao lên dân mình à",Ironic,Negative,"Người dùng dùng giọng điệu mỉa mai, châm biếm khi nói về chiến lược giá của hãng xe: 'kể một câu chuyện hay, kêu gọi yêu nước xây dựng uy tín' để che đậy việc 'áp đặt mức giá cao lên dân mình'. Câu nói ngầm chỉ trích hãng xe lợi dụng lòng yêu nước để bán giá đắt, không công bằng với người tiêu dùng trong nước.",Negative
97,Đi rồi mà vẫn còn vớt vát mấy câu vf3,Ironic,Negative,"Câu nói sử dụng từ 'vớt vát' mang hàm ý tiêu cực, chỉ việc cố gắng biện minh hoặc khen ngợi một cách gượng ép cho chiếc xe VF3 sau khi đã trải nghiệm thực tế. Điều này ngầm thể hiện sự thất vọng hoặc không hài lòng về chất lượng xe, cho rằng những lời khen chỉ là cố gắng che đậy khuyết điểm.",Negative
98,Cũng đúng còn anti là còn fan,Fact-implied,Positive,"Câu nói này mang tính triết lý về sự đối lập trong quan điểm: có người ghét thì mới có người yêu. Trong bối cảnh đánh giá xe, nó ngầm khẳng định rằng việc có nhiều ý kiến trái chiều (anti) chứng tỏ xe có sức hút và lượng fan đông đảo, từ đó thể hiện sự tích cực về độ nổi tiếng và chất lượng của xe.",Positive
99,Có thằng làm trạm sạc cho BYD sạc ké thì Vìn chỉ có chạy Taxi chứ ko lại dc đâu . Sẽ đến lúc A Vượng được công nhận làm dc xe thì a ý sẽ dừng vì lỗ hoặc lãi quá ít . Mục đích của a ý cũng để khẳng định bản thân thôi .,Fact-implied,Negative,"Người nói chê bai VinFast khi cho rằng chỉ có thể cạnh tranh nhờ sạc ké, và dự đoán hãng sẽ thất bại vì lỗ hoặc lãi ít, mục đích chỉ là khẳng định bản thân. Cả câu mang hàm ý tiêu cực, hoài nghi về khả năng thành công của VinFast.",Negative
100,"Cạnh tranh ở thị trường tự do như Mỹ khó lắm. Bên đó đầy hãng xe điện. Lỗ biết bao nhiêu tỉ rồi. Thôi về ao làng mà câu, ít cá nhưng toàn cá con, ko có cá mập.",Metaphorical,Positive,"Người nói so sánh thị trường Mỹ với 'ao làng', ngầm chỉ thị trường Việt Nam nhỏ bé, kém cạnh tranh. Việc nói 'lỗ biết bao nhiêu tỉ' và 'về ao làng mà câu' thể hiện sự chê bai, cho rằng xe điện chỉ có thể tồn tại ở thị trường nhỏ, không đủ sức cạnh tranh quốc tế. Đây là lời chê bai gián tiếp về năng lực cạnh tranh yếu kém của xe điện.",Negative
101,Vừa rồi Vinfast mở cửa nhà máy. Một dây chuyền sản xuất nhiều kiểu xe của Vinfast là có thật. Và Vinfast là 1 trong số rất ít nhà máy ô tô trên thế giới có được dây chuyền như vậy. Vì họ đầu tư đồng bộ công nghệ mới nhất. Cụ tài thật nhỉ?,Fact-implied,Positive,"Lời bình ca ngợi năng lực sản xuất hiện đại của Vinfast, nhấn mạnh dây chuyền sản xuất đa dạng mẫu mã và công nghệ tiên tiến, kết thúc bằng câu hỏi tu từ thể hiện sự thán phục 'Cụ tài thật nhỉ?'",Positive
102,Ngon nhưng lỗ nặng. Marketing vậy đủ rồi,Ironic,Negative,"Câu nói 'Ngon nhưng lỗ nặng' cho thấy xe có chất lượng tốt (ngon) nhưng bị lỗ nặng về giá trị, có thể do giá bán lại thấp hoặc chi phí sở hữu cao. 'Marketing vậy đủ rồi' ngụ ý rằng hãng đã quá lạm dụng quảng cáo, không tương xứng với thực tế. Tổng thể, câu này mang ý chê bai về giá trị và chiến lược marketing, dù có thừa nhận chất lượng.",Negative
103,Các cụ tranh luận mà kiến thức uyên thâm quá! Em hóng thôi chứ ko có tiền mua xe điện hay xe vin phét!,Metaphorical,Negative,"Người dùng khen kiến thức của người tranh luận nhưng tự nhận không có tiền mua xe điện hay VinFast, đồng thời dùng từ 'vin phét' (phét = nói dối) để chê bai xe VinFast một cách mỉa mai, ngầm thể hiện thái độ tiêu cực với dòng xe này.",Negative
104,con bắc kinh X7 nó cũng đầy hàng hiệu đấy. Chắc nó cũng ko phải xe tào. Tào theo kiểu làm đc mỗi cái lô gô dán vào thì là xe Việt. Quá đỉnh,Ironic,Negative,"Người nói ban đầu thừa nhận rằng Beijing X7 có nhiều linh kiện thương hiệu và không phải là một chiếc xe tồi, nhưng sau đó sử dụng giọng điệu mỉa mai bằng cách ngụ ý rằng chỉ cần gắn một cái logo lên là biến nó thành xe Việt Nam (vốn bị xem là chất lượng thấp). Câu cuối ""Quá đỉnh"" mang tính châm biếm, nhằm chế giễu chất lượng của chiếc xe và ý tưởng sản xuất ô tô tại Việt Nam. Nhìn chung, thái độ ngầm ẩn là tiêu cực.
",Negative
105,E rằng còn lẩu còn lâu Pin còn chưa biết độ trâu thế nào Xe dù đã được bàn giao Khách đang thử nghiệm nháo nhào chưa xong Sạch xanh nghe cũng nức lòng Sợ 3 năm lại tiễn vong thêm lần...kkk,Ironic,Negative,"Bài thơ sử dụng giọng điệu mỉa mai và lo ngại về độ bền của pin xe điện. Các cụm từ 'còn lẩu còn lâu', 'chưa biết độ trâu thế nào' thể hiện sự hoài nghi, 'sợ 3 năm lại tiễn vong thêm lần' ngầm chỉ ra nỗi lo xe sẽ hỏng hóc nhanh chóng, kèm tiếng cười 'kkk' chế giễu. Tổng thể, người viết không tin tưởng vào chất lượng và tuổi thọ của xe.",Negative
106,"Kkk...sau 1 hồi cụ phán như đúng rồi , nào là R&D nào là công nghệ Mỹ... bla bla , cuối cùng vẫn lại câu : Có Thể có thị phần bên Tàu thôi à cụ ?",Ironic,Negative,"Người viết sử dụng giọng điệu mỉa mai và chế giễu khi nhắc lại những lời quảng cáo về R&D và công nghệ Mỹ, kết thúc bằng câu hỏi 'có thể có thị phần bên Tàu thôi à' – ngầm ý cho rằng chiếc xe chỉ có thể bán được ở Trung Quốc (thường gắn với hàm ý chất lượng thấp, không cạnh tranh được ở thị trường khác). Từ 'bla bla' và 'phán như đúng rồi' thể hiện thái độ coi thường, không tin tưởng vào những tuyên bố về sản phẩm.",Negative
107,"Cụ cò không tiến ...kiêng khem Đừng hô hào giục anh em xuống tiền Toàn là : chắc sẽ ...lên tiên Bây giờ khách vẫn đảo điên test giùm PR quảng cáo ...bèng rum Hiện thời khách cổ đeo cùm thuê pin Cục pin chẳng khác khối mìn Bảo hiểm không có , cụ tin không nào ? Chắc là , chắc sẽ ...không sao Tinh thần mãnh liệt cứ ào ào ...mua ...kkk",Ironic,Negative,"Bài thơ chế nhạo chiếc xe điện với các vấn đề: pin thuê như 'đeo cùm', pin nguy hiểm như 'khối mìn', không bảo hiểm, và những lời hứa hẹn viển vông ('chắc sẽ lên tiên'). Tác giả khuyên không nên mua và chế giễu những người vẫn mua vì 'tinh thần mãnh liệt'. Toàn bộ giọng điệu mỉa mai, chỉ trích gay gắt.",Negative
108,"Chắc cũng còn phải nhập khẩu nhiều thứ nhưng chắc chắn là phần thân vỏ Lux A, SA, Fadil đều đang được dập ở Cát Hải đấy cụ ợ !",Fact-implied,Positive,"Người nói thừa nhận vẫn còn nhập khẩu nhiều linh kiện, nhưng nhấn mạnh rằng phần thân vỏ của các dòng xe Lux A, SA, Fadil được dập tại Cát Hải (Việt Nam). Điều này thể hiện sự tự hào về nội địa hóa, gợi ý chất lượng và lợi ích kinh tế địa phương, mang hàm ý tích cực về xe.",Positive
109,"Bây giờ vở đã sang trang Chuyển sang xe điện, làm hàng sạch/ xanh Không còn xăng nhớt hôi tanh Chờ xem thắng lợi lưu danh toàn cầu",Ironic,Positive,"Bài thơ ca ngợi việc chuyển sang xe điện với hình ảnh 'vở sang trang', 'hàng sạch/xanh', 'không còn xăng nhớt hôi tanh' và kỳ vọng 'thắng lợi lưu danh toàn cầu', thể hiện thái độ ủng hộ và lạc quan về tương lai sạch sẽ, văn minh.",Positive
110,"Cứ mua đừng có phân vân Người ta chắc sẽ tính phần bền lâu Pin thì chắc sẽ rất trâu Bảo hành bảo dưỡng đi lâu ngại gì Bà con hãy cứ mua đi Em ""cò không tiến"" thôi thì ... đứng xem kkk",Ironic,Negative,"Bài thơ chế với giọng điệu hài hước, khuyến khích mua xe với các lý do: pin bền (rất trâu), bảo hành bảo dưỡng tốt, không phải lo lắng. Câu cuối 'Em cò không tiến thôi thì đứng xem' là cách nói vui, ngầm khẳng định xe tốt đến mức người bán hàng (cò) không cần phải 'tiến' (chèo kéo) vì ai cũng muốn mua. Toàn bộ nội dung thể hiện sự hài lòng và tin tưởng vào chất lượng xe.",Positive
111,"Phải phục đội nhà Vanh, nói sai nhiều thành đúng, vẫn nhiều cụ có niềm tin mãnh liệt là xe động cơ bê em đúp Đức sản xuất lắm, đi cái xe cứ sướng rần rần",Ironic,Negative,"Câu nói mang tính mỉa mai về đội ngũ tiếp thị (đội nhà Vanh) thường xuyên nói sai sự thật về động cơ BMW Đức, nhưng nhiều người vẫn tin tưởng và cảm thấy phấn khích khi lái. Tuy nhiên, giọng điệu châm biếm cho thấy sự hoài nghi và đánh giá thấp chất lượng thực sự của xe, ngầm ý rằng xe không xứng đáng với niềm tin đó.",Negative
112,"Xe điện thì tháng 7 bàn giao được 62 chiếc mà ngồi đây khua môi múa mép không biết ngượng . Tên tuổi lớn đang chưa thể cấu trúc ngay mà doanh số 1 ngày đang hơn cả ông nói phét cả mấy tháng , không đỡ được",Ironic,Negative,"Người nói chê bai doanh số bàn giao xe điện quá thấp (62 chiếc/tháng 7), đồng thời mỉa mai những người quảng bá xe điện 'khua môi múa mép' khi so sánh với doanh số một ngày của các thương hiệu lớn, ngầm khẳng định xe điện không cạnh tranh được và việc khoe khoang là vô lý.",Negative
113,Mart … bán Tivi … bứt Điện thoại … bẹp Đốt trong … bỏ …,Fact-implied,Negative,"Câu nói sử dụng ngôn ngữ chế giễu, bóp méo tên gọi các hãng xe (Mercedes, BMW, Toyota) thành những từ ngữ hài hước, tiêu cực ('Mart' thay vì Mercedes, 'bứt' thay vì BMW, 'bẹp Đốt trong' thay vì Toyota). Hành động 'bỏ' ở cuối thể hiện thái độ coi thường, chê bai các thương hiệu xe này, cho rằng chúng không đáng giá hoặc chỉ là đồ bỏ đi.",Negative
114,chính sách cố định giá trọn đời hẳn hoi tăng gì mà tăng. chờ người mua xe kiện xong rồi tăng,Ironic,Negative,"Câu nói mỉa mai chính sách 'cố định giá trọn đời' nhưng thực chất sẽ tăng giá sau khi người mua kiện tụng xong, ngầm chỉ trích sự thiếu trung thực và lừa dối khách hàng.",Negative
115,"Em nhà nghèo k ham hố mấy đồ này, mua con xe đắng đo lắm chứ k phải như mua đồ chơi cho con, 2-3 hôm nó k làm nữa mua món khác, mặc dầu yêu nc nhưng để mua đồ cùa Vin thì không thể không suy nghĩ, nhìn mấy cái đt, tivi, vaccine covid, gần đây xe chạy xăng nữa…không đùa được đâu.",Fact-implied,Negative,"Người dùng dùng lối nói mỉa mai, tự hạ thấp bản thân ('nhà nghèo') và so sánh việc mua xe VinFast với những sản phẩm trước đây của VinGroup (điện thoại, tivi, vaccine) vốn gây thất vọng, để ngầm chỉ trích chất lượng xe không đáng tin cậy. Câu kết 'không đùa được đâu' nhấn mạnh sự nghiêm trọng của vấn đề, thể hiện thái độ hoài nghi và tiêu cực.",Negative
116,"Muốn nhận xe sớm thì cứ làm vài ba cái video xàm xàm up lên mạng, xong ra showroom đặt xe, nhận mình là reviewer có kênh diu túp, tích tốc các kiểu nha các bác Tuần sau là có xe liền Đằng sau ông quay phim có sẵn mấy chú Pờ Lít thì thằng nào dám chê",Ironic,Negative,"Câu nói này mỉa mai việc nhận xe sớm không dựa trên chất lượng hay giá trị thực của xe, mà dựa vào việc làm video nhảm nhí, tự nhận là reviewer, và có sự hậu thuẫn của 'Pờ Lít' (có thể là PR hoặc người nổi tiếng) để tránh bị chê. Điều này ngầm chỉ trích chiến lược bán hàng và chất lượng xe không đáng tin cậy, khiến người mua phải dùng chiêu trò để được ưu tiên.",Negative
117,Ai chê cứ chê. Từ 1/5 giá cà rốt lại tăng 16 trẹo. Bà con bớt mua con này chứ giờ ra đường nhiều cứ như lợn con.,Ironic,Positive,"Câu nói mở đầu thách thức 'Ai chê cứ chê' nhưng ngay sau đó phàn nàn về việc giá xe tăng 16 triệu và kêu gọi mọi người bớt mua, đồng thời so sánh xe trên đường nhiều 'như lợn con' với hàm ý tiêu cực về sự phổ biến quá mức và mất đi giá trị riêng. Tổng thể thể hiện thái độ không hài lòng, chê bai chiếc xe.",Negative
118,"ở tỉnh xe về chậm hơn phải ko cụ, trọng hội cross thấy mấy bác ở hn với đà nẵng nhận xe đăng ảnh khoe rầm rầm, e ở tỉnh sale báo từ giờ đến cuối tháng ko biết ngày nào @@",Fact-implied,Negative,"Người dùng than phiền về việc nhận xe chậm hơn ở tỉnh so với thành phố lớn, thể hiện sự bất mãn và sốt ruột khi thấy người khác đã nhận xe và khoe ảnh, trong khi bản thân không biết chính xác ngày giao. Cảm xúc tiêu cực rõ ràng.",Negative
119,Safety Sense nó làm cho loa của cụ...bất lực đó,Ironic,Negative,"Câu nói chỉ trích rằng hệ thống Safety Sense khiến cho loa của xe trở nên 'bất lực' (yếu hoặc không hoạt động tốt), hàm ý sự bất tiện và giảm trải nghiệm âm thanh do can thiệp của hệ thống an toàn.",Negative
120,mấy xe đời mới nâng cấp mấy chức năng mà ít sài tới ở điều kiện giao thông VN mà phải móc tiền trả thêm cũng tiếc phải không các cụ,Rhetorical-question,Negative,"Người viết cho rằng các chức năng nâng cấp trên xe đời mới không phù hợp với điều kiện giao thông Việt Nam, ít khi sử dụng đến, và việc phải trả thêm tiền cho những tính năng này là lãng phí, đáng tiếc. Đây là lời chê bai trực diện về giá trị không tương xứng của xe.",Negative
121,"hơi nhiều nhựa cụ nhỉ, e 26/10 này nhận xe mà vẫn thấy hơi nhựa",Fact-implied,Negative,"Người nói phàn nàn về việc xe có quá nhiều nhựa, dù sắp nhận xe (26/10) nhưng vẫn cảm thấy chất liệu nhựa nhiều, ngầm chê bai chất lượng nội thất kém, không sang trọng.",Negative
122,Chắc cách âm tốt nên ko cần loa to đấy cụ,Ironic,Negative,"Câu nói ngầm khen ngợi khả năng cách âm của xe tốt đến mức không cần bật loa to vẫn nghe rõ, thể hiện sự hài lòng về tính năng này.",Positive
123,Cụ nào chán cross thì ới cháu. Cháu mua cho bà xã,Fact-implied,Positive,"Câu nói 'Cụ nào chán cross thì ới cháu. Cháu mua cho bà xã' thể hiện người nói sẵn sàng mua lại chiếc xe cross cho vợ mình từ những người đã chán xe. Việc chủ động đề nghị mua lại cho thấy người nói đánh giá chiếc xe có giá trị sử dụng tốt, phù hợp với nhu cầu gia đình, dù người chủ cũ đã cảm thấy nhàm chán. Đây là một lời khen ngầm về tính hữu dụng và độ tin cậy của xe.",Positive
124,Vậy là dùng máy công nghệ lạc hậu chằng thêm viên pin 100 triệu “khó có vấn đề trong 5 năm đâu” vào để bán à máy cũ à? các xe hybrid khác không biết có thế không: camry hybrid hay lexus hybrid ý?,Rhetorical-question,Negative,"Người dùng dùng từ 'lạc hậu' và 'máy cũ' để chê bai công nghệ động cơ, đồng thời mỉa mai việc thêm pin hybrid với giá 100 triệu nhưng chỉ hứa hẹn 'khó có vấn đề trong 5 năm' - một lời hứa mơ hồ, thiếu tin cậy. Câu hỏi so sánh với Camry/Lexus hybrid càng làm nổi bật sự thua kém của xe này. Toàn bộ giọng điệu mang tính châm biếm, chỉ trích chiến lược bán hàng và chất lượng sản phẩm.",Negative
125,Fiesta cũ bán chắc 250 kịch 300 .rush 630 chưa biển . hơn gấp đôi mà gần đủ,Fact-implied,Negative,"So sánh giá xe Fiesta cũ (250-300 triệu) với Rush mới (630 triệu chưa biển), nhấn mạnh mức chênh lệch hơn gấp đôi nhưng chỉ 'gần đủ' - ngầm chê Rush đắt mà không xứng đáng với số tiền bỏ ra.",Negative
126,"Chân ga a khéo quá có 5,5lit/100km",Fact-implied,Positive,"Lời khen 'chân ga khéo' kết hợp với mức tiêu hao 'chỉ 5,5 lít/100km' ngầm thể hiện sự hài lòng về khả năng tiết kiệm nhiên liệu của xe.",Positive
127,Bản TRD đó đang được giảm 165tr đấy ạ. Còn hơn 1 tỷ à. a mua 1 chiếc về lấy bộ tem zin xịn dán cho Rush nhé,Ironic,Negative,"Câu nói dùng lời gợi ý mua xe chỉ để lấy tem dán cho xe rẻ hơn (Rush) nhằm chế giễu mức giá của bản TRD ngay cả sau khi giảm giá, ngầm khẳng định sản phẩm bị định giá quá cao, không đáng mua.",Negative
128,"XL7 là nâng cấp của Ertiga nên tốn tiền hơn kakaka, do đó khác gì Rush đâu Thế kỉ 21 từ đời nào zồi mà các cụ còn khen cái xe với 2 túi khí nhỉ Em tháo trần xe, cột A-B và ghế xe Rush ra thì thấy nó có cả túi khí ở trong luôn, đánh giá là xe Toyota đã vượt lên tầm cao mới hoàn toàn khác.",Ironic,Negative,"Người dùng so sánh XL7 với Ertiga và Rush, chê bai XL7 chỉ là nâng cấp đắt tiền, không khác gì Rush. Sau đó mỉa mai việc khen xe chỉ có 2 túi khí là lạc hậu ('Thế kỉ 21 từ đời nào zồi'). Cuối cùng, khen ngầm Rush có túi khí ẩn trong cột A-B và ghế, cho rằng Toyota đã vượt lên tầm cao mới. Tổng thể, người dùng chê XL7 và khen Rush, nhưng câu hỏi tập trung vào XL7 nên sentiment chính là Negative.",Negative
129,"Đặc điểm của xe có thiết kế body on frame đấy cụ. Lại thêm cái hệ thống treo thiết kế có hơi hướng off road, cộng với gầm cao nữa, thì đi tròng trành là phải. Thế nhưng nó lại chỉ có 1 cầu Kể ra nó mà 2 cầu thì lại là một xe off road nhẹ rất hay.",Fact-implied,Negative,"Bình luận nêu ra các đặc điểm tốt cho off-road (body on frame, treo off-road, gầm cao) nhưng ngay sau đó chỉ ra nhược điểm: xe chỉ có 1 cầu, dẫn đến vận hành tròng trành. Câu cuối thể hiện sự tiếc nuối rằng nếu có 2 cầu thì xe sẽ rất hay, ngầm ý rằng ở hiện tại xe chưa đáp ứng được kỳ vọng off-road. Đây là lời chê bai về thiếu sót thiết kế.",Negative
130,"Đúng rùi cụ, Toyota phải quảng cáo là mua tem khuyến mãi xe đê",Metaphorical,Negative,"Sử dụng giọng điệu mỉa mai, câu nói ngầm chê bai chất lượng xe kém đến mức chỉ đáng mua 'tem' khuyến mãi chứ không phải xe.",Negative
131,"Đi nhẹ, nói khẽ, cười duyên vẫn là phẩm chất tốt mà cụ to xác mà nốc có hơn 6l/100km thì đòi hỏi gì hơn, tổng quãng đường cỡ 1200km hết 1,3tr A95 thôi ợ",Fact-implied,Positive,"Dùng lối nói ẩn dụ 'đi nhẹ, nói khẽ, cười duyên' để khen ngợi tính tiết kiệm nhiên liệu của xe, kết hợp so sánh 'cụ to xác mà nốc có hơn 6l/100km' (xe to nhưng chỉ tiêu hao hơn 6 lít/100 km) và '1200km hết 1,3tr A95' (chi phí thấp) nhằm khẳng định hiệu suất nhiên liệu vượt trội, không thể đòi hỏi hơn.",Positive
132,"Xpander hôm trc e ngồi đc 8 ng 7 valy xách tay + 1 kiện 20kg ra sân bay cụ ợ rẻ hơn ỉn 30 hay 40k gì đấy. Thế ỉn mới chết. Đc tài mới mua xe gặp đúng dịch đói 8 tháng, còn chưa biết xếp ng và hàng ntn để lên đc hết.",Fact-implied,Positive,"Người nói kể lại trải nghiệm thực tế: Xpander chở được 8 người cùng nhiều hành lý ra sân bay với chi phí rẻ hơn Innova, sau đó dùng câu 'Thế ỉn mới chết' và lời châm biếm về chủ xe Innova không biết sắp xếp người và hàng, qua đó ngầm khẳng định Xpander rộng rãi, tiện dụng và tiết kiệm hơn hẳn.",Positive
133,nhanh hơn tí mà dc gì nhỉ,Rhetorical-question,Negative,"Câu nói thể hiện sự hoài nghi và chê bai về hiệu năng tăng tốc của xe, cho rằng việc nhanh hơn một chút không mang lại lợi ích gì đáng kể, ngầm chỉ trích xe không có điểm mạnh thực sự.",Negative
134,Vậy bác phải đọc thêm xem toy thay đổi những gì khá nhiều đấy.,Fact-implied,Positive,"Câu nói khuyên người đối thoại nên tìm hiểu thêm về những thay đổi của Toyota, với từ 'khá nhiều' ngầm khẳng định rằng hãng đã có nhiều cải tiến đáng kể và tích cực, thể hiện thái độ ủng hộ.",Positive
135,"Sedona cạnh tranh với Sienna & Odyssey, Innova tuổi gì mà giống Sedona.",Metaphorical,Negative,"Người nói khẳng định Sedona có đẳng cấp ngang hàng với Sienna và Odyssey (các dòng xe MPV cao cấp), đồng thời hạ thấp Innova (dòng xe thấp hơn) bằng cách dùng câu hỏi tu từ 'tuổi gì mà giống Sedona', ngầm ý rằng Innova không thể sánh được với Sedona. Điều này thể hiện sự đánh giá cao về chất lượng và vị thế của Sedona.",Positive
136,"Mối dòng xe đánh vào 1 phân khúc riêng, ở SG e thấy Sedona chạy đầy đường.",Fact-implied,Positive,"Nhận xét rằng Sedona chạy đầy đường ở SG cho thấy xe rất phổ biến và được nhiều người tin dùng, thể hiện sự thành công và hài lòng của khách hàng.",Positive
137,Lắm ông cứ ác cảm chứ cả tụi Hàn sống ở VN cũng đầy thằng đi xe Nhật. Lên BD gặp tụi Tây đi Phò bỉm NN ko ít,Fact-implied,Positive,"Câu nói bảo vệ xe Nhật bằng cách đưa ra dẫn chứng rằng ngay cả người Hàn sống ở Việt Nam cũng thích đi xe Nhật, và người Tây ở Bình Dương cũng chọn xe Nhật (Ford và Nissan). Điều này ngầm khẳng định xe Nhật được nhiều đối tượng ưa chuộng, bác bỏ ác cảm, thể hiện thái độ tích cực.",Positive
138,Fotuner cảm tưởng như chạy dịch vụ chứ gia đình chạy trong thành phố thỉnh thoảng đi phượt ai chạy xe ấy . trừ đi tỉnh nhiều,Fact-implied,Negative,"Người nói cho rằng Fortuner thường được dùng làm xe dịch vụ (taxi, chạy hợp đồng) hơn là xe gia đình, và việc sử dụng trong thành phố kết hợp đi phượt không phù hợp. Câu nói mang hàm ý chê bai về hình ảnh và tính ứng dụng của xe, cho thấy sự không hài lòng hoặc đánh giá thấp.",Negative
139,Tai bác thính thế. Em thấy đi nhanh chỉ còn tiếng gió.,Metaphorical,Positive,"Câu nói mỉa mai 'tai bác thính thế' và 'em thấy đi nhanh chỉ còn tiếng gió' ngầm chê trách rằng xe có độ ồn cách âm kém, khi chạy nhanh chỉ nghe thấy tiếng gió lọt vào thay vì tiếng động cơ êm ái. 'Tai thính' ở đây là mỉa mai vì phải nghe thấy tạp âm quá lớn.",Negative
140,Nếu để phục vụ gia đình thì cứ máy xăng mà chơi thôi ạ,Fact-implied,Positive,"Câu nói khuyên dùng máy xăng cho nhu cầu gia đình, ngầm khẳng định máy xăng là lựa chọn phù hợp, tiện lợi và đáng tin cậy. Từ 'chơi thôi' mang sắc thái thoải mái, tích cực.",Positive
141,Xe này chạy xăng thì uống như uống bia,Metaphorical,Negative,"So sánh việc tiêu thụ xăng với 'uống bia' ngầm chỉ mức tiêu hao nhiên liệu rất lớn, không tiết kiệm",Negative
142,"55tr/12 tháng ~ 4.6tr/tháng=1,15 tr/tuần vị chi gần tuần cụ đổ đầy bình 1 lần? cũng nhanh phết. em 2 tuần 1 bình thấy nhẹ tênh, chạy = nửa cụ.",Rhetorical-question,Negative,"Người nói so sánh mức tiêu hao nhiên liệu của mình với người khác: họ đổ đầy bình mỗi 2 tuần và thấy 'nhẹ tênh', trong khi người kia đổ mỗi tuần. Điều này ngầm cho thấy xe của họ tiết kiệm nhiên liệu hơn, và họ cảm thấy hài lòng về điều đó.",Positive
143,Hàng 3 thì chắc tầm tiền đấy xe nào cũng như nhau luôn. Muốn ngồi dc chắc chỉ lên Land to chứ Pra cũng ko hơn nhiều.,Fact-implied,Negative,"Người nói cho rằng hàng ghế thứ ba của xe trong tầm giá này đều không thoải mái, và ngay cả xe Pra (Prado) cũng không khá hơn; chỉ có xe Land to (Land Cruiser) mới đáp ứng được. Điều này ngầm chê bai sự thiếu thoải mái của hàng ghế thứ ba trên xe đang được nhắc đến.",Negative
144,"Xe dầu đời mới bây giờ công nghệ Euro bốn rồi, nếu các bác dung dầu Do 0.001s  thì không có mùi gì giống hệt máy xăng.",Fact-implied,Positive,"Câu nói khen ngợi công nghệ động cơ diesel đời mới (Euro 4) kết hợp với nhiên liệu dầu DO 0.001S cho thấy xe không có mùi khó chịu, vận hành sạch sẽ như máy xăng, thể hiện sự cải tiến vượt trội.",Positive
145,"ù là đặc trưng muôn thuở của innova và fortuner xăng rồi cụ, ko giải quyết dc, nhất là những lúc cụ ép số nhiều nữa. e đi fortuner V 2009, e đã sống chung với ù gần chục năm nay rồi",Fact-implied,Negative,"Người dùng mô tả tiếng 'ù' là đặc trưng không thể khắc phục của dòng xe Innova và Fortuner xăng, đặc biệt khi tăng tốc, và phải chịu đựng suốt gần chục năm. Điều này thể hiện sự bất mãn và chấp nhận một khuyết điểm kéo dài.",Negative
146,"các cụ so hàng 3 với fortuner thì phải là land cruiser, mấy con sedona, v class, turneo tuổi gì...",Fact-implied,Positive,"Người nói so sánh dòng xe 3 hàng ghế với Fortuner, cho rằng chỉ có Land Cruiser mới xứng tầm, còn các dòng Sedona, V-Class, Turneo bị coi là 'tuổi gì...' (ý nói kém cỏi, không đáng so sánh). Điều này ngầm thể hiện sự coi thường, chê bai các dòng xe kia, đồng thời đề cao Fortuner và Land Cruiser. Tuy nhiên, câu nói mang tính tiêu cực, hạ thấp các đối thủ, nên sentiment là Negative.",Negative
147,"Dầu vẫn có tiếng re re, chỉ là khi đi chậm tiếng nó lào xào, nhanh thì tròn tua hơn chút",Fact-implied,Negative,"Câu nói mô tả âm thanh của động cơ xe: 'dầu vẫn có tiếng re re' (âm thanh nhẹ nhàng, ổn định), 'khi đi chậm tiếng nó lào xào' (âm thanh nhẹ, không ồn ào), 'nhanh thì tròn tua hơn chút' (âm thanh mượt mà khi tăng tốc). Tổng thể, người nói đánh giá tích cực về độ êm ái và vận hành của xe, không có dấu hiệu chê bai hay phàn nàn.",Positive
148,"E có 10 năm đi máy dầu nên lên xe dầu là e nghe biết liền, xe nào khác chứ fortuner nó cứ gào rú. Dầu êm thì êm chứ chưa đên đẳng cấp xăng được. Còn chuyện tiết kiệm thì vô địch rồi",Fact-implied,Negative,"Người dùng có 10 năm kinh nghiệm lái xe dầu, nên khi lên Fortuner dầu, họ nhận xét ngay rằng xe 'gào rú' (ồn ào) so với các xe dầu khác. Họ thừa nhận dầu êm nhưng không bằng xăng về đẳng cấp. Mặc dù khen tiết kiệm nhiên liệu 'vô địch', nhưng điểm nhấn chính là sự ồn ào và thiếu tinh tế của Fortuner dầu, thể hiện sự không hài lòng.",Negative
149,"bản 2.4 có thay đổi gì đâu nhỉ , chắc xe mới cảm giác thế thôi",Rhetorical-question,Negative,"Người nói hoài nghi về sự thay đổi của phiên bản 2.4, cho rằng mọi cảm nhận khác biệt chỉ là do xe mới, ngầm chê bai sự thiếu cải tiến thực sự.",Negative
150,"chỉ có 2.8 mới cải tiến thôi bác, nhưng đó là trên quảng cáo . Tâm lý xe mới thôi chứ  2.4 chỉ thêm option, tay lái nhẹ hơn chút ,động cơ ko thay đổi, chắc chắn sẽ là bản chủ lực",Fact-implied,Negative,"Người nói cho rằng những cải tiến trên phiên bản 2.8 chỉ là quảng cáo, không có thực tế, và phiên bản 2.4 chỉ thêm vài tùy chọn nhỏ, tay lái nhẹ hơn chút, động cơ không đổi. Điều này thể hiện sự hoài nghi và chê bai rằng xe không có cải tiến đáng kể, chỉ là tâm lý xe mới. Giọng điệu mang tính tiêu cực, không hài lòng.",Negative
151,Thế cụ đưa thử xem con xe nào cùng phân khúc mà hàng 3 hơn phò tủn vậy ợ?,Rhetorical-question,Positive,"Câu hỏi tu từ 'Thế cụ đưa thử xem con xe nào cùng phân khúc mà hàng 3 hơn phò tủn vậy ợ?' mang tính thách thức, ngầm khẳng định rằng không có xe nào trong cùng phân khúc có hàng ghế thứ ba tốt hơn chiếc xe đang được nhắc đến. Từ 'phò tủn' có thể là biến thể của 'phòng tủn' (hàng ghế thứ ba) hoặc một cách nói vui, nhưng ý chính là khen ngợi không gian và sự thoải mái của hàng ghế thứ ba trên xe này.",Positive
152,đúng như cụ nói ạ ! máy công nông chính hiêu mà !,Metaphorical,Negative,"Câu nói 'máy công nông chính hiệu' là một cách nói mỉa mai, so sánh động cơ xe với máy công nông (một loại máy nông nghiệp thô sơ, ồn ào, yếu). Điều này ngầm chê bai chất lượng động cơ của xe là kém, không êm ái, không mạnh mẽ như quảng cáo.",Negative
153,"Doanh số con MG5 này trên Thế Giới 6 tháng đầu năm 2022 là 99K xe. Rất cao đó, mà thương hiệu này VN k có chuộng, ai mua cũng can đảm lắm.",Fact-implied,Negative,"Người viết khen doanh số toàn cầu của MG5 rất cao (99K xe trong 6 tháng), nhưng lại nói rằng thương hiệu này không được ưa chuộng tại Việt Nam và ai mua cũng phải 'can đảm'. Từ 'can đảm' mang hàm ý mỉa mai, ngầm chỉ việc mua xe này là liều lĩnh, chấp nhận rủi ro về chất lượng, dịch vụ hoặc giá trị thương hiệu kém. Đây là lời chê bai gián tiếp.",Negative
154,"Bạn có tiền thì bạn cứ trải nghiệm, người đủ tiền sẽ có quyết định khác. Như xe Vin khen nhiều lắm nhiều hơn chê mà còn "" bỏ con giữa chợ"".  Xe phố thì được, xe cày dùng lâu thiếu tự tin lắm.",Metaphorical,Negative,"Người viết dùng lối nói mỉa mai, so sánh giữa 'có tiền' và 'đủ tiền' để ngầm chê bai chất lượng xe. Câu 'bỏ con giữa chợ' ám chỉ việc bỏ rơi, không tin tưởng vào sản phẩm dù được khen nhiều. Cuối cùng, 'xe phố thì được, xe cày dùng lâu thiếu tự tin' trực tiếp chỉ ra rằng xe không bền, không đáng tin cậy khi sử dụng lâu dài.",Negative
155,"nó gắn cái logo brit dynamic lên xe để claim công nghệ Anh đó nói từ công nghệ thì cũng vô chừng, nó quảng cáo không sai, có chút công nghệ Anh là đúng rồi, còn công nghệ cụ thể gì thì chịu",Ironic,Negative,"Câu nói chỉ trích việc hãng xe dùng logo 'Brit Dynamic' để quảng bá công nghệ Anh nhưng chỉ mơ hồ, không có chi tiết cụ thể. Cụm từ 'công nghệ cụ thể gì thì chịu' thể hiện sự bất mãn và cho rằng quảng cáo là thiếu minh bạch, đánh lừa người dùng.",Negative
156,Xe Tàu bẩn 99.99% còn tí nào của Anh Quốc. Thế mà quảng cáo chỗ nào cũng phải trương cái cờ Anh quốc to tướng để lùa gà. Đúng là lùa được khối gà tưởng xe Anh giá rẻ,Metaphorical,Negative,"Người viết chỉ trích chiếc xe được quảng cáo là xe Anh Quốc nhưng thực chất là xe Trung Quốc, cho rằng hãng đang lừa dối khách hàng bằng cách gắn cờ Anh để bán giá rẻ, gọi người mua là 'gà' (người dễ bị lừa). Đây là lời chê bai gay gắt về sự thiếu trung thực và chất lượng sản phẩm.",Negative
157,Ngu ngu như mình thì cứ hiểu thế này cho lành. Xe đúng Anh thì ko rẻ mà xe rẻ thì chả phải của Anh ..kkk,Ironic,Negative,"Người viết tự nhận mình 'ngu' và mỉa mai quan điểm của người khác, đồng thời dùng cấu trúc chơi chữ tương phản giữa 'xe đúng Anh' (chất lượng cao, đắt) và 'xe rẻ' (hàng nhái, kém chất lượng). Cách diễn đạt này ngụ ý chê bai việc có người mua phải xe rẻ tiền nhưng lại nghĩ đó là hàng của Anh/quốc tế chất lượng tốt, ngầm đồng tình với giá trị của xe chính hãng.",Negative
158,bóng hồng ơi bóng hồng... con xe tới Asean Ncap còn ko đạt mà vẫn có người mua đc. Tài thật,Fact-implied,Negative,"Câu nói sử dụng lối nói mỉa mai, từ 'tài thật' mang tính châm biếm để chỉ trích việc xe không đạt tiêu chuẩn an toàn ASEAN NCAP nhưng vẫn có người mua. Điều này thể hiện thái độ tiêu cực về chất lượng và sự thiếu an toàn của xe.",Negative
159,"Quá ngon nếu mua xe kèm em [USERNAME], mua 600 về bán xe lại 300 rồi xài em [USERNAME] cỡ 5 năm thì tính ra quá hời. Chứ cưỡi bạn MG này lỡ lên cỡ 80÷120km/h mà nó bị lỗi khóa vô lăng bất tử thì xác định đi gặp tổ tiên.",Ironic,Negative,"Câu bình luận so sánh hai tình huống: mua xe kèm 'em [USERNAME]' thì có lợi, nhưng khi nói đến 'bạn MG' thì cảnh báo về lỗi khóa vô lăng nguy hiểm ở tốc độ cao, nhấn mạnh rủi ro tính mạng. Điều này ngầm thể hiện thái độ tiêu cực, đánh giá chiếc MG không đáng tin cậy và nguy hiểm.",Negative
160,"Bài viết đáng tin vì có xe, biển số và chủ xe. Chủ xe nói: ""Thương hiệu Trung Quốc nhưng công nghệ vẫn của Anh và lắp ráp ở Thái Lan, ..."" hình như chưa đúng chỗ công nghệ vẫn của Anh. Theo tôi, chỉ có 2 chữ cái M và G là xuất xứ từ Anh. Còn công nghệ là TQ",Fact-implied,Negative,"Người nói không đồng tình với lời khẳng định của chủ xe về công nghệ xe đến từ Anh, cho rằng chỉ có thương hiệu MG là gốc Anh, còn công nghệ thực tế là Trung Quốc. Điều này ngầm thể hiện sự hoài nghi và chê bai về nguồn gốc công nghệ của xe, cho thấy chiếc xe không đáng tin cậy như quảng cáo.",Negative
161,"Con này phụ nữ chạy là đúng bài vì nó cực an toàn. Mình đã có lần đèn đỏ sang xanh, chọn chế độ sport và đạp ga 1 nhát lút sàn nhưng xe thì.......bò lên từ từ",Ironic,Negative,"Câu nói bắt đầu bằng lời khen an toàn cho phụ nữ, nhưng phần sau kể lại trải nghiệm tăng tốc thất vọng: dù chọn chế độ Sport và đạp ga hết cỡ, xe vẫn bò chậm chạp. Điều này ngầm chê bai khả năng vận hành yếu kém của xe, đặc biệt khi cần tăng tốc nhanh.",Negative
162,"PR đồ tàu để làm gì nhỉ, ngon thì thiên hạ nhảy vô ầm ầm rồi haha",Ironic,Negative,"Câu nói sử dụng câu hỏi tu từ 'PR đồ tàu để làm gì nhỉ' và giả định 'ngon thì thiên hạ nhảy vô ầm ầm rồi' để ngầm chê bai chất lượng sản phẩm Trung Quốc, cho rằng nếu tốt thì không cần quảng cáo. Kết thúc với 'haha' thể hiện thái độ mỉa mai, chê bai.",Negative
163,Con này mà xài máy 1.5 thì mới làm trùm đc. Máy 1.0 đạp ga kêu như máy cày!,Metaphorical,Negative,"Người dùng so sánh giả định với máy 1.5 để thể hiện sự kỳ vọng, nhưng thực tế máy 1.0 bị chê là 'kêu như máy cày' – một hình ảnh tiêu cực, ngầm chỉ động cơ yếu, ồn và kém chất lượng.",Negative
164,"Ghế nỉ thì bằng ghế da, vỏ mỏng là để hấp thụ lực, kiến thức xe cộ cao siêu qá !?!? Các NSX xe Đức Mỹ nên cắp cặp sang học tập, xe gì mà vỏ dày cộp.",Ironic,Negative,"Câu nói sử dụng giọng điệu mỉa mai rõ rệt qua các từ ngữ như 'cao siêu qá', 'cắp cặp sang học tập' và dấu câu !?!? để chế giễu quan điểm cho rằng ghế nỉ bằng da, vỏ mỏng là tốt. Điều này ngầm chỉ trích chiếc xe có chất lượng kém (vỏ mỏng, ghế nỉ không xịn) và mỉa mai những ai bảo vệ nó.",Negative
165,Bắp tay to thế kia thì dù vô lăng không có trợ lực cũng trở thành nhẹ.,Ironic,Negative,"Người nói mỉa mai rằng vô lăng xe nặng đến mức chỉ có người có bắp tay to mới cảm thấy nhẹ, ngầm chê bai thiếu trợ lực lái.",Negative
166,"Bác chủ xe cứ cầm thử 1 tờ giấy in khổ A4 và 1 tờ bìa cũng khổ A4 để trước quạt máy xem tờ nào rung nhiều hơn. Vỏ đã mỏng, trọng lượng nhẹ, đóng 128km/h mà vẫn đầm, có đầm vào mắt.",Ironic,Negative,"Sử dụng phép so sánh giữa vỏ xe với giấy A4 và bìa A4 để ngầm chê vỏ xe quá mỏng, nhẹ. Câu 'đóng 128km/h mà vẫn đầm, có đầm vào mắt' là lời mỉa mai, cho thấy thực tế xe không hề vững vàng ở tốc độ cao, chỉ là cảm giác ảo. Đây là lời chê bai trực tiếp.",Negative
167,Daihatsu trá hình mà ảnh tả như cam Mỹ kk,Ironic,Negative,"Từ 'trá hình' chỉ sự giả mạo, kết hợp với việc so sánh xe Daihatsu (dòng phổ thông) với Camry Mỹ (dòng cao cấp) và kết thúc bằng 'kk' (cười) thể hiện thái độ chế giễu, mỉa mai. Người nói cho rằng mô tả về xe là quá lố, không đúng với thực tế.",Negative
168,Câu kinh điển của sale xe nhật. Thế quái nào có mỗi kĩ sư bên nhật áp dụng kinh nghiệm này vào thiết kế xe nhỉ?,Rhetorical-question,Negative,"Câu nói sử dụng từ ngữ mạnh 'thế quái nào' và cấu trúc nghi vấn để thể hiện sự mỉa mai, hoài nghi về tính xác thực của lời quảng cáo từ nhân viên bán hàng. Việc nhấn mạnh 'có mỗi kĩ sư bên nhật' ngầm chỉ trích rằng những lời hứa hẹn không được hiện thực hóa đầy đủ, chỉ có riêng một nhóm nhỏ thực sự áp dụng, cho thấy thái độ không hài lòng và chê bai.",Negative
169,"Nhìn mẹt và tay ảnh, là biết đang Phê chữ ê kéo dài",Metaphorical,Positive,"Câu bình luận sử dụng từ lóng 'phê' (trạng thái phấn khích tột độ) và cách nói 'chữ ê kéo dài' để nhấn mạnh mức độ hưng phấn. 'Nhìn mẹt và tay ảnh' ngụ ý biểu hiện trên khuôn mặt và cử chỉ cho thấy người lái hoặc chủ xe đang cực kỳ thích thú, say mê với trải nghiệm lái xe. Đây là một lời khen ngầm mãnh liệt về cảm giác lái phấn khích mà chiếc xe mang lại.",Positive
170,Con xe cỏ mà anh [USERNAME] tâng lên mây là chít,Metaphorical,Negative,"Người dùng gọi chiếc xe là 'xe cỏ' (ám chỉ xe rẻ tiền, kém chất lượng) và cho rằng việc khen ngợi quá mức ('tâng lên mây') là điều vô lý ('chít' - chết). Cả câu mang ý chê bai, phủ nhận giá trị thực tế của xe.",Negative
171,"Uh đúng rồi bác, con Raize của anh ấy còn đầm chắc hơn cả con xe tăng Abrams của Mỹ nữa kìa, chứ nói gì đến con Elantra của em",Ironic,Negative,"Người nói sử dụng phép so sánh phóng đại và mỉa mai: 'đầm chắc hơn cả con xe tăng Abrams' để chế giễu sự an toàn và độ vững chãi của xe Raize. Câu nói mang tính châm biếm, ngầm cho rằng xe Raize không hề đầm chắc như lời quảng cáo, thậm chí còn thua xa Elantra. Đây là lời chê bai gián tiếp.",Negative
172,"mém xíu là anh cũng có bàn tay vàng trong làng bốc biển rồi đó, [LICENSE PLATE]",Fact-implied,Positive,"Dùng cụm từ 'bàn tay vàng' để khen ngợi sự may mắn hoặc kỹ năng chọn biển số, ngầm khẳng định biển số rất đẹp và đáng giá. Từ 'mém xíu' chỉ ra sự thiếu sót nhỏ nhưng không làm giảm đi sự tích cực, thể hiện thái độ hài lòng với chiếc xe.",Positive
173,xe Hàn bồng bềnh thì có gì lạ đâu bạn,Fact-implied,Negative,"Từ 'bồng bềnh' miêu tả cảm giác xe không vững, lắc lư, thiếu ổn định khi vận hành. Câu nói 'thì có gì lạ đâu' mang ý xem nhẹ, coi đây là đặc điểm xấu quen thuộc của xe Hàn. Vì vậy, câu này ngầm chê bai chất lượng vận hành của xe.",Negative
174,"Nó làm tôn mỏng lét để tiết kiệm chi phí, chứ giảm trọng lượng với hấp thụ lực tốt cái nổi gì. Các dòng xe cao cấp họ làm xe vỏ dày cui, chắc hấp thụ lực kém khi xảy ra va chạm nhỉ Mà raize dạo này ế lắm hả các bác?",Ironic,Negative,"Người viết chỉ trích việc sử dụng tôn mỏng là nhằm tiết kiệm chi phí, bác bỏ lý do giảm trọng lượng và hấp thụ lực tốt. Sau đó mỉa mai so sánh với xe cao cấp vỏ dày và nghi ngờ khả năng hấp thụ lực của chúng. Cuối cùng hỏi về tình trạng ế ẩm của Raize, thể hiện thái độ tiêu cực và chê bai chất lượng xe.",Negative
175,"Hóng 3-5 năm sau, 1 bác khách nào đó review về bảo hành bảo dưỡng mấy xe li - mít - tịt này.",Ironic,Negative,"Từ 'li - mít - tịt' là cách chơi chữ mỉa mai, chỉ trích chất lượng xe kém và âm thầm hỏng hóc. Việc 'hóng' review sau 3-5 năm ngầm thể hiện sự hoài nghi về độ bền và dịch vụ bảo hành bảo dưỡng của dòng xe này, dự đoán sẽ có nhiều vấn đề tiêu cực.",Negative
176,"Tóm lại là limited hay là xe collection ? thuộc hàng hiếm (cả châu âu , thế giới cũng không có) hay là hàng ..nửa chừng xuân ? phiên bản ...giới hạn như chủ thớt ... ?",Rhetorical-question,Negative,"Câu nói thể hiện sự nghi ngờ và mỉa mai về tính 'limited' hay 'collection' của xe. Việc so sánh với 'hàng nửa chừng xuân' và 'phiên bản giới hạn như chủ thớt' ngầm chỉ trích rằng xe không thực sự hiếm hay đặc biệt, chỉ là chiêu trò marketing rẻ tiền.",Negative
177,"Ông bạn gần nhà nôn nao chờ bảng nâng cấp Lux A, hy vọng sẽ hoàn thiện và tốt hơn bản hiện tại. Đùng cái không sản xuất nữa, thế là thanh niên phải chạy đi tìm mua LUX A hahahahaha",Ironic,Negative,"Việc bạn chờ đợi bản nâng cấp rồi khi hãng ngừng sản xuất lại vội vàng đi tìm mua Lux A cho thấy chiếc xe được săn đón, có giá trị và đáng mua. Hành động 'chạy đi tìm mua' ngầm khẳng định sức hút và sự yêu thích dành cho dòng xe này.",Positive
178,cái xe đã bỏ mẫu rồi còn đâm đầu mua làm gì,Rhetorical-question,Negative,"Câu hỏi tu từ 'còn đâm đầu mua làm gì' thể hiện sự chê bai và cho rằng việc mua xe đã bị khai tử là hành động thiếu sáng suốt, không đáng.",Negative
179,"đứa e họ 9x của mình cũng rước em này, nó độ lại cái mâm nhìn đẹp. Nhưng không hiểu sao do xe nó hay toàn dòng này có cái cần gạt mưa kêu cục cục to ác, to hơn mấy con xe cỏ nhiều.",Fact-implied,Negative,"Người dùng khen mâm đẹp sau khi độ ở đầu câu, nhưng ngay sau đó chuyển hướng với 'Nhưng' và phàn nàn về tiếng kêu cục cục từ cần gạt mưa, so sánh với xe rẻ tiền để nhấn mạnh sự kém chất lượng. Lỗi này mang tính tiêu cực rõ rệt, làm giảm giá trị tổng thể của xe.",Negative
180,Bác ko hiểu rồi mazda 3 bán toàn thế giới và bán hàng triệu xe nên các hãng OEM bên Tung Của sẽ sản xuất linh kiện cho nó trong khi Vin chỉ bán ở việt nam khoảng 20.000 xe thì hãng OEM nào dám đầu tư dây chuyền sản xuất linh kiện cho Vin. Khả dĩ nhất là mang linh kiện BMW lắp vào nhưng đắt gấp 10 lần bác dám lắp ko?,Rhetorical-question,Negative,"Người nói so sánh doanh số toàn cầu của Mazda 3 với doanh số hạn chế của VinFast tại Việt Nam, ngầm chỉ ra rằng VinFast không có hệ thống linh kiện OEM phổ biến, dẫn đến chi phí sửa chữa cao (phải dùng linh kiện BMW đắt gấp 10 lần). Câu hỏi cuối mang tính mỉa mai, thách thức người đối diện chấp nhận chi phí đó, qua đó thể hiện sự hoài nghi và đánh giá tiêu cực về tính khả thi và kinh tế của xe VinFast.",Negative
181,"Anh thấy mệt ko? khi mình anh chống lại bọn ko có tinh thần yêu nước ? Con xe chết thẳng cẳng rồi. Em chạy dream nha nên ko phải bọn chạy xe cỏ nên em comment được . Đừng nói 10 năm tới chỉ 3-5 năm nữa là biết ai khóc liền ah, bọn xe cỏ sẽ lên xe sang còn Lux SA mang lên thái nguyên bán phế liệu vì ko có linh kiện sửa chữa giống như điện thoại Vin mang làm cục chặn giấy  hiện nay thôi",Rhetorical-question,Negative,"Người viết dùng nhiều từ ngữ mỉa mai, chê bai chiếc xe Lux SA: gọi là 'xe cỏ', 'chết thẳng cẳng', dự đoán xe sẽ bị bán phế liệu vì thiếu linh kiện, so sánh với điện thoại Vin bị bỏ làm chặn giấy. Đồng thời thể hiện sự tự hào khi chạy xe Dream (xe bình dân) và cho rằng người mua Lux SA sẽ phải khóc. Toàn bộ giọng điệu mang tính công kích, hạ thấp giá trị và chất lượng của xe.",Negative
182,"Con xe đầu đời lúc nào chả ngon bác nhể , nhưng em muốn 3 năm sau bác chủ xe cho nhận xét thì chắc chính xác hơn. Mà thôi em phắn đây lớ ngớ bị xóa nick kaka.",Ironic,Negative,"Người dùng bắt đầu bằng lời khen xe đầu đời luôn ngon, nhưng ngay sau đó đặt điều kiện '3 năm sau mới chính xác' để ngầm chỉ sự nghi ngờ về độ bền và chất lượng lâu dài. Cuối cùng, việc lo sợ bị xóa nickname càng thể hiện nhận xét mang tính chỉ trích tiêu cực.",Negative
183,"Xe Vin chẳng may vỡ đèn, bác lấy hàng BMW qua thay ?",Rhetorical-question,Negative,"Câu nói mỉa mai về chất lượng kém của xe Vinfast: đèn dễ vỡ và phải thay bằng phụ tùng BMW, ngầm chê độ bền và phụ tùng của xe.",Negative
184,"Nếu a có nhiều tiền hoặc chiếc xe chạy suốt đời thì ko phải bàn,, còn vài năm mà đổi xe mà chiếc đang chạy bán lại giá rẻ mạt thì chua cho chủ ít tiền lắm,, đại gia ko bàn",Fact-implied,Negative,"Người nói chỉ trích việc xe mất giá nhanh, khi bán lại giá rẻ mạt gây khó khăn cho người mua ít tiền, thể hiện sự không hài lòng về giá trị xe.",Negative
185,1.1 lấy CRV theo số đông cho chắc. Lấy em này lại mắc công nhận huy chương dũng cảm.,Metaphorical,Negative,"Người nói khuyên nên chọn CRV vì theo số đông sẽ an toàn, còn chọn chiếc xe này sẽ bị coi là 'nhận huy chương dũng cảm', ngụ ý rằng việc mua xe này là một quyết định mạo hiểm, thiếu khôn ngoan, có thể gặp rủi ro. Điều này thể hiện sự chê bai, đánh giá thấp chiếc xe.",Negative
186,"Việt Nam mình thì khác gì Thái, ngoài SG HN DN ra thì có chỗ nào giàu? Du lịch + khách sạn phát triển là kết quả cuối của chuỗi vận hành kinh tế + giao thông, sao lại đưa nó lên surface. GDP mình bằng có 1 nửa của Thái à (245 bil vs 502 bil), nhìn con số là biết. Một con xe doanh số top ở 1 đất nước gấp đôi GDP của mình thì bác nghĩ nó hợp lý hay vô lý?",Rhetorical-question,Negative,"Người viết so sánh GDP Việt Nam với Thái Lan (245 tỷ vs 502 tỷ) và đặt câu hỏi tu từ về việc một mẫu xe bán chạy ở Thái Lan (nơi có GDP gấp đôi) liệu có phù hợp với thị trường Việt Nam hay không. Cách lập luận và câu hỏi cuối ngầm thể hiện sự hoài nghi, cho rằng mẫu xe đó không phù hợp với điều kiện kinh tế Việt Nam, từ đó chê bai sự hiện diện của xe này tại thị trường Việt Nam.",Negative
187,Nội thất em thấy cải lương quá các bác ạ.,Metaphorical,Negative,"Từ 'cải lương' được dùng như tiếng lóng chỉ sự giả tạo, kém chất lượng, ngầm chê bai nội thất xe trông rẻ tiền, không sang trọng",Negative
188,"Mua cho gia đình dùng và vì thích thì nó khác, chứ cứ nghĩ đến chuyện bán lại thì suốt ngày bị mấy thằng Hàn Nhật o ép với mấy cái option trời ơi",Fact-implied,Negative,"Người nói ngầm chê bai giá trị bán lại của chiếc xe khi bị các hãng Hàn Quốc và Nhật Bản lấn át với nhiều tùy chọn, gây áp lực và khó chịu khi nghĩ đến việc bán lại.",Negative
189,"Mỗi lần review con xe Hán Nô nào là fan Hán Nô vào tâng lên tận mây xanh, nào là ăn đứt Santafe, CRV không có cửa, CX5 xách dép,… chắc chỉ có xe Đức như GLC hay X3 mới so sánh được. Không biết được bao anh fan Hán Nô sẵn sàng mua hay chi dám khen các anh cảm tử quân khác.",Metaphorical,Negative,"Người dùng dùng từ 'Hán Nô' mang tính miệt thị và mỉa mai những lời khen thái quá của fan hâm mộ, cho rằng xe chỉ ngang hàng với các dòng xe sang Đức như GLC hay X3, đồng thời nghi ngờ việc fan có thực sự mua xe hay chỉ khen suông. Toàn bộ câu văn thể hiện thái độ chê bai, coi thường chất lượng xe và hành vi của fan.",Negative
190,[LICENSE PLATE] không chừng vài bữa có con Logo Mer biển số y chang chạy ngoài đường!,Ironic,Positive,"Câu nói mang tính mỉa mai: tấm biển số đẹp/giá trị đến mức 'chẳng bao lâu nữa sẽ có một chiếc Mercedes mang biển số y hệt chạy ngoài đường', ngầm ý chê chiếc xe hiện tại không xứng với biển số, không đáng giá trị.",Negative
191,nếu ko cá tính chả ai đi mua chiếc này cả tỉ,Ironic,Negative,"Câu nói 'nếu ko cá tính chả ai đi mua chiếc này cả tỉ' ngầm ý rằng chiếc xe bị định giá quá cao so với giá trị thực tế, chỉ những người có cá tính đặc biệt (có thể là thích khoe khoang hoặc không quan tâm đến giá trị) mới mua. Đây là lời chê bai về mức giá không hợp lý.",Negative
192,"Saic là quá to luôn chứ, nó là thằng nắm quyền sản xuất Wolkwagen , giá trị của nó chắc lớn hơn Vingroup cỡ 10 lần. xe thì e ko bàn, vì e ko đi xe Tàu, hoặc xe tàu đội lốt “ngoại quốc”",Fact-implied,Negative,"Người dùng dùng từ 'xe Tàu' và 'xe tàu đội lốt ngoại quốc' để miệt thị, chê bai nguồn gốc xuất xứ của xe, thể hiện thái độ khinh thường và không tin tưởng vào chất lượng sản phẩm. Câu nói mang hàm ý tiêu cực rõ rệt.",Negative
193,"hay... Bộ Công Thương nên chỉnh sửa luật theo hướng, các cty muốn bán xe ở VN phải có đủ đk sửa chữa, và phụ tùng thay thế, tối thiểu 10 từ lúc dừng bán sản phẩm cuối cùng thì sẽ tránh được TH như LuxGen và các hãng xe tàu bán nhan nhản ở các tỉnh thành phía bắc",Fact-implied,Negative,"Người dùng khen ngợi ý tưởng về việc yêu cầu các công ty phải đảm bảo điều kiện sửa chữa và phụ tùng thay thế trong 10 năm sau khi ngừng bán, nhằm tránh tình trạng như LuxGen và các hãng xe Trung Quốc bán tràn lan ở phía Bắc. Điều này ngầm chỉ trích LuxGen và các hãng xe Trung Quốc vì thiếu hỗ trợ hậu mãi, gây khó khăn cho người dùng.",Negative
194,"Cái này bác chủ đi bọc rồi bác ơi, bác đã thấy cái vô lăng nó ngoài đời thực chưa?",Rhetorical-question,Negative,"Người nói cho rằng bác chủ đã bọc vô lăng, và đặt câu hỏi 'bác đã thấy cái vô lăng nó ngoài đời thực chưa?' với hàm ý mỉa mai rằng vô lăng thực tế rất xấu hoặc kém chất lượng, cần phải bọc lại để che đi. Đây là lời chê bai trực diện về thiết kế hoặc chất liệu vô lăng.",Negative
195,Liệu sau này MG có trở thành 1 e Luxgen nữa không các bác?bán được vài năm rồi rút lui ko chào hỏi thượng đế luôn!!!,Rhetorical-question,Negative,"Người dùng đặt câu hỏi về khả năng MG trở thành 'Luxgen thứ hai' – một thương hiệu từng bán vài năm rồi rút lui không chào hỏi khách hàng ('thượng đế'). Cách so sánh và mô tả 'rút lui không chào hỏi' mang hàm ý chê bai sự thiếu trách nhiệm và không đáng tin cậy của MG, thể hiện thái độ tiêu cực.",Negative
196,"Quan trọng khi kg bán được xe như kỳ vọng, nó rút về thì sửa xe ở đâu? Xe TQ vào VN cữ 10 năm rồi nhưng có hãng nào tồn tại đâu.",Rhetorical-question,Negative,"Người nói đặt câu hỏi về việc bảo hành, sửa chữa khi hãng xe rút khỏi thị trường, đồng thời chỉ ra rằng các hãng xe Trung Quốc vào Việt Nam trước đây đều không tồn tại lâu. Điều này ngầm thể hiện sự lo ngại và đánh giá tiêu cực về độ bền vững của thương hiệu, cũng như rủi ro về dịch vụ hậu mãi.",Negative
197,"tưởng 500-600tr... tầm này thì mua Vinfast vừa yêu nước, vừa an toàn... 6-12 tháng sau nó quất ngựa truy phong khỏi VN thì lại có bài...",Metaphorical,Negative,"Người nói bày tỏ sự thất vọng về mức giá cao hơn kỳ vọng (tưởng 500-600tr), sau đó so sánh mỉa mai với Vinfast (vừa yêu nước, vừa an toàn) nhưng lại chê Vinfast sẽ sớm rời khỏi thị trường, gây rắc rối. Toàn bộ câu văn mang giọng điệu chê bai, cho rằng chiếc xe đang được nhắc đến không đáng giá với số tiền bỏ ra.",Negative
198,sau 1 vài lần đưa vô hãng để sửa chữa những lỗi vặt vãnh... sẽ thay đổi ngay cách suy nghĩ...,Fact-implied,Negative,"Người nói ngầm chỉ trích chất lượng xe kém, thường xuyên gặp lỗi vặt vãnh và dịch vụ sửa chữa của hãng không tốt, khiến họ thay đổi suy nghĩ theo hướng tiêu cực về chiếc xe.",Negative
199,"Úi giời anh quan tâm rì đám đi xe hèn nhụt với xe 2b ở đây, mình có tiền mình chơi, chục năm.nữa xe này chạy đầy đường VN thì mấy người kia biết nói rì cho ngầu",Ironic,Positive,"Người nói bảo vệ chiếc xe trước những lời chê bai, khẳng định mình có tiền và tự tin chơi xe này. Việc dự đoán xe sẽ chạy đầy đường trong tương lai cho thấy niềm tin vào giá trị và sự phổ biến của xe, qua đó thể hiện thái độ tích cực.",Positive
200,"Có điều kiện hẳn thì chả ai bỏ hơn tỷ mua con xe tàu, ít nhất  cũng phải GLC250 hoặc 300 mà thẳng tiến",Fact-implied,Negative,"Câu nói ngầm chê bai xe Trung Quốc (xe tàu) khi cho rằng người có điều kiện sẽ không bao giờ bỏ ra hơn một tỷ để mua, thay vào đó sẽ chọn các dòng xe sang như Mercedes GLC250/300. Sự so sánh trực tiếp này thể hiện thái độ coi thường và đánh giá thấp chất lượng của xe tàu.",Negative
201,ít tiền thì chịu thôi chứ người nhiều tiền người ta mua xe hàn xe nhật rồi,Ironic,Negative,"Câu nói ngầm so sánh: người ít tiền thì phải chấp nhận mua xe này, còn người nhiều tiền sẽ mua xe Hàn, xe Nhật. Điều này thể hiện sự coi thường, cho rằng chiếc xe đang nói đến chỉ dành cho người nghèo, không đáng để người có tiền lựa chọn, mang hàm ý chê bai chất lượng hoặc đẳng cấp thấp.",Negative
202,"Có đâu mà review vì đi được 2-3 năm mình là chủ xe chắc tâm thần vì bị ảnh hưởng tâm lý lấy con xe ra đi uống cafe thì dòm dòm chỉ trỏ: anh ơi xe hãng gì đẹp dữ anh Xe mg em ạ Mg hãng mỹ hả anh Ko em tàu em ạ. rồi dắt xe ra đi làm, đi về quê, đi nhậu câu chuyện trên tiếp diễn .... xong cảm tưởng chịu hết nổi dán mẹ cái bảng lên kính xe: xe tàu hỏi lằn hỏi lốn xong đc 2-3 năm dư chút mua con toy chạy cho đỡ nhức đầu tiện hỏi luôn anh em trên hội: anh [USERNAME] mấy bữa nay ko chạy Bắc kinh x7 nữa ạ?? Thấy mới review sau 10v cây thì phải",Ironic,Negative,"Người dùng kể về trải nghiệm khó chịu khi sở hữu xe MG (hàng Trung Quốc) vì bị người xung quanh hỏi han, chỉ trỏ, dẫn đến tâm lý bức xúc phải dán biển 'xe tàu' lên kính. Cuối cùng, sau 2-3 năm phải bán xe để mua Toyota cho 'đỡ nhức đầu'. Câu chuyện thể hiện sự thất vọng, mệt mỏi với chiếc xe, ngầm cho rằng xe không đáng giá vì rắc rối xã hội mang lại, dù có thể xe chạy tốt. Sentiment rõ ràng là tiêu cực.",Negative
203,"Xe này ở VN đi khá nhiều, show Nissan giờ chuyển đổi 1 phần qua bán MG rùi",Fact-implied,Positive,"Câu nói ghi nhận sự phổ biến của xe ('đi khá nhiều') và việc đại lý Nissan chuyển sang bán MG, ngầm khẳng định MG đang chiếm ưu thế và được thị trường đón nhận tích cực.",Positive
204,"Bạn có thấy bài nào đánh giá xe TQ sau 5 năm sd, trên 100k km chưa? Riêng mình thì chưa! Thật thì mình cũng hóng để đánh giá 1 cách công bằng nhưng chưa thấy. Còn các kiểu review chỉ vài trăm vài K km thì chấp luôn mọi xe...hầu như thằng nào cũng như thằng nào khi cùng Level.",Rhetorical-question,Negative,"Người nói đặt câu hỏi về sự thiếu vắng các bài đánh giá xe Trung Quốc sau 5 năm/100.000 km, ngầm thể hiện sự hoài nghi về độ bền lâu dài của dòng xe này. Việc bác bỏ các review ngắn hạn (vài trăm vài nghìn km) vì 'chấp luôn mọi xe' càng nhấn mạnh rằng chưa có bằng chứng thuyết phục về chất lượng lâu dài, từ đó tạo ra tâm lý e ngại và thiếu tin tưởng.",Negative
205,"Xe lên vòng tua 2000 có gì mà sợ, mà xét nét nhỉ? Xin lỗi chứ xe em máy yếu, em đạp 3000 thì em cũng ko thấy vấn đề gì. Người ta thiết kế 7-800 mình đi 2-3000 thì có sao đâu. Mà nói chung em ko mua xe trung quốc, đồ điện tử trong nhà cũng hiếm có đồ trung quốc. Nhưng cho thì em nhận.",Fact-implied,Negative,"Người nói bác bỏ lo ngại về việc xe lên vòng tua 2000 RPM, cho rằng đó là điều bình thường và không có vấn đề gì, thậm chí còn nhấn mạnh rằng xe mình máy yếu nhưng đạp 3000 cũng không sao. Thái độ này thể hiện sự tự tin và ủng hộ đối với khả năng vận hành của xe, coi những chỉ trích là xét nét không cần thiết. Phần cuối nói về việc không mua đồ Trung Quốc là một chủ đề riêng, không ảnh hưởng đến cảm xúc tích cực dành cho chiếc xe đang được đề cập.",Positive
206,"Nể bác chủ thớt, vận động bà cả cho mua xe TQ, lại còn trực tiếp nhận xe",Ironic,Negative,"Câu nói thể hiện sự nể phục người chủ vì đã thuyết phục được vợ mua xe TQ, ngầm ý rằng việc mua xe TQ là khó khăn và không được ưa chuộng, qua đó phản ánh thái độ tiêu cực đối với dòng xe này.",Negative
207,"Mua 1 xe tặng 20 liều vaccine phai dơ, mồ đế nà thì các anh có mua ko ?",Rhetorical-question,Negative,"Câu nói sử dụng giọng điệu mỉa mai, châm biếm khi cho rằng mua xe được tặng kèm 'vaccine phai dơ' (vaccine dởm/dơ bẩn) và kết thúc bằng câu hỏi tu từ 'các anh có mua ko?' nhằm thể hiện sự chế giễu, cho rằng chương trình khuyến mãi vô lý và chiếc xe không đáng mua.",Negative
208,"Khiếp quá, trên xe mà nghe ọt ẹt làm mình nghĩ ngay tới con đau bụng do đại tràng co thắt",Metaphorical,Negative,"Người viết dùng từ 'khiếp quá' thể hiện sự khó chịu, kết hợp với âm thanh 'ọt ẹt' (tiếng kêu cót két) và so sánh với cơn đau bụng do đại tràng co thắt – một hình ảnh rất tiêu cực, ngầm chỉ trích chất lượng xe gây tiếng ồn khó chịu, làm giảm trải nghiệm.",Negative
209,"Vấn đề VN là thị trường thứ cấp ko quan trọng với nó nên nó vậy. Giống như Toyota VN vậy, bán nồi đồng cối đá mãi kkk",Metaphorical,Negative,"Người nói chê bai Toyota VN vì chỉ bán những mẫu xe cũ kỹ, lỗi thời ('nồi đồng cối đá') và không quan tâm đến thị trường thứ cấp, thể hiện sự mỉa mai và tiêu cực.",Negative
210,Ráng công khai đi rùi không biết bị gõ mấy chục phần trăm taxiiiii chưa kể truy phạt. Đủ no đòn đấy. Tô thì một là vi ốc hai là chị cẩm. Dở dở khúc giữa không thầy cũng chẳng thợ.,Metaphorical,Negative,"Người dùng cảnh báo về vấn đề thuế và chi phí ẩn, đồng thời so sánh với các mẫu xe khác (Vios, Camry) và kết luận chiếc xe đang nói đến là 'dở dở khúc giữa', không có điểm mạnh nổi bật. Đây là lời chê bai trực tiếp.",Negative
211,Maz 3 có cửa để so Altis đời này à?,Rhetorical-question,Negative,"Câu hỏi tu từ 'có cửa để so' ngầm thể hiện sự nghi ngờ về khả năng cạnh tranh của Mazda 3 so với Altis đời mới, cho thấy người nói cho rằng Mazda 3 không thể sánh bằng.",Negative
212,"Nói cho quá ko biết mắc cỡ! Con xe xăng nào mà sáng nổ máy, tối về làm phiền hàng xóm vậy ??? Con xe xăng cùi bắp của Tôi, sáng nổ máy đứng gần mà nhiều khi còn ko biết Nó đang nổ máy. Nhiều lúc Nó nổ rồi, đi vào nhà quên mất ra còn nhấn Start lần nữa!",Rhetorical-question,Positive,"Người nói dùng biện pháp tương phản giữa một chiếc xe xăng ồn ào (làm phiền hàng xóm) với chiếc xe 'cùi bắp' của mình để khen ngợi khả năng vận hành êm ái, tĩnh lặng đến mức đứng gần không biết máy đã nổ, thậm chí còn quên tắt và nhấn Start lại. Đây là một lời khen ngầm nhưng rõ ràng về công nghệ giảm ồn và động cơ của xe.",Positive
213,nhìn cái cần số là hết muốn chạy rồi,Fact-implied,Negative,"Người viết thể hiện sự chán ghét, không muốn sử dụng xe chỉ vì thiết kế của cần số, đây là lời chê trực tiếp về mặt thẩm mỹ hoặc tiện dụng của xe.",Negative
214,"thêm cái hộp số CVT chỉ có các nước kém phát triển sài mà mấy thằng rừng rú, ăn cám xú cám heo như mày vẫn thẩm du hàng ngày đó. Con bò",Metaphorical,Negative,"Câu nói thể hiện sự khinh miệt rõ rệt đối với hộp số CVT, cho rằng loại hộp số này chỉ dành cho các nước kém phát triển và chế giễu những ai thích nó bằng từ ngữ thô tục, xúc phạm. Điều này cho thấy thái độ cực kỳ tiêu cực đối với chiếc xe được trang bị hộp số CVT.",Negative
215,"mấy thằng trâu trẻ làm quá lên đó mà, em mới đổi con madaz 3 2022 nổ chả nghe thấy gì khi vào hẻm",Fact-implied,Positive,"Người nói chê bai những người khen xe khác quá lố, nhưng khi nói về chiếc Mazda 3 2022 của mình, anh ta nhấn mạnh rằng xe chạy êm ái đến mức 'nổ chả nghe thấy gì khi vào hẻm', ngầm khen ngợi khả năng cách âm và vận hành êm ái của xe.",Positive
216,"Có gì mà ko có cửa hehe, năm sau Nissan và Subaru nhập thêm sedan cỡ C về bán cùng thì còn nhiều lựa chọn xe Nhật nữa",Fact-implied,Positive,"Người nói dùng câu 'Có gì mà ko có cửa' kèm tiếng cười 'hehe' để ngầm khẳng định xe Nhật (hoặc xe đang bàn) hoàn toàn có cơ hội cạnh tranh. Việc thông báo Nissan và Subaru sẽ nhập thêm sedan cỡ C vào năm sau cho thấy sự lạc quan về nhiều lựa chọn hơn, thể hiện thái độ tích cực với dòng xe Nhật.",Positive
217,"Đấy là góc nhìn của số ít thôi. Chứ ngoài đường mazda 3 chạy nhiều hơn altis đấy, khoản tiền chênh lệch ~ 100tr do altis bán giá niêm yết cao hơn đó để mà đổ xăng và bảo dưỡng được 5 năm rồi đổi xe đấy =))",Fact-implied,Negative,"Người viết đang so sánh Mazda 3 và Altis, cho rằng Mazda 3 phổ biến hơn ngoài đường. Tuy nhiên, họ lại chỉ ra rằng số tiền chênh lệch ~100 triệu (do Altis đắt hơn) có thể dùng để đổ xăng và bảo dưỡng trong 5 năm, ngầm ý rằng Mazda 3 có giá hợp lý hơn, tiết kiệm chi phí vận hành dài hạn. Dù có vẻ trung lập, nhưng lập luận này thực chất khen ngợi Mazda 3 về mặt kinh tế và thực dụng.",Positive
218,Gạ thì phải Civic type R 300hp gạ với porsche già  10-15 năm tuổi,Fact-implied,Negative,"Người nói cho rằng chỉ có Civic Type R 300hp mới đủ sức cạnh tranh với một chiếc Porsche cũ (10-15 năm tuổi), ngầm thể hiện sự đánh giá cao về sức mạnh và khả năng vận hành của Civic Type R, đồng thời coi Porsche cũ là đối thủ xứng tầm.",Positive
219,Con mình ngồi lên nóc xe bị lún luôn. Ngồi vớ vẩn hỏng hết đấy.,Fact-implied,Negative,"Việc nói 'con mình ngồi lên nóc xe bị lún' ngầm chỉ thân xe quá mỏng và yếu, không đủ chắc chắn để chịu tải trọng dù chỉ là trọng lượng của một đứa trẻ, 'hỏng hết đấy' là cảnh báo trực tiếp về chất lượng kém",Negative
220,5 năm sau còn dùng còn này mới là ngon,Fact-implied,Negative,"Câu nói ngầm khen ngợi độ bền bỉ của xe: sau 5 năm sử dụng vẫn còn dùng tốt, đó mới thực sự là chất lượng. 'Ngon' ở đây mang nghĩa tích cực, chỉ sự hài lòng về độ bền.",Positive
221,"Gớm có cái chữ supported by mà hít hà mãi, chả có cái vẹo gì Động cơ sản xuất hoàn toàn bởi trung quốc nhé, ngon thế nào thì nhìn doanh số bên ấy ắt rõ",Fact-implied,Negative,"Người nói dùng giọng điệu mỉa mai ('Gớm', 'hít hà mãi') để chê bai việc quảng cáo 'supported by' là vô nghĩa, sau đó chỉ trích trực tiếp động cơ sản xuất tại Trung Quốc và ám chỉ chất lượng kém qua doanh số thấp. Toàn bộ câu thể hiện thái độ tiêu cực, không hài lòng với xe.",Negative
222,"Anh bạn này du học TQ . Về VN mua xe tàu chạy.  Chắc ko nhiều người như anh bạn đâu. Xe hơi tàu giờ này đang đi theo cách làm của xe máy Longcin, Hongda... trước đây",Fact-implied,Negative,"Câu nói sử dụng giọng điệu mỉa mai qua cụm 'Chắc ko nhiều người như anh bạn đâu' để ngầm chê bai việc mua xe Trung Quốc là quyết định kém thông minh. So sánh xe hơi Tàu với xe máy Longcin, Hongda (vốn nổi tiếng kém chất lượng, nhái nhãn hiệu Nhật) càng khẳng định rõ quan điểm tiêu cực: xe Trung Quốc đang theo lối mòn rẻ tiền, thiếu uy tín.",Negative
223,"Bởi, bán giá đó mà còn làm giọng cha như ban ơn, còn canh đúng ngày đúng giờ thì nhảy một bậc giá như bậc lương! Buồn đi toilet quá. Nước mình mà có nhiều người công tâm nói thẳng nói thật như bác đây thì dân Việt đã đi xe nhà giá tốt, đã chả có nhập xe TQ và đã chả có cái thớt này!",Ironic,Negative,"Người nói phê phán gay gắt cách bán hàng với giá cao và thái độ kẻ cả, đồng thời than phiền về việc giá xe tăng không hợp lý. Lời nói mỉa mai ngầm chê trách tình trạng xe nội đắt đỏ, dẫn đến phải nhập xe TQ. Cảm xúc tiêu cực rõ ràng.",Negative
224,"Em cũng mê Vinh Phát lắm, xe như BMW đẹp thật luôn, đã được chạy thử cũng phải nói là thậm chí không thua gà mẹ! Nhưng đến khi sale báo giá cái sedan đến 1.450 (hình như chưa lăn bánh) thì hỏi bác chứ còn tình yêu tình ái gì đây nữa. Mang tiếng làm ngay trong nước đấy! Rồi bảo do BMW, rồi đến giờ có bằng chứng rõ ràng là con Brilliance vác đúng từ Tàu qua, BMW cổ phần trong đó luôn, thì bán ở nước nó 500t kể như 22.000 đô đi. Vậy ví dụ như Vinfast là một hãng xe ở Đức, sản xuất theo BMW mà bán giá tại chính quốc Đức 60.000 đô thì có phải hài không. P/S: em chạy thử Brilliance V7 rồi, gần như y chang BMW X3, từ chạy đến nội thất, và cũng hơi hẹp ghế phía sau y hệt mấy chiếc BMW. Mua chạy có cái che nắng mưa mà cũng chả thua một chút nào mấy cái xe khác.",Rhetorical-question,Negative,"Câu nói bắt đầu bằng lời khen ngợi vẻ đẹp và cảm giác lái, nhưng ngay sau đó tập trung vào việc chỉ trích giá bán quá cao (1.450 triệu cho sedan), so sánh mỉa mai với giá tại nước ngoài và đặt câu hỏi về sự hợp lý. Dù có khen phần vận hành và nội thất, nhưng trọng tâm chính là sự thất vọng về giá trị sản phẩm, thể hiện qua giọng điệu châm biếm 'còn tình yêu tình ái gì đây nữa' và 'có phải hài không'.",Negative
225,"Thôi xong. Mọi người VN nhờ @Jan Saker thông não vố này thì 2 năm rõ 10 rồi. Cảm ơn bác nhé. Vậy thì giờ em hiểu rõ thắc mắc bấy lâu rồi: BMW nhượng cho Brilliance cái động cơ lừng danh N20 của nó mấy năm trước, rồi mấy năm sau Brilliance nhượng cái động cơ hàng BMW ấy cho hero Vinh Phát vác về và chế ra 2 ông thần được David Beckham khen lấy khen để.",Ironic,Negative,"Câu nói sử dụng giọng điệu mỉa mai và châm biếm khi nói về việc BMW chuyển giao công nghệ động cơ N20 cho Brilliance, rồi sau đó được chuyển tiếp cho một công ty khác (Vinh Phát) để sản xuất xe. Việc nhắc đến '2 ông thần' và 'David Beckham khen lấy khen để' mang tính chế giễu, ngụ ý rằng chiếc xe được quảng cáo thổi phồng nhưng thực chất chỉ là công nghệ cũ được tái sử dụng, không có gì đáng giá. Điều này thể hiện sự hoài nghi và đánh giá tiêu cực về giá trị thực của sản phẩm.",Negative
226,"Không bác, nếu nói đúng thì em xài xe Chevrolet đang thuộc nhà Vin nhé. Nhưng chắc chắn là em mua xe Tàu kia, chẳng qua giờ cọc hết rồi không mua được thôi. Kể như em đang ăn mứt của Tàu đi, nhưng chắc chắn vẫn đỡ hơn ăn mứt của Nhật Hàn Mỹ. Vì dù sao đều là mứt, mứt Tàu vẫn đỡ tốn kém hơn, còn tiền cho con cái được ăn bò bít tết rồi mai mốt nó trả thù Tàu bù lại cho em sau!",Metaphorical,Positive,"Người dùng dùng phép ẩn dụ 'ăn mứt' để so sánh các loại xe, ngầm cho rằng tất cả đều là 'mứt' (hàng kém chất lượng). Việc chọn 'mứt Tàu' vì rẻ hơn, dành tiền cho con ăn bít tết và hy vọng con sau này trả thù Tàu thể hiện thái độ mỉa mai, coi thường xe Trung Quốc, cho rằng đó là lựa chọn bất đắc dĩ vì kinh tế, chứ không phải vì chất lượng.",Negative
227,"Hì, đồng ý. Nếu bác nào nói đừng ủng hộ hàng tàu nữa thì có thể nói là muộn màng vì hàng tàu đã xâm nhập toàn bộ nước Việt Nam này rồi, các bác sẽ không có đồ để dùng nếu quyết tâm bài trừ hàng tàu. Ở nơi em ở sống bằng du lịch,Co Vy làm tàu nó không qua giờ thất nghiệp cả lũ, đói meo mốc ở nhà . Nếu có bác quyết định mua con xe tàu theo em nghĩ đó là quyết định của bác ấy vì để đi tới quyết định bỏ 800tr mua con xe  tàu thì phải đấu tranh tư tưởng lắm đây, phải chịu nhiều rủi ro , mua về nếu nó hắt hơi hay sổ mũi thì cũng khổ tâm lắm vì gia đình sẽ trách ""Đã bảo đừng mua con xe này rồi."". Nhớ hồi trước ai cũng chạy theo điện thoại xịn như iphone thì em cũng chỉ nhẹ nhàng mua cho em 1 chiếc điện thoại tàu rẻ vì hư thì bỏ, còn riêng bỏ 800tr để mua xe tàu thì em phục vì em không thể có được dũng khí đó. Thôi thì sướng hay khổ bác ấy chịu, em chỉ nhắc nhẹ là tại sao mấy con như Zoyte Baic Brilliance doanh số lại lẹt đẹt trên sân nhà, tại sao xe máy ở VN không có xe máy tàu nào mà chỉ toàn là Honda Yamaha",Rhetorical-question,Negative,"Người viết dùng nhiều lý lẽ để ngăn cản việc mua xe Trung Quốc: đưa ra rủi ro ('hắt hơi sổ mũi'), áp lực gia đình, so sánh với điện thoại rẻ dễ hỏng, và chỉ ra doanh số kém của các hãng xe Trung Quốc tại Việt Nam. Giọng văn mang tính cảnh báo, không khuyến khích mua, ngầm đánh giá chất lượng thấp và không đáng tin.",Negative
228,"Ta nói có 2 vấn đề kg nên tranh cãi vì nó kg bao giờ đi đến hồi kết, đó là chính trị và tôn giáo. Chuyện thích tàu hay bài tàu là quan điểm cá nhân của mỗi ng. ng van minh thì nêu ra ý kiến của mình và biết tôn trọng ý kiến ng khác. Không nên đả kích người ta chỉ vì ng ta kg cùng quan điẻm với mình. Nhưng nói gì nói, tụi tây lông hay nước nào đó nó sài hàng tàu thì kệ cha nó vì nó ở xa tàu lắm lắm. Còn mình đây sát nách nó và có hơn 1000 năm đau thương thì nên biết làm thế nào có lợi cho đất nước mình. Còn làm thế nào thì lại tuỳ thuộc vào kiến thức, đạo đức và cả sự tiếp thu giáo dục của từng ng nữa.",Fact-implied,Negative,"Bình luận này tập trung vào quan điểm cá nhân về chính trị, tôn giáo và thái độ đối với hàng hóa Trung Quốc, không hề đề cập đến bất kỳ khía cạnh nào của xe hơi như hiệu năng, thiết kế, giá cả hay trải nghiệm lái. Do đó, không có cảm xúc tích cực hay tiêu cực nào về xe được thể hiện.",Negative
229,"Xóm tôi có nhiều nhà, nhưng nổi nhất có 2 nhà. 1 nhà giàu sang quý tộc từ xưa, 1 nhà giàu mới nổi kiểu trưởng giả học làm sang. Cả 2 nhà đều bán bánh mỳ. Cái nhà mới nổi sát vách nhà tôi tối ngày dành đất sân trước và kiếm chuyện với nhà tôi suốt. Họp tổ khu phố nhà giàu quý tộc nêu ý kiến về chuyện dẹp chó chạy rông ỉa đái khắp nơi nhưng thằng cạnh tôi nó cứ nói ngược lại nhà quý tộc mặc kệ khu phố dơ bẩn. Thằng con nhà nó qua sân nhà tôi đánh con tôi bể đầu mà tôi hèn quá kg dám nói nó 1 tiếng. Nó biết vậy nên chõ mõm qua chửi tôi kg biết dạy để con tôi húc vào con nó. Vậy mà con tôi có đứa vẫn thích mua bánh mỳ nhà nhó ăn. Con tôi nói vì bánh mỳ nhà nó giống y bánh mỳ nhà quý tộc nhưng dc cái rẻ hơn. Tôi chửi mẹ mày ngu vừa thôi, có ngày nó cho thuốc độc vô bánh cho cả nhà này chết để nó thoải mái qua nhà này ở mà kg phải mang tiếng chiếm cái sân đằng trước.",Metaphorical,Negative,"Câu chuyện là một phép ẩn dụ so sánh giữa thương hiệu xe danh giá lâu đời và một thương hiệu mới nổi rẻ hơn. Người kể chuyện bức xúc khi con mình thích phiên bản rẻ hơn dù nó có thể gây hại (thuốc độc), ngầm chỉ việc tiết kiệm tiền mua xe giá rẻ hơn nhưng chất lượng kém, tiềm ẩn nguy hiểm.",Negative
230,Ông này đang có kế hoạch bán xe. Leo đèo mà máy 2.4 của Mit mà đuối thì chịu.,Ironic,Positive,"Người nói cho biết chủ xe đang có kế hoạch bán xe, và nhận xét rằng động cơ 2.4 của Mitsubishi bị 'đuối' khi leo đèo, nghĩa là yếu, không đủ sức. Cụm 'thì chịu' thể hiện sự bất lực, chấp nhận thực tế yếu kém. Đây là lời chê trực tiếp về hiệu năng động cơ.",Negative
231,"Mua con xe Thaco vừa tạo việc làm trong nước, vừa khỏi làm giàu cho Tàu",Fact-implied,Positive,"Người nói đưa ra hai lý do để chọn xe Thaco: tạo công ăn việc làm trong nước (hỗ trợ nền kinh tế nội địa) và tránh làm giàu cho Trung Quốc (ám chỉ xe nhập khẩu Trung Quốc kém chất lượng hoặc không đáng mua). Cả hai yếu tố này đều là khen ngợi, tích cực, thể hiện sự ủng hộ đối với sản phẩm Thaco.",Positive
232,"Bác có hiểu gì không? Ai kêu bác phải mua xe Vinfast, có đủ khả năng thì thử nghiệm Vinfast, không đủ thì mua xe Hàn xe Nhật. Rõ ràng bác nói cái xe che mưa che nắng, chẳng lẽ không có chiếc xe hơi nào rẻ hơn mấy cái xe Tàu đó hả? Bác muốn hỏi có tội với đất nước hay không thì tự nghĩ xem bác có thằng hàng xóm chuyên ức hiếp bác thì bác có bỏ tiền mua đồ của nhà nó không dù nó bán rẻ hơn chỗ khác.",Rhetorical-question,Negative,"Người viết dùng câu hỏi tu từ và so sánh với hàng xóm bắt nạt để bảo vệ Vinfast, ngầm khẳng định việc mua xe Vinfast là hành động yêu nước, không nên mua xe Trung Quốc dù rẻ hơn. Giọng điệu mỉa mai người chỉ trích nhưng thể hiện thái độ tích cực, ủng hộ xe Vinfast.",Positive
233,"Bác nói được vậy thì với tình hình hiện tại, nhấn mạnh là hiện tại bây giờ ngay lúc này chứ không phải chuyện quá khứ, là có nên mua xe Tàu không. Góc nhìn chung của cả nước chứ không phải của cá nhân em nhé bác, nhưng thời nào cũng vậy, luôn có 1 bộ phận vì tiền hoặc lợi ích cá nhân mà bất chấp tự tôn dân tộc.",Fact-implied,Negative,"Người nói đặt vấn đề mua xe Trung Quốc trong bối cảnh hiện tại, nhấn mạnh 'góc nhìn chung của cả nước' và chỉ trích những người vì lợi ích cá nhân mà bất chấp tự tôn dân tộc. Điều này ngầm khẳng định việc mua xe Tàu là hành động thiếu tự tôn, không được cộng đồng ủng hộ, thể hiện thái độ tiêu cực đối với dòng xe này.",Negative
234,"Chả muốn nói, bác tự hiểu biết thêm quan điểm làm gia công dễ, thương hiệu xây dựng mới khó. Mấy đồ rẻ tiền công nghê thấp thương hiệu Tàu không đáng bận tâm, nhưng xe hơi là công nghệ cao, thương hiệu một hãng xe là thành tựu chục năm trăm năm. Mua xe THƯƠNG HIỆU Tàu là góp 1 viên gạch để nó xây thương hiệu của nó trên đất VN.",Fact-implied,Negative,"Người nói dùng lối nói mỉa mai, coi thường các thương hiệu xe Trung Quốc, cho rằng chúng là 'đồ rẻ tiền công nghệ thấp' và việc mua xe Trung Quốc là 'góp gạch xây thương hiệu trên đất Việt', ngầm thể hiện thái độ phản đối và đánh giá thấp chất lượng cũng như giá trị của dòng xe này.",Negative
235,Người biết chuyện sẽ biết lựa món mà mua chứ không phải thấy rẻ là đâm đầu vô bất chấp nhé bác.,Fact-implied,Negative,"Câu nói dùng lời khuyên mỉa mai, ngụ ý rằng chiếc xe đang được nhắc đến có giá rẻ nhưng chất lượng kém, chỉ những người thiếu hiểu biết mới mua. Người nói khuyên người khác nên 'lựa món' (chọn xe tốt) thay vì ham rẻ, qua đó thể hiện sự chê bai và đánh giá tiêu cực về chiếc xe.",Negative
236,"Đồ rẻ tiền ok vì nó không tạo ra giá trị công nghệ nào cho bọn Tàu, còn xe hơi là câu chuyện công nghệ cao của nền công nghiệp định hướng giá trị mỗi quốc gia, đi cùng hệ thống cung ứng sâu rộng, thương hiệu mạnh sẽ quyết định chuỗi cung ứng ở đâu, cũng như tiền thu về để cải tiến và nghiên cứu vật liệu, động cơ, điện tử, phần mềm và cả thiết kế. Chưa kể phản hồi từ người dùng là cơ sở để cải thiện sản phẩm. Bác hiểu rồi chứ?",Fact-implied,Negative,"Người nói phân biệt rõ ràng giữa đồ rẻ tiền (chấp nhận được vì không tạo giá trị công nghệ cho Trung Quốc) và xe hơi, nhấn mạnh xe hơi là câu chuyện công nghệ cao, gắn với nền công nghiệp định hướng giá trị quốc gia, chuỗi cung ứng, thương hiệu mạnh và cải tiến liên tục. Điều này thể hiện sự đánh giá cao và khen ngợi tiềm ẩn đối với xe hơi.",Positive
237,"Nói mãi nhiều bác không hiểu, kinh tế chính trị luôn đi chung với nhau, cái nào bất đắc dĩ và rẻ tiền thì mua đồ TQ (vì có mua nhiều cỡ nào nó cũng chỉ giúp TQ là công xương của thế giới), còn cái nào có nhiều lựa chọn khác, đồ cao cấp công nghệ cao (như xe hơi) thì mắc gì phải mua đồ của bọn Tàu để bọn nó phát triển thành trùm công nghệ. Vì sao Huyndai được như bây giờ, vì người Hàn họ chấp nhận mua xe Hàn dù chất lượng bèo hơn ở thời kì đầu. Cái lý nào để người Việt mua xe Tàu để bọn Tàu mạnh hơn. Xe Tàu bán rẻ vì nó bán mắc không ai mua, còn số tiền các bác thấy rẻ hơn là tụi nó dùng để mua con người các bác đó. Nó mua cái lòng tự tôn để các bác Chạy xe Tàu bị người khác nói này nói nọ vẫn dày mặt bảo “xe rẻ” thì mua thôi bất chấp tụi nó làm đủ trò ác ôn với nước mình.",Fact-implied,Negative,"Toàn bộ đoạn văn thể hiện thái độ chỉ trích gay gắt đối với xe Trung Quốc, cho rằng chúng rẻ tiền, chất lượng kém, và việc mua chúng là thiếu lòng tự tôn dân tộc, thậm chí còn bị coi là 'mua con người' của người bán. Người viết dùng lý lẽ chính trị và kinh tế để phản đối việc tiêu dùng xe TQ, ngầm khẳng định xe Tàu là lựa chọn tồi.",Negative
238,"Cái thằng Tàu cần không phải là lắp xe cho Nhật Mỹ Đức Hàn, mà tụi nó muốn xây dựng thương hiệu xe của riêng nó, dân nó ủng hộ thì không nói, dân Việt mà cũng ủng hộ mới đáng nói.",Fact-implied,Negative,"Người viết thể hiện thái độ tiêu cực đối với việc người Việt ủng hộ xe Trung Quốc. Câu nói mang tính mỉa mai, chê bai khi cho rằng người Trung Quốc muốn xây dựng thương hiệu riêng và người Việt ủng hộ là điều 'đáng nói' (ý chỉ không nên ủng hộ). Từ 'thằng Tàu' mang sắc thái miệt thị, thể hiện sự không hài lòng với xe Trung Quốc nói chung.",Negative
239,"Mình không có tiền nhưng mình biết nó như điện thoại từ TQ, tính năng gì cũng vô đối mà 1-2 năm là móp mép giờ!",Fact-implied,Negative,"Người viết so sánh xe với điện thoại Trung Quốc có 'tính năng vô đối' nhưng nhanh hỏng, ngầm chê chất lượng xe kém bền, dễ xuống cấp sau 1-2 năm sử dụng.",Negative
240,Pin có bao nhiêu watt đâu mà chạy hoài. Pin dùng khi depart là chủ yếu.... thui. Thay thế cho ideling máy xăng thui....,Fact-implied,Negative,"Người dùng đang so sánh pin xe với động cơ xăng, cho rằng pin chỉ dùng khi khởi động (depart) và thay thế cho idling (chạy không tải) của máy xăng. Cách nói 'có bao nhiêu watt đâu mà chạy hoài' thể hiện sự coi thường, cho rằng pin yếu, không đủ mạnh để vận hành xe liên tục. Đây là lời chê bai trực diện về hiệu năng pin của xe điện/hybrid.",Negative
241,"Tuổi thọ pin phụ thuộc vào số lần của chu kỳ nạp xả. Xả hết nạp lại đầy...mà nhiều lần trong thời gian ngắn đi trong phố do hay dừng. Thì pin mau chết...nên bảo hành 3 năm, chứ Toy dại gì 10_năm. Còn ở mẽo pin xe lai thọ hơn vì, quảng đường dài, ít dừng...chu ky nạp xả ít hơn. Toy nó biết rỏ hành vi tiêu dùng mỗi xứ. Nên chỉ có dại mà tâng bốc quá đáng thui...hè hè..",Fact-implied,Negative,"Người viết phân tích sự khác biệt về tuổi thọ pin và chế độ bảo hành giữa các thị trường, chỉ ra rằng Toyota chỉ bảo hành 3 năm ở Việt Nam do điều kiện sử dụng đô thị nhiều dừng đỗ, làm giảm tuổi thọ pin. Kết luận mang hàm ý mỉa mai, cho rằng những ai tâng bốc quá mức là 'dại', thể hiện thái độ tiêu cực và hoài nghi về chất lượng hoặc chính sách của hãng.",Negative
242,"Đi đường dài, thì biết rỏ hè.",Ironic,Negative,"Câu nói 'Đi đường dài, thì biết rõ hè' ngầm ý rằng khi chạy xe đường dài, người dùng mới nhận ra những khuyết điểm hoặc vấn đề của xe (ví dụ: tiếng ồn, độ ồn ào, hao xăng, v.v.) mà trước đó không thấy rõ. Từ 'biết rõ hè' mang sắc thái tiêu cực, thể hiện sự thất vọng hoặc chê bai.",Negative
243,"Xe cỏ em chắc nó gian lận quá hè, Sg_CĐ 500 km, mà chưa tới 25l....",Fact-implied,Positive,Người nói dùng từ 'gian lận' (cheating) để diễn tả sự ngạc nhiên trước mức tiêu hao nhiên liệu cực kỳ thấp: chỉ chưa tới 25 lít xăng cho quãng đường 500 km. Đây là lời khen ngầm về khả năng tiết kiệm xăng vượt trội của xe.,Positive
244,"Đã bảo gùi...vịt chạy đồng thì xài cỡ đó, chỉ vậy thui là chúng thần tượng gùi hè hè",Metaphorical,Negative,"Câu nói sử dụng ngôn ngữ mỉa mai, so sánh chiếc xe với 'vịt chạy đồng' (xe bình dân, chạy đồng ruộng) và cho rằng chỉ cần 'cỡ đó' (chất lượng thấp) là đã đủ để người dùng 'thần tượng' (tôn sùng). Điều này ngầm chê bai chiếc xe có chất lượng kém, chỉ phù hợp với những người dễ hài lòng, không đòi hỏi cao.",Negative
245,Chưa ai kịp vào chê thì cụ phán cái phủ đầu!!!,Ironic,Positive,"Người nói khen ngợi hành động phản ứng nhanh của 'cụ' khi đưa ra nhận xét tích cực về xe trước khi bất kỳ ai có thể chê bai, ngầm khẳng định xe tốt đến mức không ai có cơ hội chê",Positive
246,"Nó còn ăn xăng hơn bình thường ấy chứ bác ( 1.8 chắc phải ăn bằng 2.5), vì nó còn phải lai máy phát điện nạp cho cái cục pin hybrid to tướng kia nữa bác.",Metaphorical,Negative,"Câu nói phàn nàn rằng xe tiêu thụ xăng nhiều hơn bình thường, so sánh động cơ 1.8L ăn xăng như 2.5L, và lý do là phải lai máy phát nạp pin hybrid. Đây là lời chê trực tiếp về hiệu suất nhiên liệu kém.",Negative
247,"Sau hành trình 800km, thấy hiển thị trên đồng hồ thường là 3,3l/100km.",Fact-implied,Positive,"Mức tiêu thụ nhiên liệu chỉ 3,3l/100km sau quãng đường 800km là con số cực kỳ ấn tượng, thể hiện khả năng tiết kiệm xăng vượt trội của xe, một đặc điểm được người dùng đánh giá cao.",Positive
248,"Xăng tăng giá 3 lít/100km, quá đã cho 1 cuộc tình!",Ironic,Positive,"Câu nói 'Xăng tăng giá 3 lít/100km' có thể hiểu là mức tiêu thụ nhiên liệu cao (3 lít/100km), nhưng thực tế đây là con số rất thấp, cho thấy xe tiết kiệm xăng. Cụm từ 'quá đã cho 1 cuộc tình' dùng để nhấn mạnh sự hài lòng, thích thú với chiếc xe, ngầm khen ngợi khả năng tiết kiệm nhiên liệu và trải nghiệm lái xe tốt.",Positive
249,nhưng bác phải đổ xăng thì động cơ điện này mới làm việc đc,Fact-implied,Negative,"Câu nói có vẻ mỉa mai khi nói rằng động cơ điện cần phải đổ xăng mới hoạt động được, điều này trái với bản chất của xe điện (chạy bằng điện, không cần xăng). Điều này ngầm chê bai rằng chiếc xe được quảng cáo là điện nhưng thực tế vẫn phụ thuộc vào xăng, hoặc có thể là chê trách hệ thống hybrid hoạt động không hiệu quả.",Negative
250,"Hôm qua chính thức được ngồi Cross HV đi tỉnh, cả đi cả về tầm 3 tiếng. Nói chung đi xong thì xác nhận lại luôn là xe này chỉ dành cho fan Toyota chính hiệu, kiểu kết hơn kết bồ nhí ngực nở mông to ấy. Ra giấy hơn 1 tỏi to. Đi thì thấy đồng hồ báo 4,1L/100km, ngồi nhẩm thì đi cỡ 200-300k km mới hồi vốn tiền xăng chưa kể thay pin. Trừ xe dịch vụ thì ai chạy 1 năm 20k km là nhiều rồi, như vậy tầm 10 năm hồi vốn tiền xăng. Vẫn chốt lại nếu mua Cross thì mua bản thấp nhất là hợp lý, chứ bản này thì ạ.",Fact-implied,Negative,"Người dùng dùng hình ảnh 'kết hơn kết bồ nhí ngực nở mông to' để khen ngợi thiết kế xe, nhưng sau đó phân tích chi tiết về mức tiêu hao nhiên liệu 4,1L/100km và tính toán thời gian hồi vốn tiền xăng lên tới 10 năm, kết luận rằng bản HV (hybrid) không đáng mua vì giá cao hơn 1 tỷ đồng, chỉ phù hợp với fan cuồng Toyota. Câu kết 'bản này thì ạ' thể hiện sự chê bai, không khuyến khích mua bản HV.",Negative
251,Sao ko bảo hành cục pin 10 năm cho dân tin tưởng để xuống tiền. Vì như pác nói 10 năm nó có hư đâu?. 3 năm hết bảo hành mà hư pin về xin vợ trăm triệu đi thay cục pin chắc vợ nó mừng lắm,Rhetorical-question,Negative,"Câu nói sử dụng giọng điệu mỉa mai: 'chắc vợ nó mừng lắm' ngụ ý việc phải bỏ ra trăm triệu thay pin sau 3 năm bảo hành là điều không ai mong muốn. Từ đó phê phán chính sách bảo hành pin ngắn hạn, làm giảm niềm tin của người mua và tiềm ẩn chi phí sửa chữa lớn.",Negative
252,"Thế sao Thái, Mã, Indo, Âu, Mỹ toy nó đều bảo hành pin 10 năm còn VN 3 năm? Ủa vậy là toy nó ít tên tuổi ở thị trường đó à?",Rhetorical-question,Negative,"Người dùng so sánh thời gian bảo hành pin của Toyota ở các thị trường khác (10 năm) với Việt Nam (3 năm), sau đó dùng câu hỏi tu từ 'Ủa vậy là toy nó ít tên tuổi ở thị trường đó à?' để mỉa mai và chỉ trích chính sách bảo hành kém hơn của Toyota tại Việt Nam, ngầm thể hiện sự bất mãn và cho rằng hãng coi thường khách hàng Việt.",Negative
253,Kỹ thuật toy xác định là đang chạy pin lăn ra hỏng thì có thể lếch tiếp tới hãng để thay pin. Còn nếu pin lăn ra chết khi máy chưa nổ thì chỉ còn thuê xe thớt chở vô hãng thôi. Mà mấy ảnh trên kia nói là pin bền dữ lắm méo hư đâu. Mỗi tội bảo hành có 3 năm. Mà thôi mấy ảnh nói k mua xe Hybrid là k có tiền nên hok dám bàn.,Ironic,Negative,"Người dùng dùng giọng điệu mỉa mai, châm biếm khi nhắc đến lời khẳng định của người khác rằng 'pin bền dữ lắm méo hư đâu' nhưng lại chỉ ra thực tế bảo hành có 3 năm, ngầm ý rằng pin không thực sự bền và rủi ro hỏng hóc là có thật. Câu cuối 'mấy ảnh nói k mua xe Hybrid là k có tiền' thể hiện sự bất bình với quan điểm áp đặt, cho thái độ tiêu cực đối với xe Hybrid nói chung.",Negative
254,"Cái vấn đề càng hiện đại thì sẽ càng hại điện chưa bao giờ sai nha bác. So với yếu tố tiết kiệm nhiên liệu/ giá cao hơn bản thường thì e sẽ ko bao h mua hybrid. Trừ khi nhà nước có kế hoạch ưu tiên xe xanh, bảo vệ môi trường thì đó là lúc ta xài hybrid/ electric. Chưa kể cái máy hybrid chỉ tối ưu nhất khi đi trong phố, đi đg trường vẫn ăn uống bt",Fact-implied,Negative,"Người dùng phản đối việc mua xe hybrid với các lý do: công nghệ hiện đại gây hao điện, chi phí cao hơn xe thường, chỉ tiết kiệm nhiên liệu trong phố nhưng đường trường vẫn hao xăng. Các lập luận này đều mang tính tiêu cực, chê bai xe hybrid không đáng mua.",Negative
255,"khác nhau con số, còn thực tế ko biết vì chưa gặp xe nào phải bảo hành thay pin sau 3 năm !",Fact-implied,Positive,"Người nói ám chỉ rằng mặc dù có nhiều thông số lý thuyết khác nhau, nhưng thực tế chưa từng gặp trường hợp nào phải thay pin sau 3 năm, cho thấy pin xe rất bền và đáng tin cậy.",Positive
256,"Hôm trước có coi 1 clip của tipcar TV phân tích là không xăng không chạy được, suy ra là điện chỉ để bổ trợ 1 phần nhỏ chứ không phải dưới 40 chạy điện đâu bác",Fact-implied,Negative,"Câu nói dẫn lại thông tin từ một clip phân tích, ngầm khẳng định rằng xe không thể chạy hoàn toàn bằng điện ở tốc độ thấp như quảng cáo, mà vẫn cần xăng. Điều này cho thấy sự thất vọng hoặc chỉ trích về tính năng hybrid của xe không đúng như kỳ vọng.",Negative
257,Mấy hãng ít tên tuổi mới nâng thời hạn bảo hành để lấy lòng khách hàng thôi. Còn những thương hiệu lớn. Ai dại mà bỏ tiền túi ra bù chi phí cho Khách hàng. Ngày trước Huyndai và Kia cũng áp dụng bảo hành 5 năm ở Mỹ( các hãng khác chỉ 3 năm) . Nhưng giờ Huyndai và Kia đã có chỗ đứng ở Mỹ thì bảo hành lại về 3 năm,Fact-implied,Negative,"Người nói dùng giọng điệu chỉ trích để cho rằng việc tăng thời hạn bảo hành chỉ là chiêu trò của các hãng ít tên tuổi, còn các thương hiệu lớn không muốn bỏ tiền túi hỗ trợ khách hàng. Ví dụ Hyundai và Kia từng áp dụng bảo hành 5 năm tại Mỹ để tạo chỗ đứng, nhưng sau đó đã giảm xuống còn 3 năm. Điều này ngầm thể hiện sự thất vọng và hoài nghi về chính sách của các hãng xe, cho rằng họ ưu tiên lợi nhuận hơn lợi ích khách hàng, từ đó tạo cảm giác tiêu cực về giá trị của xe.",Negative
258,"Khác nhau nhiều lắm bác. Cục bảo hành 3 năm thì sang năm thứ 4 khả năng móc ví 100tr là có, còn cục bảo hành 10 năm thì chắc bán xe mất rồi. Nhớ ngày xưa thời sinh viên mua cục nguồn PC của anh hàng xóm, bảo hành 1 năm, đến lúc nó lăn ra die bất đắc kỵ tử, mở thùng máy xem tem bảo hành thì vừa hết bảo hành chưa đầy 1 tháng",Fact-implied,Negative,"Người nói so sánh thời gian bảo hành 3 năm và 10 năm, ngụ ý rằng với bảo hành ngắn (3 năm), ngay sau khi hết hạn, xe rất dễ gặp hư hỏng nặng tốn kém (ví dụ 100 triệu). Câu chuyện về bộ nguồn PC hỏng ngay sau bảo hành 1 năm càng nhấn mạnh sự thiếu tin cậy, tạo cảm giác lo lắng về chất lượng xe và chi phí sửa chữa sau bảo hành. Đây là lời phê phán tiêu cực đối với độ bền của xe.",Negative
259,"Bác nào đã từng chạy Vespa nhập khẩu rồi sẽ thấy, CVT nhiều khi nó còn giật hơn cả số 4 cấp của Fortuner. : )))",Fact-implied,Negative,"So sánh CVT của Vespa với hộp số 4 cấp của Fortuner (vốn đã không mượt) và cho rằng nó còn giật hơn, kèm theo biểu tượng cười mỉa mai, ngầm chê bai chất lượng vận hành của Vespa.",Negative
260,"Uh, nhưng tại sao nó lại đứng đầu phân khúc cho đến giờ?!",Rhetorical-question,Positive,"Câu hỏi tu từ 'tại sao nó lại đứng đầu phân khúc cho đến giờ?!' kết hợp với từ 'Uh' thể hiện sự hoài nghi, ngầm cho rằng vị trí dẫn đầu của xe là không xứng đáng hoặc khó hiểu, mang hàm ý chê bai.",Negative
261,"Rush ko có lọc gió, bó tay anh Toy thiệt",Fact-implied,Negative,"Câu nói 'Rush ko có lọc gió, bó tay anh Toy thiệt' thể hiện sự thất vọng và chê bai khi chiếc xe Rush thiếu bộ lọc gió, một trang bị cơ bản. Cụm từ 'bó tay' và 'anh Toy thiệt' mang tính mỉa mai, chỉ trích hãng Toyota vì thiếu sót này.",Negative
262,Avanza với Innova đều 7 chỗ vậy Innova hơn gì nhỉ,Rhetorical-question,Negative,"Câu hỏi so sánh giữa Avanza và Innova, cả hai đều 7 chỗ, nhưng người nói hỏi 'Innova hơn gì nhỉ' mang hàm ý nghi ngờ về sự vượt trội của Innova, ngầm cho rằng Innova không có điểm gì nổi bật hơn Avanza.",Negative
263,"Avanza xác xe to nặng, hộp số CVT thì có đáp ứng đằng trời cũng không thể ăn được Focus gầm thấp dáng thể thao dùng ly hợp kép. Ông nào lái Focus đều đã trải qua cảm giác dính ghế rồi, Civic còn chưa ăn lại nói gì Avanza.",Fact-implied,Negative,"So sánh Avanza với Focus và Civic, người nói khẳng định Avanza không thể đánh bại Focus dù có hộp số CVT nào, đồng thời nhấn mạnh cảm giác 'dính ghế' của Focus mà Civic còn chưa làm được. Điều này ngầm thể hiện sự đánh giá thấp hiệu suất của Avanza, cho rằng nó yếu kém hơn hẳn đối thủ.",Negative
264,"Giờ 8/10 chiếc Taxi/Grab là Xpander còn gì. Em vẫn không chọn các dòng nhiều chổ ngồi, ít túi khí, nếu phục vụ gia đình mình (cho người ta thuê thì được, hehe).",Fact-implied,Negative,"Người nói nhận xét rằng đa số taxi/Grab là Xpander, nhưng ngay sau đó khẳng định không chọn dòng xe nhiều chỗ ngồi, ít túi khí cho gia đình mình. Điều này ngầm chỉ ra rằng xe thiếu an toàn (ít túi khí) và chỉ phù hợp cho thuê chứ không dùng cho gia đình. Câu kết 'cho người ta thuê thì được' kèm 'hehe' mang tính mỉa mai, chê bai xe không đáp ứng tiêu chuẩn an toàn cho người thân.",Negative
265,Su thì ngoại hình chua lét Mà ai ăn chua được lại thấy nó ngon,Metaphorical,Negative,"Câu nói trực tiếp chê ngoại hình xe 'chua lét' (rất xấu), sau đó dùng phép ẩn dụ 'ăn chua' để ám chỉ chỉ những người có sở thích đặc biệt mới thấy nó ngon, tức là xe chỉ phù hợp với số ít, không phải khen ngợi. Sự đánh giá tiêu cực về ngoại hình chiếm ưu thế, nên cảm xúc chung là tiêu cực.",Negative
266,chắc ảnh chạy chế độ giả lập. CVT sao lại giật được nhỉ???,Rhetorical-question,Positive,"Người nói tỏ ra hoài nghi về hiện tượng giật khi xe dùng hộp số CVT, vốn được biết đến với vận hành mượt mà. Câu hỏi 'sao lại giật được nhỉ' ngầm chỉ trích rằng việc giật là bất thường và có vấn đề, thể hiện thái độ tiêu cực đối với chiếc xe.",Negative
267,1.5 CVT 7 chỗ thì lấy đâu ra nhạy chân ga chứ,Fact-implied,Negative,"Câu nói sử dụng cấu trúc câu hỏi tu từ 'lấy đâu ra' để phủ nhận khả năng tăng tốc nhạy bén của xe. Với động cơ 1.5L kết hợp hộp số CVT trên xe 7 chỗ, người nói ngầm chê bai sức mạnh yếu, không thể có cảm giác chân ga nhạy.",Negative
268,Bác cứ nhìn biển vàng là hiểu nhỉ,Fact-implied,Negative,"Câu nói ám chỉ đến biển số vàng (xe kinh doanh vận tải), ngầm đánh giá chiếc xe mang tính chất dịch vụ, không sang trọng hoặc kém đẳng cấp, thể hiện thái độ không hài lòng về hình ảnh hoặc trải nghiệm cá nhân",Negative
269,"Cuồng thì cũng vừa thôi bác nhể, 1.5CVT so với 1.5turbo (công suất ngang 2.5) 6AT thì có lẽ khỏi tranh cãi làm gì cho mệt người.",Fact-implied,Negative,"Người nói dùng lời lẽ mỉa mai 'cuồng thì cũng vừa thôi' để chê bai sự cuồng nhiệt thái quá về một chiếc xe, sau đó so sánh trực tiếp giữa phiên bản 1.5CVT và 1.5turbo (công suất ngang 2.5) với hộp số 6AT, kết luận 'khỏi tranh cãi' – ngầm khẳng định rằng phiên bản turbo vượt trội hoàn toàn, còn phiên bản CVT yếu kém và không đáng bàn tới. Thái độ khinh thường thể hiện rõ sự đánh giá tiêu cực đối với chiếc xe sử dụng động cơ 1.5CVT.",Negative
270,Thằng này lái ngang Ford Focus thì em thua .Thằng Focus vs Civic bảng sport mai ra . Chứ Civic  bảng đèn tròn đèn vuông ko có cửa đụng với Focus .Lái ly hợp kép xong qua lái CVT 1.5 là muốn vứt mẹ nó cái xe rồi .,Fact-implied,Negative,"Người nói so sánh trải nghiệm lái Ford Focus (ly hợp kép) với Honda Civic (CVT 1.5), nhấn mạnh rằng Civic không có cơ hội cạnh tranh với Focus. Câu kết 'muốn vứt mẹ nó cái xe' thể hiện sự thất vọng tột độ, ngầm chê bai hệ thống truyền động CVT của Civic kém hơn hẳn.",Negative
271,Xpander thì thôi kinh khủng rồi. Đánh bại Innova thì đủ biết cỡ nào. Giờ không biết còn hiếm hàng như 4/2021 không nhỉ,Fact-implied,Positive,"Câu nói bắt đầu bằng 'thôi kinh khủng rồi' - trong tiếng lóng, 'kinh khủng' ở đây mang nghĩa tích cực (tuyệt vời, đỉnh cao). Việc 'đánh bại Innova' nhấn mạnh sự vượt trội so với đối thủ lớn, càng khẳng định chất lượng. Cuối cùng, hỏi về độ hiếm hàng như thời 4/2021 ngầm ý xe từng rất được ưa chuộng, khan hiếm. Toàn bộ câu thể hiện sự ngưỡng mộ và khẳng định giá trị của xe.",Positive
272,Toàn tập lái vào tâng bốc cho con veloz bia kèm lạc không,Metaphorical,Negative,Câu nói sử dụng từ 'tâng bốc' (ca ngợi quá mức) kết hợp với 'bia kèm lạc' (món nhậu rẻ tiền) để mỉa mai rằng xe Veloz thực chất chỉ là hàng kém chất lượng nhưng bị thổi phồng. Đây là lời chê bai gián tiếp.,Negative
273,Xe yếu hay không là do tiền chi cho PR nhiều hay ít thôi. chứ cái thể loại rì viu như HL gì gì đó thì cục c cũng thành xúc xích cao cấp ah.,Metaphorical,Negative,"Câu nói sử dụng phép so sánh mỉa mai ('cục c cũng thành xúc xích cao cấp') để chê bai các bài đánh giá sai lệch, thiếu trung thực do chi PR quá nhiều, ngầm khẳng định xe thực chất yếu nhưng được thổi phồng. Đây là lời chê trách về chất lượng xe và sự thiếu minh bạch trong quảng cáo.",Negative
274,"Hôm cầm con này đi đồi chè cầu đất gặp anh XL7, đường phẳng ổng vượt mình chạy mất tiêu. Tới đoạn đèo lại gặp ổng đang bò bò lên, hài vãi nồi .Ông Xpander thì cứ bu bu sau đích mình , không vượt cũng không biết định làm gì",Fact-implied,Negative,"Người viết kể lại trải nghiệm thực tế khi lái xe lên đồi chè, trong đó một chiếc XL7 (được cho là có sức mạnh hơn) vượt được trên đường bằng nhưng đến đoạn đèo dốc lại chạy chậm 'bò bò', trong khi chiếc Xpander chỉ bám đằng sau không thể vượt. Chiếc xe của người nói ngầm được thể hiện có khả năng leo đèo tốt, giữ vững phong độ và không bị ì ạch như đối thủ, qua đó khen ngợi sức mạnh động cơ và khả năng vận hành trên địa hình dốc.",Positive
275,"Lậy thánh bugi,lậy dây pha nguồn,lậy thầy ắc quy. cho con đề được. Amen! chắc ảnh khấn vại.",Ironic,Negative,"Người dùng dùng hình ảnh hài hước 'khấn' các bộ phận bugi, dây pha, ắc quy để ngầm chê bai chiếc xe thường xuyên gặp vấn đề khi đề máy, không đáng tin cậy.",Negative
276,E lái con outlander 2.0cvt đi đèo bình thường không sao chứ có xe vượt kiểu lưng chừng dốc còn thấy đuối đừng nói chi 1.5cvt.,Fact-implied,Negative,"Người nói cho rằng xe Outlander 2.0 CVT chạy đèo bình thường không vấn đề, nhưng khi vượt xe khác giữa dốc thì thấy yếu ('đuối'), và còn so sánh rằng phiên bản 1.5 CVT sẽ còn yếu hơn. Điều này thể hiện sự chê bai về khả năng vận hành khi tải nặng, đặc biệt là lúc cần tăng tốc vượt dốc.",Negative
277,Sao khi xem xong bài đánh giá tôi đã quyết định kêu vợ đặt cọc....Tháng 9 này lấy xe ko có kèm lạc còn tặng từa lưa hột dưa.,Metaphorical,Positive,"Người nói quyết định đặt cọc mua xe sau khi xem bài đánh giá, thể hiện sự tin tưởng và hài lòng với xe. Câu nói về quà tặng 'ko có kèm lạc còn tặng từa lưa hột dưa' mang tính hài hước, không làm giảm đi quyết định mua tích cực.",Positive
278,"hôm bữa có ngồi con Vê lờ này full tải đi cao tốc Trung Lương 1 lần, tởn tới già luôn ! xe ko yếu, nhưng em nó nhấn ga 1 cái y như sắp cất cánh luôn !",Metaphorical,Negative,"Người nói mô tả trải nghiệm lái xe full tải trên cao tốc gây sợ hãi ('tởn tới già'), dù thừa nhận xe không yếu nhưng khi nhấn ga thì xe vọt lên như sắp cất cánh, thể hiện sự phản cảm về độ bốc quá mức gây mất an toàn và cảm giác khó chịu.",Negative
279,"Lạy mấy ông đòi giá mấy trăm. Mua xe tào đi mấy đứa, với bớt nhoi lại cái. Chưa ngồi lên, chưa sờ mó, chưa chạy thử mà chém như đúng roài. . Mình đi quay tào, éo dám chém",Rhetorical-question,Positive,"Người nói dùng giọng điệu mỉa mai, châm biếm ('Lạy mấy ông', 'chém như đúng roài') để chỉ trích việc định giá quá cao và những lời quảng cáo thổi phồng về xe mà không có trải nghiệm thực tế. Câu kết 'Mình đi quay tào, éo dám chém' khẳng định lựa chọn xe rẻ tiền, ngầm cho rằng chiếc xe đang bị đánh giá không xứng đáng với mức giá.",Negative
280,"Oh, vậy 1 con Vinfast lúc xa lúc gần gì = 4-5 con Bim 320 lận à? Vậy chửi đắt cũng có lý nhỉ .",Rhetorical-question,Negative,"Câu nói sử dụng giọng điệu mỉa mai khi so sánh một chiếc Vinfast với 4-5 chiếc BMW 320, ngụ ý rằng mức giá của Vinfast là phi lý và quá đắt. Kết luận 'chửi đắt cũng có lý' cho thấy người nói đồng tình với việc chỉ trích giá xe, thể hiện thái độ tiêu cực.",Negative
281,"Đặt đợt đầu thì mâm nằm trong gói option đâu 20tr, mà quả mâm đấy sau thay lốp thì vỡ alo luôn",Metaphorical,Negative,"Người dùng phàn nàn về chất lượng mâm xe: mặc dù thuộc gói option đắt tiền (20tr) nhưng sau khi thay lốp đã bị vỡ ngay, cho thấy độ bền kém và không tương xứng với giá trị",Negative
282,"ý bác ấy là con này có đáng tỷ rưỡi đang bán ko, hay chỉ đáng 1 tỷ, hoặc 700 thôi bác ạ =))) với cả nhà máy nó khoe công suất 250k xe 1 năm cơ ko phải lo SX ko kịp đâu quy mô thị trường 2020 chỉ là 296000 xe thôi =))",Rhetorical-question,Negative,"Người nói dùng câu hỏi chế nhạo về giá trị của chiếc xe (đáng 1,5 tỷ hay chỉ 1 tỷ, thậm chí 700 triệu) kèm biểu tượng cười =))) để thể hiện sự hoài nghi và cho rằng xe bị định giá quá cao. Đồng thời so sánh công suất nhà máy (250k xe/năm) với quy mô thị trường (296k xe) nhằm mỉa mai sự khoe khoang thiếu thực tế, ngầm chê xe không xứng đáng với mức giá đang bán.",Negative
283,Bán mà ko dám cho ngta coi hang thì lạ lắm à nhen ),Fact-implied,Negative,"Câu nói chỉ trích người bán không dám cho xem hàng, ngầm ám chỉ sản phẩm (xe) có vấn đề hoặc không đáng tin cậy, thể hiện thái độ tiêu cực đối với giao dịch.",Negative
284,"Giá 700 sedan, 850 SUV thi cháy hàng. Còn lại thì chia tay hoàng hôn.",Metaphorical,Negative,"Câu nói cho thấy chỉ có mức giá 700 cho sedan và 850 cho SUV là bán chạy, còn các mức giá khác đều thất bại ('chia tay hoàng hôn' - ẩn dụ cho sự kết thúc, không thành công). Điều này ngầm phê phán chiến lược giá không hợp lý, khiến đa số phiên bản xe không được thị trường đón nhận, mang sắc thái tiêu cực.",Negative
285,Xe vin nhìn đẹp chủ yếu mọi người lăn tăn về giá thôi...mà giá của vin thì toàn trên mây...nên nằm ngoài tầm với của rất nhiều anh em...,Metaphorical,Negative,"Câu nói khen xe Vin nhìn đẹp nhưng ngay sau đó nhấn mạnh giá quá cao ('trên mây') khiến nhiều người không thể mua, thể hiện sự thất vọng về mức giá không hợp lý, dẫn đến cảm xúc tiêu cực tổng thể.",Negative
286,Thì chất lượng nó đi với giá bác ah...mua một con xe mà chưa được kiểm chứng thì cũng căng,Fact-implied,Negative,"Người nói cho rằng chất lượng tương xứng với giá cả, nhưng việc mua một chiếc xe chưa được kiểm chứng là rất căng thẳng và rủi ro, thể hiện sự lo ngại và không tin tưởng vào sản phẩm.",Negative
287,hóng cắt lỗ 500 chai,Ironic,Negative,"Từ 'hóng' thể hiện sự chờ đợi, mong ngóng việc xe bị cắt lỗ (giảm giá mạnh) 500 triệu, ngầm cho thấy người nói cho rằng xe đang bị định giá quá cao so với giá trị thực, cần phải giảm sâu mới đáng mua.",Negative
288,"Theo em ngầm hỉu chủ ý của bác thớt là đi xe VF phải có thật nhiều tiền trong..xe, không thì không yên tâm như đi mấy con xe thông dụng khác..kkk",Ironic,Negative,"Người nói ngầm hiểu rằng đi xe VF cần có nhiều tiền trong xe để yên tâm, không như các xe thông dụng khác. Đây là lời châm biếm, ám chỉ xe VF không đáng tin cậy, hay gặp vấn đề khiến chủ xe phải luôn chuẩn bị sẵn tiền. Cảm xúc tiêu cực, chê bai độ tin cậy của xe.",Negative
289,Màn hình đậm chất tàu Việt hóa quá,Ironic,Negative,"Cụm từ 'đậm chất tàu' mang hàm ý tiêu cực, chỉ sự sao chép, kém chất lượng; 'Việt hóa quá' cho thấy sự điều chỉnh quá mức, gây khó chịu. Người nói chê bai màn hình xe.",Negative
290,"cuối cùng thiếu câu chốt, con này đáng giá bao nhiêu?  giá trị đang bán hay 1 tỏi hay 700",Rhetorical-question,Negative,"Câu hỏi 'đáng giá bao nhiêu?' cùng việc đưa ra các mức giá thấp hơn giá bán ('1 tỏi hay 700') cho thấy người nói nghi ngờ giá trị thực của xe, cho rằng nó không xứng đáng với mức giá đang được rao bán. Đây là một lời chê bai ngầm về mức giá quá cao so với chất lượng.",Negative
291,Giá này thì mua Hybrid cho lành.,Ironic,Negative,"Câu nói gợi ý nên mua xe Hybrid thay vì xe đang được nói đến, ngụ ý rằng chiếc xe hiện tại có vấn đề (ví dụ: giá cao, tiêu hao nhiên liệu lớn) và không đáng mua bằng dòng Hybrid tiết kiệm hơn.",Negative
292,"Cá nhân t ngoại thất bình thường, đường nét lai mỗi xe khác 1 chút, trong khi kích thước xe hạn mà nhồi nhét quá nhiều đường gân dập nổi",Fact-implied,Negative,"Người dùng chê thiết kế ngoại thất: 'bình thường' (không nổi bật), 'đường nét lai' (không thống nhất, pha tạp), và 'nhồi nhét quá nhiều đường gân dập nổi' trên một chiếc xe kích thước nhỏ, tạo cảm giác rối mắt, thiếu tinh tế.",Negative
293,"p/s: mới gặp vài hôm trước, chuẩn bị xuống hầm thủ thiêm (nghe anh chủ nói với anh phân luồng là đỏng đảnh, không chịu chạy)",Metaphorical,Negative,"Câu nói mô tả chủ xe phàn nàn với người phân luồng rằng xe 'đỏng đảnh, không chịu chạy', ngầm chỉ xe hay gặp trục trặc, không vận hành ổn định, thể hiện sự bất mãn về độ tin cậy của xe.",Negative
294,Đường nào thì cũng Tàu cả mua hẳn con Tàu chính hãng cho nó ngon đỡ phải đi fix lỗi.,Ironic,Negative,"Người nói thể hiện sự chán nản với việc sửa lỗi các loại xe đường Tàu (Trung Quốc), cho rằng mua xe Tàu chính hãng sẽ giúp tránh được các lỗi phải sửa chữa. Câu nói có nghĩa là hàng chính hãng chất lượng hơn, ít lỗi hơn, thể hiện sự hài lòng và tin tưởng vào chất lượng của hãng xe đó.",Positive
295,"BYD vừa giới thiệu con Atto3 cùng phân khúc với VF7, mà giá bản full kèm pin chỉ hơn 8 trăm thôi. Không giảm giá sớm thì thành “Bại liệt tinh thần Việt” luôn",Ironic,Negative,"Người nói so sánh BYD Atto3 với VF7 và cho rằng mức giá hơn 800 triệu là quá cao, đe dọa rằng nếu không giảm giá sẽ thất bại ('Bại liệt tinh thần Việt' là cách nói mỉa mai). Đây là lời chê bai về giá cả và khả năng cạnh tranh của xe.",Negative
296,Tôi đã đi được hơn 4 vạn nhưng phải công nhận Wigo có mỗi nhược điểm: hơi ồn.,Fact-implied,Positive,"Người nói đã đi hơn 4 vạn km và chỉ chỉ ra một nhược điểm duy nhất là hơi ồn, điều này ngầm khẳng định xe rất tốt ở các khía cạnh khác, thể hiện sự hài lòng tổng thể.",Positive
297,Wigo cách âm kém có ưu điểm đấy chứ… còi tàu sẽ làm cụ giật mình và đạp thắng.,Ironic,Negative,"Câu nói bắt đầu bằng việc thừa nhận nhược điểm 'cách âm kém' của Wigo, sau đó dùng giọng điệu mỉa mai 'có ưu điểm đấy chứ' để biến nhược điểm thành lợi ích giả tạo. Thực chất, việc 'còi tàu làm cụ giật mình và đạp thắng' là lời chê trách khả năng cách âm kém gây khó chịu và nguy hiểm. Cả câu mang tính châm biếm, thể hiện thái độ tiêu cực về chất lượng xe.",Negative
298,Ngoài việc bền ra thực sự ko có yếu tố nào để khách hàng xuống tiền,Fact-implied,Negative,"Câu nói khẳng định duy nhất ưu điểm là độ bền, nhưng sau đó nhấn mạnh không còn yếu tố nào khác để thuyết phục khách hàng mua xe. Cấu trúc 'Ngoài... ra thực sự ko có...' mang hàm ý chê bai sự thiếu thốn về tính năng, thiết kế hoặc giá trị tổng thể, khiến xe không đáng để đầu tư.",Negative
299,"Khi Vin ra xe, e đã bảo để sau 5 năm xem thế nào thì hẵng mua.",Fact-implied,Negative,"Người nói thể hiện sự hoài nghi và thái độ chờ đợi để đánh giá chất lượng xe Vin sau một thời gian dài sử dụng (5 năm), ngầm ý rằng xe có thể không đáng tin cậy ngay từ đầu, cần thời gian kiểm chứng.",Negative
300,"Bác lái thử… nếu vẫn thấy ‘rất đầm’… thì em đăng ký mua 2 chiếc, 1 chiếc biếu bác luôn.",Ironic,Negative,"Người nói thể hiện sự tự tin cao vào chất lượng vận hành của xe, đặc biệt là độ 'đầm' (ổn định, chắc chắn). Nếu người lái thử vẫn cảm thấy hài lòng, người nói sẵn sàng mua hai chiếc, tặng một chiếc cho người kia. Đây là cách khen ngầm mạnh mẽ, khẳng định xe rất đáng mua.",Positive
301,"Fortuner thì vẫn cày cuốc phục vụ chủ nhân mà không đổ bệnh, đòi tiền.",Metaphorical,Positive,"Sử dụng hình ảnh 'cày cuốc' và 'không đổ bệnh, đòi tiền' để ngầm khen ngợi độ bền bỉ, ít hỏng vặt và chi phí bảo dưỡng thấp của xe Fortuner, thể hiện sự hài lòng về độ tin cậy.",Positive
302,Thực tế qua clip này thì Fortuner đúng là thánh lật rồi.,Metaphorical,Negative,"Câu nói sử dụng từ 'thánh lật' (thánh lật xe) để mỉa mai và chỉ trích trực tiếp khả năng mất ổn định, dễ lật của xe Fortuner, ngầm khẳng định đây là một nhược điểm nghiêm trọng về an toàn.",Negative
