Id,Text,Implicit type,Sentiment,explanation,predicted_sentiment
1,Phải thêm cái Danh hiệu xe điện sang tay của Năm mới đủ.,Ironic,Negative,"Câu nói sử dụng cách nói mỉa mai khi đề xuất một 'Danh hiệu' cho việc bán lại (sang tay). Trong thị trường xe điện, việc nhấn mạnh vào khả năng 'sang tay' thường ngầm ám chỉ xe mất giá nhanh hoặc khó bán, hoặc mỉa mai về giá trị thực tế của xe sau khi sử dụng.",Negative
2,Lụm mịa nó hết các vị trí nhất bảng hé hé,Fact-implied,Positive,"Sử dụng ngôn ngữ bình dân ('lụm mịa nó') và biểu cảm vui vẻ ('hé hé') để khẳng định chiếc xe chiếm lĩnh tất cả các vị trí dẫn đầu (nhất bảng) về các tiêu chí đánh giá hoặc doanh số, thể hiện sự tự hào và khen ngợi tuyệt đối.",Positive
3,"limo nào mà nhiều chắc ở cửa hàng, trong khi book grab 7 chỗ toàn BYD 7",Ironic,Negative,"Người nói so sánh sự phổ biến của xe BYD 7 chỗ với xe limo, khẳng định rằng trong khi xe limo hiếm thấy (chỉ có ở cửa hàng) thì xe BYD lại xuất hiện tràn ngập trong dịch vụ Grab. Điều này ngầm khen ngợi mức độ phổ biến, sự tin dùng và tính thực dụng của dòng xe BYD",Positive
4,"Xe dịch vụ của năm là XL, xe điện của năm còn phải xét lại , ngoài đường con BYD 7 chỗ chạy đầy đường",Fact-implied,Negative,"Người viết khẳng định XL là 'xe dịch vụ của năm' (khen ngợi tính thực dụng/hiệu quả), đồng thời bày tỏ sự nghi ngờ về vị thế của các dòng xe điện khác khi cho rằng 'phải xét lại' và dẫn chứng việc xe BYD xuất hiện phổ biến hơn, ngầm ý rằng các mẫu xe điện được tung hô hiện nay chưa thực sự chiếm ưu thế tuyệt đối hoặc không xứng đáng với danh hiệu 'xe điện của năm'.",Negative
5,"Ẹc mồm thì quang quác mà tay vẫn nhặt hàng, khầy đỉnh quá",Ironic,Positive,"Câu này sử dụng ngôn ngữ mạng ('quang quác', 'khầy') và cấu trúc đối lập. Việc 'mồm quang quác' (nói nhiều/phàn nàn) nhưng 'tay vẫn nhặt hàng' (vẫn mua/chốt đơn) cho thấy sự mâu thuẫn giữa lời nói và hành động, ngầm khẳng định sức hút của sản phẩm quá lớn khiến người dùng không thể cưỡng lại. Từ 'đỉnh quá' là lời khen trực tiếp về chất lượng hoặc giá trị của sản phẩm/chiếc xe.",Positive
6,BYD7 chắc doanh số chưa bằng 1/10 con limo,Fact-implied,Negative,"Người viết sử dụng phép so sánh về doanh số (chưa bằng 1/10) để ngầm khẳng định mẫu xe BYD7 không được ưa chuộng hoặc không thành công trên thị trường so với đối thủ (limo), thể hiện sự đánh giá thấp về sức hút của chiếc xe.",Negative
7,"Limo Green thì ok, thấy chạy đầy đường dù mới ra mắt... còn 2 con ở mục 2, 3... phải nói là nhìn lòi mắt may ra thấy được chiếc; bgk chấm điểm nhìn vào tờ polyme à!?!?",Rhetorical-question,Negative,"Người viết so sánh sự phổ biến của màu Limo Green với hai phiên bản khác. Việc dùng cụm từ 'nhìn lòi mắt may ra thấy được chiếc' cho thấy hai phiên bản kia quá kén khách hoặc không được ưa chuộng. Đồng thời, câu hỏi mỉa mai 'bgk chấm điểm nhìn vào tờ polyme à' ngầm chỉ trích việc đánh giá cao những phiên bản này chỉ dựa trên giá tiền (đắt tiền) chứ không phải vì giá trị thực tế hay sự đón nhận của thị trường.",Negative
8,bài này nên để tiêu đề QUẢNG CÁO để người đọc đỡ buồn cười,Ironic,Negative,"Người viết cho rằng nội dung bài viết quá thiên về ca ngợi, thiếu khách quan đến mức nực cười, nên mỉa mai rằng cần gắn mác 'QUẢNG CÁO' để tránh gây cười cho người đọc. Điều này thể hiện sự chê bai đối với chất lượng hoặc tính trung thực của thông tin về chiếc xe",Negative
9,"Đây là một ví dụ điển hình về kết quả bình chọn trong giới xe biz, ko hiểu các bác bình chọn nghĩ gì",Rhetorical-question,Negative,Người viết sử dụng cụm từ 'ví dụ điển hình' kết hợp với câu hỏi tu từ 'không hiểu các bác bình chọn nghĩ gì' để thể hiện sự mỉa mai và không đồng tình với kết quả bình chọn. Điều này ngầm định rằng chiếc xe không xứng đáng với vị trí hoặc đánh giá cao mà nó nhận được trong giới xe biz.,Negative
10,"Chấm điểm phải có tính quốc tế môt chút thì giải thưởng mới có giá trị. Chiếc Limo Green này đem ra quốc tế ai mua? Xe vinfast bán nhiều thật, nhưng do cơ sở hạ tầng tốt chứ không phải bản thân chiếc xe. Nếu mình chấm thì chỉ chấm chiếc VF3 là cao lắm.",Rhetorical-question,Negative,"Người viết phủ nhận giá trị của giải thưởng và chất lượng của xe (Limo Green), cho rằng doanh số của VinFast là nhờ hạ tầng chứ không phải do chất lượng xe. Việc chỉ chấp nhận chấm điểm cao cho VF3 (mẫu xe giá rẻ/nhỏ) ngầm khẳng định các dòng xe cao cấp hơn của hãng không đạt tiêu chuẩn quốc tế.",Negative
11,Em chỉ chờ kia nó ra bán tải có ghế sau ngã được là quất thôi,Fact-implied,Positive,Người dùng thể hiện mong muốn mua xe ('quất thôi') ngay khi hãng ra mắt phiên bản đáp ứng được nhu cầu cụ thể (ghế sau ngả được). Điều này cho thấy thái độ tích cực và sự tin tưởng vào thương hiệu/dòng xe này.,Positive
12,Mời các anh chê Hilux vào điểm danh nào. Em không dám khen nữa đâu,Ironic,Positive,"Người viết sử dụng cách nói ngược (mỉa mai). Việc thách thức những người chê xe 'vào điểm danh' và nói 'không dám khen nữa' ngầm khẳng định rằng chiếc xe quá tốt, đến mức những lời chê bai trở nên nực cười hoặc không có cơ sở",Positive
13,Thế bác chưa cập nhật tin tức à. Ford nó tuyên bố bảo hành xì dầu đến khi nào chữa hết bệnh mới thôi.,Fact-implied,Negative,"Câu nói mang tính mỉa mai khi đề cập đến việc 'bảo hành đến khi nào chữa hết bệnh mới thôi', ngầm khẳng định rằng lỗi xì dầu của Ford là một 'căn bệnh' kinh niên, nan y và không thể khắc phục triệt để dù có bảo hành bao lâu đi nữa.",Negative
14,"Nói thế thôi, Bác ko bật Power lên đạp nó gào lên ầm ĩ điếc cả tai, sót cả ruột, Bật Power lên nhẹ nhàng như 1 cơn gió.",Fact-implied,Positive,"Người dùng so sánh hai trạng thái vận hành: khi không bật chế độ Power thì xe ồn và tốn xăng ('gào lên', 'sót ruột'), nhưng khi bật Power thì xe vận hành mượt mà và êm ái ('nhẹ nhàng như 1 cơn gió'). Việc nhấn mạnh vào hiệu quả tích cực khi sử dụng tính năng Power cho thấy sự hài lòng về khả năng vận hành của xe.",Positive
15,Hilux mà đi đường trường tiêu thụ như con vios bác nhé.,Fact-implied,Positive,"Việc so sánh mức tiêu thụ nhiên liệu của một chiếc xe bán tải cỡ lớn (Hilux) với một chiếc sedan hạng B nhỏ gọn (Vios) ngầm khẳng định chiếc Hilux này cực kỳ tiết kiệm xăng, vượt xa mong đợi đối với một dòng xe tải",Positive
16,))) Ai có thời gian mà đi bảo hành như thế hả bác?,Rhetorical-question,Negative,"Câu hỏi tu từ 'Ai có thời gian mà đi bảo hành như thế' ngầm ý phàn nàn về việc xe gặp lỗi quá nhiều hoặc quy trình bảo hành quá phiền phức, gây mất thời gian cho người dùng.",Negative
17,"Con 331k km Con 300k km Con 230k km Con 205k km Con 2017 gần 100k km Xe đi cày nên khi nào hết 25 năm mỗi con mần 1 triệu km là đủ sở hụi, hehe",Fact-implied,Positive,"Người viết liệt kê một loạt các xe có số km vận hành cực kỳ cao (từ 100k đến 331k km) và gọi là 'xe đi cày', đồng thời đặt mục tiêu mỗi xe chạy đến 1 triệu km. Điều này ngầm khẳng định độ bền bỉ vượt trội và khả năng vận hành bền bỉ của dòng xe này trong điều kiện cường độ cao.",Positive
18,Hình như theo luật các con bán tải chỉ chở max tầm 600kg lên trên phải cải biên lại thì thành xe tải. 600 ký đường lanh quanh mấy tỉnh Sài gòn thì là muỗi. Cái nào mình thua và yếu hơn người khác thì nhận đi.,Fact-implied,Negative,"Người viết sử dụng cụm từ 'là muỗi' để ám chỉ tải trọng 600kg là quá ít, không đáng kể. Đồng thời, câu kết 'Cái nào mình thua và yếu hơn người khác thì nhận đi' là lời khẳng định trực tiếp rằng chiếc xe này có khả năng vận tải yếu và kém cỏi hơn các đối thủ khác.",Negative
19,"Ủa vậy Ford nó ko làm đc à a!? Mình từng đi 860km với 1 bình dầu, còn dư 1/4 nấc nè! Loanh quanh 5-6l/100km cho cái xác 2 tấn đấy thôi! Cứ thần thánh nó lên làm ji!",Rhetorical-question,Positive,"Người dùng so sánh hiệu suất tiêu thụ nhiên liệu của xe mình đang đi (rất tiết kiệm: 5-6l/100km cho xe 2 tấn) với xe Ford, đồng thời dùng câu hỏi tu từ 'Ford nó ko làm đc à' và lời khuyên 'Cứ thần thánh nó lên làm ji' để mỉa mai, hạ thấp chất lượng/hiệu năng của xe Ford",Negative
20,Chất lượng còn lâu mới bì được với Innova. Tiền nào của đó thôi.,Metaphorical,Negative,"Người viết so sánh trực tiếp và khẳng định chất lượng của chiếc xe hiện tại không thể bằng được Innova, đồng thời dùng cụm từ 'tiền nào của đó' để ngầm chê bai chiếc xe có chất lượng thấp tương xứng với mức giá rẻ",Negative
21,"Ông anh rể em có 2 chiếc xe, một con Tucson và mới mua thêm một con Avanza để chạy dịch vụ. Ông này cũng thuộc dạng tài cứng với khoảng gần 20 năm cầm lái, vậy mà ổng không ""thông thái"" gì cả. Cứ mỗi lần chở vợ con đi chơi hay đi đám tiệc thì ổng lùa lên con Tucson hết, còn con Avanza ""ngon"" vậy mà ổng toàn để chở khách, chẳng hiểu nổi...",Ironic,Negative,"Người viết sử dụng cách nói mỉa mai khi gọi người anh rể là không 'thông thái' và dùng từ 'ngon' cho chiếc Avanza. Việc người anh rể luôn chọn Tucson cho gia đình thay vì Avanza (dù được khen là ngon) thực chất là một cách khen ngầm rằng chiếc Avanza có hiệu năng, độ bền hoặc tính kinh tế rất tốt, phù hợp cho cả mục đích chạy dịch vụ lẫn gia đình, khiến người viết cảm thấy bất ngờ về giá trị của xe.",Positive
22,"Innova quên là đúng, xe gì bồng bềnh như đi ghe Avanza của Daihatsu gắn mác Toy cũng lõm không kém cạnh...",Metaphorical,Negative,"Người viết sử dụng hình ảnh so sánh 'bồng bềnh như đi ghe' để chê bai khả năng vận hành, độ ổn định của Innova là kém. Đồng thời, việc dùng từ 'lõm không kém cạnh' đối với Avanza nhằm khẳng định chất lượng của cả hai dòng xe này đều không tốt.",Negative
23,"Bên Creata thì cắt bớt là do hãng nghiên cứu kỹ thị trường VN, Avanda thì cắt bớt để cho xe bớt sang lại Ôi thôi tôi cũng đến lạy với cách hành văn của OS mình hiện tại quá.",Ironic,Negative,"Người viết sử dụng giọng điệu mỉa mai ('cắt bớt để cho xe bớt sang lại') và thể hiện sự bất bình, ngán ngẩm ('đến lạy') đối với việc cắt giảm trang bị trên xe Avanda cũng như cách truyền thông/viết bài của phía đối phương. Điều này cho thấy sự không hài lòng về giá trị sản phẩm so với kỳ vọng.",Negative
24,Dọn kho hả mấy anh? Giờ làm xe như nông dân cấy lúa nhẫy. Cắt lúa xong đốt gốc rạ là xóa bàn. Rút êm.,Metaphorical,Negative,"Người viết sử dụng hình ảnh so sánh 'nông dân cấy lúa' và 'đốt gốc rạ là xóa bàn' để mỉa mai quy trình sản xuất hoặc thiết kế xe của hãng là cẩu thả, làm cho xong chuyện rồi xóa dấu vết/thu hồi, không có sự đầu tư bài bản hay trách nhiệm với sản phẩm.",Negative
25,"Cụ nói thế nào chứ ""Việt Nam làm gì làm được đinh vít"" ... .",Fact-implied,Positive,"Câu nói sử dụng cách trích dẫn một định kiến phổ biến ('Việt Nam làm gì làm được đinh vít') kết hợp với dấu ba chấm và cách xưng hô 'Cụ' để mỉa mai những người coi thường khả năng sản xuất của Việt Nam. Qua đó, người viết ngầm khẳng định sự tự hào và công nhận chất lượng của chiếc xe (một sản phẩm công nghiệp phức tạp) do Việt Nam sản xuất, vượt xa những định kiến cũ.",Positive
26,"Cụ cứ đổ oan cho người Việt, em thấy chỉ một số ít cụ như cụ nói thôi mà. Mà có khi các cụ ấy đang kiếm cơm từ nhãn hiệu ô tô khác. Chứ em nghĩ người thường ai rảnh thế. Suốt ngày ăn trực nằm chờ ở box vinfast để chửi Còn ngoài kia thì vinfast 1 hãng mới của Việt, có mỗi 3 mẫu xe mà mẫu nào cũng top 1 2 phân khúc.",Fact-implied,Positive,"Người viết bác bỏ những ý kiến tiêu cực về xe VinFast, cho rằng những lời chê bai là do có mục đích trục lợi từ hãng khác. Đồng thời, người viết khẳng định giá trị của xe thông qua việc nhấn mạnh các mẫu xe của hãng đều đạt vị trí top 1, 2 trong phân khúc, thể hiện sự ủng hộ và đánh giá cao chất lượng sản phẩm.",Positive
27,Viết rõ ràng thế rồi mà cụ vẫn ko hiểu. Trả lời cho cụ các câu trên cũng chả để làm gì. Ae có nhu cầu sx & mua sản phẩm xe điện có công nghễ lõi đỉnh cao thì cứ triển khai thôi.,Ironic,Negative,"Người viết dùng thái độ gắt gao để bác bỏ ý kiến trái chiều, đồng thời khẳng định sản phẩm xe điện này sở hữu 'công nghệ lõi đỉnh cao' và khuyến khích mọi người triển khai mua/sản xuất, thể hiện sự tin tưởng tuyệt đối vào chất lượng sản phẩm.",Positive
28,"Haha, e copy lại tiêu đề thớt thôi. VF & các cụ fan/antil VF cũng đừng nghĩ về từ Đỉnh Cao nhiều quá bởi nước ta là nơi sinh ra của khẩu hiệu: Nhất Thế Giới, Dẫn Đầu, Đình Cao, Cường quốc ... còn làm lại là một chuyện khác.",Ironic,Negative,"Người viết sử dụng giọng điệu mỉa mai, châm chọc khi đối chiếu từ 'Đỉnh Cao' với những khẩu hiệu sáo rỗng thường thấy. Việc nhấn mạnh 'còn làm lại là một chuyện khác' ngầm khẳng định rằng những lời quảng cáo về sự đỉnh cao của xe VF chỉ là lý thuyết, thực tế chất lượng sản phẩm không tương xứng",Negative
29,"Thành cường quốc nông nghiệp thì có gì xấu? Nhất là mùa dịch bệnh này? Công nghệ cao thế giới bỏ quá xa mình? Hay công nghệ lõi của Vin mua đồ 5 cha ba họ về lắp thành mãnh liệt tinh thần việt, mới đc 2,3 năm thì giải tán? Dần thế giới loài người cũng phân chia cv thôi: thằng dốt đi cày chan tay, thằng giỏi nghiên cứu đầu óc",Rhetorical-question,Negative,"Người viết sử dụng lối nói mỉa mai, châm chọc khi so sánh việc làm nông nghiệp với việc phát triển công nghệ của Vin. Cụm từ 'mua đồ 5 cha ba họ về lắp' và 'mới được 2,3 năm thì giải tán' thể hiện sự coi thường, phủ nhận chất lượng và tính bền vững của sản phẩm xe VinFast, cho rằng đó không phải là công nghệ lõi thực sự.",Negative
30,"Cụ này nói đúng này. Tên thớt là: ""Công nghệ lõi"" của Xe điện Vinfast - đỉnh cao. Cụ nào thấy đúng công nghệ xe điện VF là đỉnh cao hãy vào bình luận nhé. Cụ nào không thấy thế thì nên lập thêm thớt mới, đại loại ""bình luận thẳng thắn về công nghệ lõi của xe điện Vinfast"" để mà bình luận.",Ironic,Negative,"Người viết sử dụng giọng điệu mỉa mai, thách thức khi yêu cầu những người không đồng ý với quan điểm 'đỉnh cao' phải đi lập thớt (chủ đề) khác. Việc phân tách rạch ròi giữa nhóm 'khen' và 'chê' một cách khiên cưỡng cho thấy đây là một cách nói châm biếm về việc cố tình tạo ra những luồng dư luận một chiều, ngầm ám chỉ công nghệ của xe không thực sự tốt như lời quảng cáo.",Negative
31,Con xe nào của Vin lúc sắp ra hoặc mới ra chả được khen đứt lưỡi .Cái nguy hiểm nhất là các công nghệ liên quan đến xe điện tiến rất nhanh nên tôi vẫn nghĩ cuộc chơi này vượt tầm a Vượng,Fact-implied,Negative,"Người viết sử dụng cụm từ 'khen đứt lưỡi' với hàm ý mỉa mai rằng những lời khen ban đầu chỉ là hình thức hoặc thổi phồng. Đồng thời, việc khẳng định công nghệ xe điện 'vượt tầm' chủ tịch Vượng thể hiện sự thiếu tin tưởng vào năng lực cạnh tranh và phát triển dài hạn của hãng xe này.",Negative
32,"Cái mục cuối cùng trí tuệ của xe đấy do Vin phát triển, thiếu nó không thể vận hành được mà cụ bảo chả nghĩ được cái gì. Chửi thì cũng phải đọc, nghĩ rồi mới phát ngôn cụ ạ",Fact-implied,Positive,"Người viết đang lên tiếng bảo vệ tính năng thông minh (trí tuệ) của xe do VinFast phát triển, khẳng định đây là phần cốt lõi không thể thiếu để xe vận hành, nhằm phản bác lại ý kiến chê bai của người khác. Điều này thể hiện sự đánh giá cao và ủng hộ đối với công nghệ của chiếc xe.",Positive
33,"Chẳng tư thù gì, họ cho xe đâm vào tường rồi đo mức chấn thương của người nộm. Nói chung là tèo sạch, cả lái cả phụ, cả đằng sau.",Fact-implied,Negative,Người viết dẫn chứng kết quả thử nghiệm va chạm (crash test) với chi tiết 'tèo sạch' (tất cả hình nộm đều gặp chấn thương nghiêm trọng) để ngầm khẳng định khả năng bảo vệ an toàn của chiếc xe cực kỳ kém,Negative
34,"Qua đây có thể thấy khung MG5 rất cứng, nên hấp thụ lực không tốt, cho nên khung xe thì ổn định, mà người lái thì tèo. 0 sao NCAP chứng tỏ xe rất cứng, cụ nào thích khung cứng thì nhào dô.",Ironic,Negative,"Người viết sử dụng lối nói mỉa mai, đánh tráo khái niệm giữa 'khung xe cứng' (vốn là ưu điểm) với việc 'không hấp thụ lực' (gây nguy hiểm cho người ngồi trong). Việc nhắc đến '0 sao NCAP' và câu 'người lái thì tèo' là lời chê bai gay gắt về độ an toàn kém của chiếc xe, dù bề ngoài dùng từ 'ổn định' hay 'cứng'.",Negative
35,"Cụ nói quá , e xem bài test đâm tường thấy túi khí lái và phụ vẫn bung mà, cả mẫu sedan và SUV, tuy nhiên hàng sau không có túi khí, chỉ có dây an toàn",Fact-implied,Positive,"Người viết phản bác lại ý kiến tiêu cực trước đó bằng cách dẫn chứng kết quả bài test đâm tường cho thấy túi khí phía trước vẫn hoạt động tốt. Tuy nhiên, người viết cũng chỉ ra thiếu sót là hàng ghế sau không có túi khí, cho thấy một sự đánh giá khách quan nhưng thiên về hướng bảo vệ tính an toàn cơ bản của xe.",Positive
36,Asian Ncap mà cũng tư thù cá nhân trong công việc thế á ???,Rhetorical-question,Negative,"Người viết sử dụng câu hỏi tu từ và cụm từ 'tư thù cá nhân' để mỉa mai kết quả đánh giá an toàn của ASEAN NCAP đối với chiếc xe. Điều này ngầm định rằng chiếc xe thực chất an toàn hơn kết quả công bố, và kết quả thấp là do sự thiên kiến hoặc cố tình chèn ép của tổ chức đánh giá, từ đó thể hiện sự ủng hộ đối với chất lượng xe.",Positive
37,"Để SX xe giá thành rẻ thì; Cắt chi phí R&D, cắt chi phí mang mẫu thiết kế thử nghiệm an toàn trước SX, vật liệu (mác thép thấp) thép chế tạo loại rẻ tiền....đem thử không đạt kêu thù oán là sao",Fact-implied,Negative,"Người viết liệt kê một loạt các hành động tiêu cực như cắt giảm chi phí nghiên cứu (R&D), bỏ qua thử nghiệm an toàn và sử dụng vật liệu rẻ tiền để giải thích cho việc sản xuất xe giá rẻ. Điều này ngầm khẳng định chiếc xe có chất lượng kém, không an toàn và bị coi thường người tiêu dùng.",Negative
38,"Xe này ""không sao"". 0 Sao đúng nghĩa luôn",Ironic,Negative,"Người viết sử dụng lối chơi chữ với cụm từ 'không sao'. Ban đầu 'không sao' có thể hiểu là không có vấn đề gì, nhưng ngay sau đó họ khẳng định '0 Sao đúng nghĩa luôn' để chuyển nghĩa sang việc đánh giá chất lượng xe là 0 sao (mức tệ nhất), thể hiện sự thất vọng hoàn toàn.",Negative
39,"Ô thế đâm vào tường hình nộm tèo sạch , ăn điểm 0 hay dạng dạng như kiểu học dốt xơi trứng cụ thớt lại quy vào thù ghét với hận thù gì à, vui thật",Ironic,Negative,"Câu nói sử dụng giọng điệu mỉa mai, châm chọc ('vui thật', 'học dốt xơi trứng') để chỉ trích kết quả thử nghiệm va chạm của xe là thất bại thảm hại ('tèo sạch', 'ăn điểm 0'). Người viết đang chế nhạo độ an toàn kém của chiếc xe thông qua việc so sánh với sự kém cỏi.",Negative
40,"45 khách mà ít video ảnh ọt cụ nhỉ. Em đếm mãi chưa đủ 1 bàn tay. Team media làm ăn chán thế Mà hôm nay là đc thêm 2 ngày rồi, mỗi ngày ""bàn giao"" đc thêm bao nhiêu cái cụ nhỉ?",Ironic,Negative,"Người viết sử dụng giọng điệu mỉa mai, phàn nàn về số lượng hình ảnh/video quá ít ('chưa đủ 1 bàn tay') so với số lượng khách hàng lớn (45 khách). Việc dùng cụm từ 'làm ăn chán thế' và đặt câu hỏi về tiến độ 'bàn giao' cho thấy sự không hài lòng về chất lượng dịch vụ truyền thông/media đi kèm với sản phẩm/dịch vụ xe",Negative
41,Ít ra nhiều thương hiệu xe ở Việt Nam phải tăng bảo hành kể từ khi Vin tăng bảo hành. Xe thu hồi để sửa lỗi thì trên thế giới họ làm thường xuyên. Ở Việt Nam hiếm thấy vì sao? Chắc không phải do xe bán ở Việt Nam tốt hơn các thị trường khác,Rhetorical-question,Negative,"Người viết sử dụng lối nói mỉa mai khi đặt câu hỏi 'vì sao' và khẳng định 'chắc không phải do xe bán ở Việt Nam tốt hơn'. Điều này ngầm chỉ trích các hãng xe tại Việt Nam thiếu minh bạch, không dám thu hồi xe để sửa lỗi như thế giới, đồng thời cho rằng chất lượng xe tại thị trường Việt Nam không hề tốt hơn mà chỉ là do các hãng đang che giấu lỗi.",Negative
42,"Tại sao chị CEO nhỡ mồm xe ""tiếp thị"" ? Tại sao xe chỉ cho thuê mà không bán đứt ? Bàn giao để Customer Oriented Test Bảo hiểm cũng chỉ bán 2 tháng (từ 01/03 đến 01/05) và chỉ bảo hiểm trách nhiệm dân sự (Liability Insurance) không phải dạng Full cover. Có rating FMVSS (hoặc tương đương) bảo hiểm nó bán full mà không cần deal lẻ như này. Cái anh Andrew này làm ăn cũng lởm khởm, dặn kỹ thế rồi mà vẫn hớ hàng, gà nó chạy hết bây giờ PS: tài khoản sau khi đưa thông tin trên lập tức bị oánh sập một cách bí hiểm",Fact-implied,Negative,"Người viết sử dụng hàng loạt câu hỏi chất vấn về mô hình kinh doanh (chỉ cho thuê không bán), chỉ trích quy trình bảo hiểm sơ sài (không có Full cover), chê bai năng lực quản lý của cá nhân điều hành ('lởm khởm', 'hớ hàng') và đề cập đến việc tài khoản bị đánh sập. Tất cả những chi tiết này thể hiện sự mất niềm tin và đánh giá tiêu cực về chất lượng vận hành cũng như sản phẩm của hãng xe.",Negative
43,"AE media nâng cấp bài gì mới đi, mãi bài tủ nghe riết cũng chán Xe xăng: tôi đang đi BMW, MEC... bla...bla... Xe điện: tôi đang đi TESTA... bla...bla... anh bạn Andrew thì khoe có tay Porsche Taycan gạ đua...bla.. Nghĩ cũng tủi thân cho ae tâng ball, cứ anti nói gì là hôm sau phải đẩy bài bằng được giải thích lọ chai... Trích clip: A mua bảo hiểm 1 chiều hay 2 chiều ? Mua 2 chiều nhé. 1 tháng hay 1 năm? 1 năm Xe thì không tập trung thử nghiệm, fix lỗi trước khi bán chỉ tập trung make color và trả lời anti",Ironic,Negative,"Người viết sử dụng giọng điệu mỉa mai, so sánh sự hời hợt trong nội dung truyền thông của hãng xe với các thương hiệu lớn (BMW, Mercedes, Tesla). Đặc biệt, câu cuối khẳng định hãng không tập trung vào chất lượng sản phẩm (thử nghiệm, fix lỗi) mà chỉ tập trung vào hình thức (make color) và đối phó với dư luận, cho thấy sự thất vọng và đánh giá thấp về chất lượng xe.",Negative
44,"Nói như thánh phán, cái Usb của tôi có chứa dữ liệu bất thường gây xung đột thì sao, hàng nghìn anh em cắm usb khác có bị không? Mà thôi, tôi block ông cho vào list mấy thành phần không tiếp chuyện cho đơn giản",Ironic,Negative,"Người dùng đang tranh cãi gay gắt về một lỗi kỹ thuật liên quan đến cổng USB của xe. Việc đặt câu hỏi về 'dữ liệu bất thường gây xung đột' và thái độ bực bội, dẫn đến hành động 'block' cho thấy sự không hài lòng đối với trải nghiệm sử dụng hoặc cách giải quyết vấn đề của hãng/cộng đồng về lỗi của xe.",Negative
45,"Khách quan mà nói thì hầu hết những gì cụ nêu ban đầu, là do cụ chưa quen, chưa biết,... Chứ cụ chạy 1 vạn thì lại đã chẳng có gì mấy để kêu. Những người chưa chạy đc 1 vạn thì hay nêu những vấn đề trên lắm, âu cũng là do lạ xe thôi...",Fact-implied,Positive,"Người viết cho rằng những phàn nàn ban đầu của người dùng chỉ là do chưa quen xe hoặc chưa có đủ trải nghiệm (chưa chạy đủ 1 vạn km). Việc khẳng định 'chạy 1 vạn thì lại đã chẳng có gì mấy để kêu' ngầm khẳng định chiếc xe thực chất vận hành tốt và ổn định, các vấn đề nêu ra không phải là lỗi của xe mà là do cảm nhận chủ quan của người mới dùng.",Positive
46,"Nếu đi đâu muốn lãng mạn không phải suy nghĩ về xe thì cụ cứ bật máy lên,gọi con xe cứu hộ kéo lên thùng sau đó mợ ngồi trên xe vừa ngắm phố vừa thưởng thức ly coffee.cháu thấy ý đó không tồi.",Ironic,Negative,"Người viết dùng tình huống mỉa mai khi khuyên chủ xe nên gọi xe cứu hộ để kéo xe đi thay vì tự lái, nhằm ngầm ám chỉ chiếc xe này thường xuyên bị hỏng hóc, không đáng tin cậy và không thể vận hành bình thường.",Negative
47,Cứ đi 1 vạn thì thành vino 100%,Metaphorical,Positive,"Người dùng sử dụng cách nói ví von 'thành vino' (ám chỉ xe VinFast) để mỉa mai việc xe nhanh chóng xuống cấp, hỏng hóc hoặc gặp lỗi vặt sau một quãng đường ngắn (1 vạn km), khiến giá trị và chất lượng xe giảm sút nhanh chóng.",Negative
48,Em thấy trong video cụ ấy bấm tắt máy mà màn hình có thay đổi gì đâu nên ko cho rằng cái “đỏ loè” đấy là báo lỗi. Đến khi nổ máy lại thì nó lại sang màu khác chắc do A.I Cứ tháo dây an toàn là phải tắt máy khởi động lại ? Thế tháo dây an toàn để với ra lấy thẻ hay thanh toán ở trạm thu phí xong rồi phải tắt máy đi đề lại thì quá là A.I Cắm cái USB “bị lỗi” vào mà hệ thống xe bị reset & Xe không xịt lốp mà cứ báo do hệ thống “nhạy quá” thì đuổi việc mịa nó thằng coding đi nhỉ,Rhetorical-question,Negative,"Người viết sử dụng giọng điệu mỉa mai (sarcasm) khi nhắc đến 'A.I' để chê bai sự bất hợp lý trong vận hành của xe (phải khởi động lại máy khi tháo dây an toàn), lỗi hệ thống khi cắm USB và sự sai sót của cảm biến áp suất lốp. Việc yêu cầu 'đuổi việc thằng coding' là lời chê bai trực diện về chất lượng phần mềm và điều khiển của xe.",Negative
49,Nghe qua đã thấy mùi thum thủm rồi,Metaphorical,Negative,"Cụm từ 'mùi thum thủm' là một cách nói ẩn dụ, ám chỉ sự nghi ngờ, không minh bạch hoặc có dấu hiệu sai sót, bất thường. Trong ngữ cảnh đánh giá xe, câu này thể hiện sự thiếu tin tưởng vào chất lượng, thông số hoặc những lời quảng cáo về chiếc xe.",Negative
50,"Em chỉ thấy ông đi VF chê nội thất thiết kế thô, chứ chưa thấy kêu về vận hành...",Fact-implied,Positive,"Người nói thừa nhận có điểm yếu về thiết kế nội thất ('thô'), nhưng nhấn mạnh rằng không thấy ai phàn nàn về khả năng vận hành. Trong bối cảnh đánh giá xe, việc vận hành ổn định và không có lỗi là yếu tố quan trọng nhất, cho thấy sự hài lòng ngầm về chất lượng cốt lõi của xe",Positive
51,Em nghe bảo MG ZS bản Comfort k thể lắp được camera lùi nữa do cấu hình gì đó thấp hơn cấu hình của tất cả camera trên thị trường. Không biết có phải không? Nếu mà như thế thì quá củ chuối!,Fact-implied,Negative,"Người dùng bày tỏ sự lo ngại về việc xe không thể lắp được camera lùi do cấu hình thấp. Cụm từ 'quá củ chuối' (một từ lóng mang nghĩa tệ, ngớ ngẩn, kém chất lượng) được dùng để nhấn mạnh sự thất vọng và đánh giá tiêu cực về thiết kế kỹ thuật của xe nếu thông tin trên là đúng.",Negative
52,MG giờ còn mỗi cái Logo là từ thời Anh thôi.,Metaphorical,Negative,"Câu nói ám chỉ việc thương hiệu MG hiện nay chỉ còn giữ lại cái tên/logo của Anh Quốc nhưng thực chất nguồn gốc, chất lượng và giá trị cốt lõi đã thay đổi (trở thành xe Trung Quốc). Đây là cách nói mỉa mai để chê bai sự mất đi giá trị truyền thống và đẳng cấp của thương hiệu.",Negative
53,"Xe Tàu khựa bác ạ, xe Tàu nhưng không phò. Em mua MG HS 2.0 trophy đi được 5000km chạy cao tốc 9-10l Chạy hỗn hợp 13-15 tuỳ giao thông",Fact-implied,Positive,Người dùng thừa nhận nguồn gốc xe từ Trung Quốc (thường bị định kiến) nhưng khẳng định 'không phò' (không kém chất lượng). Việc đưa ra các con số cụ thể về mức tiêu hao nhiên liệu ở mức chấp nhận được cho động cơ 2.0 là cách để chứng minh hiệu năng thực tế của xe tốt hơn định kiến ban đầu.,Positive
54,Tàu thì tàu chứ dạo này cũng nhiều cụ đi phết.,Fact-implied,Positive,"Cụm từ 'Tàu thì tàu' thể hiện một sự định kiến hoặc dè chừng ban đầu về nguồn gốc xuất xứ (xe Trung Quốc), nhưng vế sau 'dạo này cũng nhiều cụ đi phết' cho thấy sự thừa nhận thực tế là xe đang được thị trường đón nhận và tin dùng rộng rãi. Điều này ngầm khẳng định chất lượng hoặc giá trị của xe đã đủ thuyết phục người dùng vượt qua định kiến",Positive
55,"xe sang do giá sau thuế thôi cụ, với các hãng cũng tranh thủ làm tiền do bên mình chỉ người giàu mới mua được xe oto",Fact-implied,Negative,Người viết cho rằng giá trị 'sang' của chiếc xe không đến từ chất lượng thực tế mà chỉ do thuế cao và việc các hãng lợi dụng tâm lý người giàu để đẩy giá lên cao (làm tiền). Điều này thể hiện sự phủ nhận giá trị thực của xe và chê bai chiến lược giá,Negative
56,Em thấy thiết kế nó cứ ôm nguyên của Mazda thì kiểu gì chẳng vừa mắt. Nhưng nhìn kỹ vẫn thấy dại dại các cụ ạ,Metaphorical,Negative,"Người nói thừa nhận phong cách thiết kế của Mazda thường đẹp, nhưng khi quan sát kỹ lại đánh giá thiết kế cụ thể của chiếc xe này là 'dại dại', cho thấy sự không hài lòng về mặt thẩm mỹ",Negative
57,"vậy sao doanh số SAIC MG chỉ đứng 20 Trung quốc, doanh số MG ZS chỉ đứng 50 TQ zậy cụ",Rhetorical-question,Negative,"Người viết sử dụng câu hỏi về số liệu doanh số thấp tại thị trường Trung Quốc (quê hương của hãng) để ngầm đặt nghi vấn về chất lượng, độ tin cậy hoặc sức hấp dẫn của thương hiệu MG và mẫu xe MG ZS, cho rằng nếu xe tốt thì doanh số không thể thấp như vậy.",Negative
58,"Nguồn ngốc English nhưng đã chuyển giao cho China, nên thương hiệu cũng đi theo",Fact-implied,Negative,"Người viết cho rằng việc chuyển giao quyền sở hữu từ Anh (English) sang Trung Quốc (China) đã làm giảm giá trị hoặc làm mất đi bản sắc, chất lượng vốn có của thương hiệu, thể hiện sự định kiến tiêu cực về nguồn gốc xuất xứ mới.",Negative
59,Nếu Tàu mua MG bao gồm các patent mà MG sở hữu thì yên tâm là chất của nó không giảm sút nhiều. Còn chỉ độc cái tên thì cũng chẳng biết thế nào.,Fact-implied,Negative,"Người viết thể hiện sự hoài nghi về chất lượng sản phẩm. Việc đặt điều kiện 'nếu mua cả patent (bằng sáng chế)' và đối lập với việc 'chỉ độc cái tên' cho thấy người viết không tin tưởng vào khả năng duy trì chất lượng của hãng nếu không sở hữu được công nghệ cốt lõi, ngầm định rằng giá trị thực sự của xe không nằm ở thương hiệu mà ở kỹ thuật.",Negative
60,"Không chỉ Thái đâu, nó vào tốp 10 bên Úc rồi (đứng thứ 7,8 gì đó), top 10 ở India (hơn cả Honda,Nissan, Ford), UAE,Saudi Arabia, Chile.  Ở Úc nó có 2 bản Mg3 và ZS đứng No1 phân khúc luôn. ZS cũng đứng No1 ở Chile, Trong lúc người Việt đang mải mê chê người Trung Quốc thì họ chẳng quan tâm đến VN nói gì. Trong ngành ô tô, họ đã  chiếm thị phần lớn trong nước và quốc tế, mua lại các thương hiệu lớn như Volvo, MG,... Đồng thời cũng có nhiều công nghệ mới trong xe điện như Blade Batterry của BYD, Lidar giá rẻ của Xpeng. Hiện giờ họ chỉ miệt mài làm việc để có thể cạnh tranh với Mỹ, Âu, Nhật thôi.  Còn người Việt thì chỉ ngồi đó và chê người khác.",Fact-implied,Positive,"Người viết liệt kê hàng loạt thành tích về doanh số, vị trí top đầu tại nhiều thị trường quốc tế (Úc, Ấn Độ, Chile...) và sự tiến bộ về công nghệ (Blade Battery, Lidar). Đồng thời, tác giả dùng thái độ mỉa mai những người chê bai xe Trung Quốc để khẳng định giá trị và chất lượng thực tế của các dòng xe này, cho thấy sự ủng hộ và đánh giá cao đối với năng lực sản xuất ô tô của Trung Quốc.",Positive
61,"Vin mà họ dc phát triển trong môi trường công  nghệ của China, trình độ lao động cao như China thì cũng chưa biết tnao đâu cụ",Fact-implied,Positive,Người viết sử dụng cấu trúc giả định 'nếu... thì cũng chưa biết thế nào' để ngầm ý rằng trình độ hiện tại của VinFast còn thấp và thiếu hụt về nền tảng công nghệ cũng như chất lượng lao động khi so sánh với Trung Quốc. Đây là một cách chê bai gián tiếp về năng lực sản xuất và công nghệ của hãng xe.,Negative
62,Môi trường sống tạo nên tính cách ! Bố mẹ trí thức đẻ con rồi đem cho anh bán chuối nuôi thì tính cách sẽ là của anh bán chuối thôi !,Metaphorical,Negative,"Câu nói này sử dụng một phép ẩn dụ về môi trường sống để ám chỉ chất lượng của chiếc xe. Trong ngữ cảnh đánh giá xe, việc so sánh 'bố mẹ trí thức' (có thể là thương hiệu lớn, nền tảng tốt) nhưng lại được 'anh bán chuối nuôi' (hoàn thiện kém, lắp ráp ẩu hoặc định vị sai) ngầm chê bai chiếc xe không xứng tầm với thương hiệu hoặc có chất lượng hoàn thiện thấp, thô kệch.",Negative
63,Tàu chém nó cũng rất chi là Tàu,Ironic,Negative,"Cụm từ 'rất chi là Tàu' trong ngữ cảnh nói về chất lượng sản phẩm thường mang hàm ý mỉa mai, ám chỉ sự thiếu tinh tế, chất lượng gia công kém hoặc không bền bỉ, đặc trưng cho những định kiến tiêu cực về hàng Trung Quốc giá rẻ.",Negative
64,Cái map cứ đường lưỡi bò thì cái kết đã định sẵn từ đầu rồi các cụ,Fact-implied,Negative,"Người dùng đề cập đến việc bản đồ (map) của xe hiển thị 'đường lưỡi bò' (một vấn đề nhạy cảm về chủ quyền lãnh thổ). Cụm từ 'cái kết đã định sẵn' ngầm khẳng định rằng vì sai phạm nghiêm trọng này, họ sẽ tẩy chay hoặc đánh giá thấp chiếc xe, bất kể các tính năng khác ra sao",Negative
65,Đi cái xe tàu mất tư cách.,Metaphorical,Negative,"Người nói sử dụng cụm từ 'mất tư cách' gắn liền với 'xe tàu' (xe Trung Quốc) để thể hiện sự coi thường, định kiến tiêu cực về giá trị và đẳng cấp của người sử dụng dòng xe này.",Negative
66,"Thời em ra trường mà không có xe máy tầu thì chỉ có đạp xe đạp đi làm cụ ạ. Mẹ cái xe dim việt cũng phải hơn 2 chục củ, tiền đâu mà mua, không có xe tầu bọn honda, ya nó đẩy giá trên giời.",Fact-implied,Positive,"Người nói bày tỏ sự biết ơn đối với xe máy Trung Quốc (xe tầu) vì đã cung cấp giải pháp di chuyển giá rẻ, đồng thời chỉ trích các hãng xe lớn như Honda, Yamaha là đẩy giá quá cao, không tiếp cận được với người thu nhập thấp.",Positive
67,"Các Hãng xe Tàu muốn thành công ở thị trường VN thì phải bỏ cái đường lưỡi bò đi, tuyệt đối không để nó xuất hiện trên bản đồ. Chứ vẫn ""tham-sân-si"" cái vùng nước lịch sử hình lưỡi bò thì......à mà thôi....",Ironic,Negative,"Người viết không đánh giá về chất lượng kỹ thuật của xe mà tập trung vào vấn đề chính trị (đường lưỡi bò). Việc đặt điều kiện 'phải bỏ' và dùng từ 'tham-sân-si' cho thấy thái độ bài xích, không chấp nhận và định kiến tiêu cực đối với các hãng xe Trung Quốc, dẫn đến việc không ủng hộ sản phẩm của họ tại thị trường Việt Nam.",Negative
68,Động cơ tàu là cái mà làm cho người ta suy nghĩ cùng với cái lưỡi bò nũa mà ngóc lên thế nào được,Metaphorical,Negative,"Người viết sử dụng hình ảnh 'lưỡi bò' (biểu tượng tranh chấp chủ quyền) để gắn liền nguồn gốc động cơ Trung Quốc ('động cơ tàu') với vấn đề chính trị. Việc dùng cụm từ 'ngóc lên thế nào được' ngầm khẳng định sự coi thường, không tin tưởng và bài trừ đối với chất lượng cũng như thương hiệu của chiếc xe",Negative
69,"Xe MG bây giờ có tiếng trên toàn cầu rồi. Trên nhiều nước, MG đã vượt lên top 10, qua mặt nhiều hãng của Nhật, Hàn. Thị trường VN thì bé, chắc họ chưa quan tâm nhiều lắm. Cụ nào thích thì cứ mua, cụ nào ăn chắc thì thôi.",Fact-implied,Positive,"Người viết thừa nhận vị thế toàn cầu của MG nhưng lại dùng cụm từ 'ăn chắc thì thôi' khi nói về thị trường Việt Nam. Điều này ngầm định rằng xe MG tại Việt Nam chưa đủ độ tin cậy, thiếu sự đảm bảo về chất lượng hoặc hậu mãi, khiến người mua thận trọng sẽ không lựa chọn.",Negative
70,MG cứ giảm nửa giá nữa đi thì mới bán chạy,Fact-implied,Negative,"Người nói cho rằng mức giá hiện tại của xe MG vẫn còn quá cao so với giá trị thực tế, và chỉ khi giảm giá sâu (giảm thêm nửa giá) thì xe mới có khả năng cạnh tranh và bán chạy được. Đây là một lời chê bai ngầm về định giá sản phẩm.",Negative
71,Xe Tàu thì đấu đá cái gì?,Rhetorical-question,Negative,"Câu nói sử dụng câu hỏi tu từ với thái độ mỉa mai, coi thường nguồn gốc xuất xứ của xe ('Xe Tàu'). Việc đặt câu hỏi 'đấu đá cái gì' ngầm khẳng định chiếc xe không đủ đẳng cấp, chất lượng hoặc giá trị để đem ra so sánh hay cạnh tranh với các đối thủ khác.",Negative
72,"Màn hình mà bị lỗi, hỏng thì còn mệt nữa Nghĩ tới cảnh giữa mùa hè ko bật được điều hòa thì ối giời ơi Nhưng con MG này em vẫn thấy có nút vật lý ở dưới màn hình mà",Fact-implied,Positive,"Người dùng bày tỏ sự lo ngại về việc điều khiển điều hòa qua màn hình cảm ứng (nếu hỏng sẽ rất mệt mỏi), nhưng sau đó nhận ra chiếc MG này vẫn giữ các nút vật lý. Việc có nút vật lý được xem là một điểm cộng, giải quyết được nỗi lo và mang lại sự an tâm/tiện dụng cho người dùng.",Positive
73,"MG vẫn bán dc, rồi các cụ xem. Nó chả khác gì Jaguar land rover của Tata cả! Thương hiệu cũ nó là cái gì đó rất khó tả.",Fact-implied,Positive,"Người viết so sánh MG với Jaguar Land Rover (đều được Tata mua lại) để ám chỉ việc một thương hiệu lâu đời bị mua lại và vận hành bởi một tập đoàn khác thường làm mất đi giá trị cốt lõi. Cụm từ 'cái gì đó rất khó tả' mang hàm ý mỉa mai, cho rằng thương hiệu hiện tại chỉ là cái vỏ rỗng, không còn giữ được đẳng cấp hay chất lượng thực sự như xưa.",Negative
74,vẫn còn cái mác xe tàu thì 550 triệu cũng vẫn ế,Fact-implied,Negative,"Người viết sử dụng cụm từ 'mác xe tàu' với hàm ý định kiến tiêu cực về chất lượng/nguồn gốc, đồng thời khẳng định dù giá rẻ (550 triệu) thì xe vẫn sẽ 'ế', cho thấy sự thiếu tin tưởng và đánh giá thấp giá trị của chiếc xe",Negative
75,"Xe tầu ở VN chắc chỉ mấy con xe điện VF là đc ưu ái, chứ dân mình nghe mác tàu là đã gờn gợn rồi.",Ironic,Negative,"Người viết sử dụng cụm từ 'gờn gợn' để thể hiện sự e dè, thiếu tin tưởng và định kiến tiêu cực đối với các sản phẩm có xuất xứ từ Trung Quốc (mác tàu). Việc nói VF được 'ưu ái' ngầm ý rằng giá trị thực sự của xe không cao mà chỉ nhờ vào các chính sách hỗ trợ, từ đó thể hiện thái độ không đánh giá cao chất lượng xe",Negative
76,tên RX... nghe như lexus ấy nhỉ. Nhưng gì thì anh tàu này cũng tèo như mẫu sedan đấy giá tụt đến gót mà có đấu đc M3 đâu.,Fact-implied,Negative,Người viết so sánh tên xe với Lexus nhưng ngay sau đó dùng từ 'tèo' và 'giá tụt đến gót' để chỉ sự thất bại về giá trị thương hiệu và giá bán lại. Việc so sánh không thể 'đấu được M3' cho thấy sự đánh giá thấp về hiệu năng và vị thế của chiếc xe,Negative
77,"Eo ôi, ngày xưa em giấc mơ pê đê đắt ngang mảnh đất phố đấy ạ",Fact-implied,Negative,"Người nói sử dụng cụm từ 'giấc mơ' để chỉ chiếc xe (có thể là một dòng xe sang hoặc xe biểu tượng như Mercedes-Benz hoặc một dòng xe cụ thể được gọi lái đi). Việc so sánh giá trị chiếc xe 'đắt ngang mảnh đất phố' cho thấy sự ngưỡng mộ đối với giá trị, đẳng cấp và vị thế của chiếc xe trong mắt người dùng.",Positive
78,650 mà bản full phè phè thì may ra có cơ ạ,Fact-implied,Negative,"Người nói sử dụng cụm từ 'may ra có cơ' và 'phè phè' để ám chỉ rằng mức giá 650 triệu cho phiên bản đầy đủ (full) là mức giá lý tưởng/hợp lý, trong khi thực tế giá hiện tại có thể cao hơn hoặc khó đạt được. Điều này ngầm thể hiện sự không hài lòng với mức giá hiện tại của xe, cho rằng xe đang bị định giá quá cao so với giá trị thực tế.",Negative
79,"Có lần e xem video trên reddit có quả mustang thì phải, chạy lùi với xe có cam, “nháy mắt” cái rồi quay mông phóng mất",Metaphorical,Positive,"Người viết mô tả khả năng tăng tốc cực nhanh của chiếc Mustang thông qua cụm từ 'nháy mắt cái rồi quay mông phóng mất', thể hiện sự ấn tượng và ngưỡng mộ đối với sức mạnh động cơ của xe",Positive
80,"Vãi, ngang CX5 luôn à?? tưởng 650 còn có cửa",Rhetorical-question,Negative,Người nói thể hiện sự ngạc nhiên ('Vãi') khi thấy mức giá của chiếc xe ngang bằng với CX-5 (một đối thủ mạnh trong phân khúc). Cụm từ 'tưởng 650 còn có cửa' cho thấy họ kỳ vọng mức giá thấp hơn nhiều (khoảng 650 triệu) thì mới có khả năng cạnh tranh hoặc đáng mua. Điều này ngầm định rằng mức giá hiện tại là quá cao và không hợp lý,Negative
81,"MG em thấy ruột công nghệ tàu cả, còn jaguar land rover vẫn là công nghệ của hãng, chỉ chủ là tàu.",Fact-implied,Negative,"Người viết so sánh MG với Jaguar Land Rover để nhấn mạnh rằng MG chỉ là 'ruột công nghệ tàu' (phụ thuộc hoàn toàn vào công nghệ Trung Quốc), trong khi Jaguar Land Rover dù chủ sở hữu là người Trung Quốc nhưng vẫn giữ được giá trị công nghệ cốt lõi của hãng. Điều này ngầm thể hiện sự coi thường về chất lượng và giá trị công nghệ của xe MG.",Negative
82,"Ở VN được cái sỹ diện, gắn mác xe tàu mấy em hot girl không bao giờ ngồi đâu",Ironic,Negative,"Câu nói sử dụng từ 'sỹ diện' và mỉa mai việc các 'hot girl' không ngồi xe Trung Quốc. Điều này ngầm khẳng định định kiến tiêu cực về thương hiệu xe Trung Quốc (xe tàu) là không sang trọng, không đẳng cấp hoặc không đáng tin cậy trong mắt người dùng Việt Nam.",Negative
83,Khiếp thế.đâm phát là các bộ phận rồi máy đi chu du khắp nơi luôn.Không biết khung gầm làm bằng gì nữa...,Metaphorical,Negative,"Người viết sử dụng cụm từ 'đi chu du khắp nơi' để mỉa mai việc các bộ phận và động cơ bị văng ra ngoài sau va chạm, kết hợp với câu hỏi nghi vấn về chất liệu khung gầm để chê bai gay gắt độ an toàn và chất lượng gia công kém của chiếc xe.",Negative
84,"Thôi xin cụ, xe Tầu chưa bao giờ có cửa ở Ta, nói gì đến đấu này đấu nọ.",Metaphorical,Negative,"Người nói sử dụng cụm từ 'Thôi xin cụ' và 'chưa bao giờ có cửa' để thể hiện thái độ coi thường, phủ nhận hoàn toàn khả năng cạnh tranh và chất lượng của xe Trung Quốc (xe Tầu) tại thị trường Việt Nam",Negative
85,"Chỉ có xe đạp và đạp điện là nhiều xe tau thôi, đến xe máy còn hiếm huống chi Oto.",Fact-implied,Negative,"Người nói đang liệt kê những phương tiện mình sở hữu (xe đạp, xe đạp điện) và thừa nhận sự thiếu hụt về phương tiện cao cấp hơn như xe máy và ô tô. Câu nói này thể hiện hoàn cảnh cá nhân không đủ khả năng tài chính để mua xe, không phải là lời nhận xét về chất lượng hay tính năng của chiếc xe",Negative
86,MG chắc cạnh tranh được về giá,Ironic,Negative,"Câu nói ngầm định rằng ưu điểm duy nhất hoặc lớn nhất của MG là giá rẻ. Việc nhấn mạnh 'chắc cạnh tranh được về giá' mà không đề cập đến chất lượng hay tính năng cho thấy sự hoài nghi về giá trị thực tế của xe, coi giá rẻ là yếu tố bù đắp cho những thiếu hụt khác.",Negative
87,"Mazda CX5 có lẽ đã thiết lập lại mặt bằng cho ô tô phổ thông ở VN. Cùng phân khúc cao hơn ko có cửa đấu lại rồi, phân khúc thấp hơn hoặc dòng sedan phổ thông cũng ngắc.",Fact-implied,Positive,"Người viết khẳng định Mazda CX5 đã 'thiết lập lại mặt bằng', nghĩa là tạo ra một chuẩn mực mới về chất lượng/giá trị. Việc dùng cụm từ 'không có cửa đấu lại' cho phân khúc cao hơn và 'ngắc' (khó khăn/không đối phó được) cho phân khúc thấp hơn cho thấy sự đánh giá cực cao về tính cạnh tranh và sự vượt trội của chiếc xe này so với mọi đối thủ.",Positive
88,"Xe Nhật, Hàn đang và sẽ  rẻ hều thế sao phải đi mua xe Tàu. Có tiền mua mới ko thì cũ mà múc.",Rhetorical-question,Negative,"Người viết sử dụng từ 'rẻ hều' để nhấn mạnh lợi thế về giá của xe Nhật, Hàn và đặt câu hỏi tu từ 'sao phải đi mua xe Tàu' để thể hiện sự coi thường, không tin tưởng vào giá trị của xe Trung Quốc so với các đối thủ",Negative
89,Xe tàu mà rẻ hơn có 100tr thì ai mua,Rhetorical-question,Negative,"Người nói sử dụng câu hỏi tu từ để khẳng định rằng mức chênh lệch giá 100 triệu là quá ít, không đủ để bù đắp cho định kiến về chất lượng/thương hiệu 'xe tàu', từ đó thể hiện sự coi thường và không đánh giá cao giá trị của chiếc xe",Negative
90,Giờ các cụ các mợ cứ phải là màn hình thật to mới là oách ! Trên VFe34 rồi VF8 em nhìn đã thấy khủng lắm rồi mà con này màn hình còn to hơn  . Công nhận thời nay mốt xe là cứ chơi cái màn to tổ chảng vào táp lô dân mới thích thì phải . Ko mấy người quan tâm đến mục đích chính của cái xe để làm gì .,Ironic,Negative,"Người viết sử dụng giọng điệu mỉa mai ('cứ phải là... mới là oách', 'màn to tổ chảng') để phê phán xu hướng chạy theo hình thức (màn hình lớn) mà bỏ qua giá trị cốt lõi, công năng sử dụng thực tế của chiếc xe. Điều này thể hiện thái độ không hài lòng và đánh giá thấp thiết kế tập trung quá mức vào màn hình của xe",Negative
91,"Cái này thì A V đã nói rõ rồi, bơm đến khi a ấy hết tiền, còn mua xe thì quan tâm cái xe chứ quan tâm cổ cánh làm gì cho mệt, mới đây thôi thì mua xe kèm lạc ầm ầm giờ VF3 thì các cụ được giao sớm thì bán lạc cho a khác máu hơn, đúng là thị trường cái nào cũng có thể xảy ra",Fact-implied,Positive,"Người viết tập trung bàn luận về việc 'bán lạc' (thu lợi từ chênh lệch giá/cọc) và tình trạng đầu cơ xe VF3 thay vì đánh giá chất lượng xe. Việc nhấn mạnh vào việc mua đi bán lại để kiếm lời và sự hỗn loạn của thị trường cho thấy cái nhìn tiêu cực về giá trị thực của chiếc xe, coi nó như một công cụ đầu cơ hơn là một sản phẩm vận tải chất lượng.",Negative
92,Thấy đài báo đưa tin là anh mình chuyển sang xây nhà máy ở Indo với Ấn độ rồi mà ! Mà chả cần xây thêm thì nhà máy Cát Hải chạy cỡ 50% công suất giai đoạn 1 (125k chiếc/năm) đã thoải mái bán toàn cầu rồi !,Fact-implied,Negative,"Người viết sử dụng lập luận về việc nhà máy hiện tại chỉ cần chạy 50% công suất đã đủ cung cấp cho toàn cầu để ngầm khẳng định sức hút và nhu cầu cực kỳ lớn đối với sản phẩm của hãng xe này, cho thấy sự thành công về mặt thương mại.",Positive
93,"Xe nào mới ra của anh ấy chả hót hòn họt hả cụ, Toàn chục với trăm nghìn đơn, quy mô cuốc tế luôn nhé.",Ironic,Negative,"Câu nói sử dụng các từ ngữ như 'hót hòn họt', 'chục với trăm nghìn đơn' và 'quy mô quốc tế' để khẳng định sức hút cực lớn và sự thành công về mặt thương mại của các dòng xe mới ra mắt, thể hiện sự ngưỡng mộ đối với sức hấp dẫn của sản phẩm.",Positive
94,"Cái này tôi đồng ý với ông. Sống trên đất nước có chế độ và nền tư pháp tuyệt vời ông mặt trời như này thì làm gì có chuyện trái pháp luật. Ko nên lôi 2 thằng quái vật kia vào so sánh làm gì. đơn giản mấy thằng ấy ko có tuổi gì so với vinfet nhà mình, nhất là so về giá cổ cánh lúc mở bán. Thân.",Ironic,Negative,"Người viết sử dụng giọng văn mỉa mai (sarcasm) xuyên suốt câu nói. Việc dùng cụm từ 'tuyệt vời ông mặt trời' cho nền tư pháp và khẳng định 'không có chuyện trái pháp luật' thực chất là cách nói ngược để châm biếm. Đặc biệt, việc nói các đối thủ 'không có tuổi' và nhấn mạnh vào 'giá cổ cánh' (giá cổ phiếu/giá bán) là cách mỉa mai sự thổi phồng giá trị của VinFast thay vì khen ngợi chất lượng thực tế.",Negative
95,"chắc phải làm ăn thế nào mới nhìn anti thế chứ, ko có lửa sao có khói , do ăn ở thế nào",Metaphorical,Negative,"Người viết sử dụng các thành ngữ 'không có lửa sao có khói' và 'do ăn ở' để ám chỉ rằng việc chiếc xe hoặc hãng xe bị nhiều người ghét (anti) là có lý do chính đáng, ngầm khẳng định chất lượng sản phẩm hoặc cách làm việc của hãng có vấn đề nghiêm trọng",Negative
96,"ôi ko, bán qua Mỹ ko bán được thì giá nó mới rẻ, chứ chỉ phục vụ thị trường nội địa rồi lại kể một câu chuyện hay, kêu gọi yêu nước xây dựng uy tín rồi áp đặt mức giá cao lên dân mình à",Ironic,Negative,"Người viết sử dụng giọng điệu mỉa mai, chỉ trích chiến lược định giá của hãng xe. Việc cho rằng hãng lợi dụng lòng yêu nước để 'áp đặt mức giá cao' lên người tiêu dùng trong nước trong khi không đủ sức cạnh tranh tại thị trường quốc tế (Mỹ) cho thấy thái độ bất bình và đánh giá chiếc xe không xứng đáng với giá trị thực tế.",Negative
97,Đi rồi mà vẫn còn vớt vát mấy câu vf3,Ironic,Negative,"Cụm từ 'vớt vát' mang hàm ý mỉa mai, cho rằng người dùng đang cố gắng tìm kiếm hoặc bám víu vào những ưu điểm nhỏ nhặt của VF3 để tự an ủi hoặc bào chữa sau khi đã trải nghiệm thực tế, ngầm khẳng định chiếc xe không tốt như kỳ vọng.",Negative
98,Cũng đúng còn anti là còn fan,Fact-implied,Positive,Câu nói này sử dụng một quan điểm phổ biến để khẳng định rằng việc có nhiều người ghét (anti) chứng tỏ chiếc xe/thương hiệu này có sức ảnh hưởng lớn và có một lượng người hâm mộ (fan) đông đảo. Đây là cách nhìn nhận tích cực về mức độ phổ biến và sức hút của sản phẩm,Positive
99,Có thằng làm trạm sạc cho BYD sạc ké thì Vìn chỉ có chạy Taxi chứ ko lại dc đâu . Sẽ đến lúc A Vượng được công nhận làm dc xe thì a ý sẽ dừng vì lỗ hoặc lãi quá ít . Mục đích của a ý cũng để khẳng định bản thân thôi .,Fact-implied,Negative,"Người viết so sánh BYD với VinFast, cho rằng nếu BYD có hệ thống trạm sạc thì VinFast sẽ không thể cạnh tranh nổi và chỉ còn làm taxi. Đồng thời, người viết cho rằng mục đích làm xe của ông Vượng chỉ để khẳng định bản thân chứ không mang lại hiệu quả kinh tế (lỗ hoặc lãi ít), thể hiện sự hoài nghi và đánh giá thấp khả năng phát triển bền vững của hãng xe.",Negative
100,"Cạnh tranh ở thị trường tự do như Mỹ khó lắm. Bên đó đầy hãng xe điện. Lỗ biết bao nhiêu tỉ rồi. Thôi về ao làng mà câu, ít cá nhưng toàn cá con, ko có cá mập.",Metaphorical,Positive,Người viết sử dụng hình ảnh ẩn dụ 'về ao làng mà câu' và 'toàn cá con' để ám chỉ việc hãng xe không đủ năng lực cạnh tranh ở thị trường quốc tế (Mỹ) nên phải quay về thị trường trong nước - nơi ít đối thủ mạnh hơn. Điều này ngầm chê bai năng lực sản xuất và vị thế yếu kém của hãng xe.,Negative
101,Vừa rồi Vinfast mở cửa nhà máy. Một dây chuyền sản xuất nhiều kiểu xe của Vinfast là có thật. Và Vinfast là 1 trong số rất ít nhà máy ô tô trên thế giới có được dây chuyền như vậy. Vì họ đầu tư đồng bộ công nghệ mới nhất. Cụ tài thật nhỉ?,Fact-implied,Positive,"Người viết liệt kê các ưu điểm về quy mô nhà máy, khả năng sản xuất đa dạng và việc đầu tư công nghệ hiện đại nhất thế giới. Câu kết 'Cụ tài thật nhỉ?' là một lời khen ngợi ngầm về tầm nhìn và năng lực quản trị của chủ doanh nghiệp, từ đó thể hiện sự ngưỡng mộ đối với chất lượng sản xuất của hãng xe.",Positive
102,Ngon nhưng lỗ nặng. Marketing vậy đủ rồi,Ironic,Negative,"Người dùng thừa nhận xe 'ngon' (chất lượng tốt), nhưng cho rằng mức giá bán quá thấp so với giá trị ('lỗ nặng') và mỉa mai chiến lược marketing của hãng là đang chấp nhận lỗ để thu hút khách. Tuy nhiên, xét về góc độ người tiêu dùng, việc xe chất lượng tốt mà giá rẻ là một điểm tích cực lớn.",Positive
103,Các cụ tranh luận mà kiến thức uyên thâm quá! Em hóng thôi chứ ko có tiền mua xe điện hay xe vin phét!,Metaphorical,Negative,"Người nói sử dụng cách gọi mỉa mai 'kiến thức uyên thâm' và dùng từ 'Vin phét' (biến tấu từ VinFast) để chế giễu. Việc nói 'không có tiền mua' trong ngữ cảnh này không phải là tự ti về tài chính mà là một cách từ chối khéo, ngầm khẳng định chiếc xe không đáng để chi tiền mua.",Negative
104,con bắc kinh X7 nó cũng đầy hàng hiệu đấy. Chắc nó cũng ko phải xe tào. Tào theo kiểu làm đc mỗi cái lô gô dán vào thì là xe Việt. Quá đỉnh,Ironic,Negative,"Người viết sử dụng lối nói mỉa mai, so sánh việc xe Bắc Kinh X7 có 'hàng hiệu' để châm chọc các dòng xe thương hiệu Việt (vốn bị cho là chỉ dán logo lên xe Trung Quốc). Cụm từ 'Quá đỉnh' ở cuối câu mang sắc thái mỉa mai, nhằm khẳng định giá trị thực sự của chiếc xe X7 vượt trội hơn so với những xe 'gắn mác' Việt",Positive
105,E rằng còn lẩu còn lâu Pin còn chưa biết độ trâu thế nào Xe dù đã được bàn giao Khách đang thử nghiệm nháo nhào chưa xong Sạch xanh nghe cũng nức lòng Sợ 3 năm lại tiễn vong thêm lần...kkk,Ironic,Negative,"Người viết sử dụng giọng điệu mỉa mai, hoài nghi về chất lượng pin ('chưa biết độ trâu thế nào') và đặc biệt là dùng cụm từ 'tiễn vong' để ám chỉ rủi ro hỏng hóc nặng hoặc mất giá trị nghiêm trọng sau 3 năm sử dụng, cho thấy sự thiếu tin tưởng vào độ bền của xe.",Negative
106,"Kkk...sau 1 hồi cụ phán như đúng rồi , nào là R&D nào là công nghệ Mỹ... bla bla , cuối cùng vẫn lại câu : Có Thể có thị phần bên Tàu thôi à cụ ?",Ironic,Negative,"Người viết sử dụng giọng điệu mỉa mai ('Kkk', 'phán như đúng rồi', 'bla bla') để chế giễu những lời quảng cáo về công nghệ và R&D của xe. Câu hỏi cuối cùng ngầm khẳng định rằng chiếc xe này chỉ có thể thành công ở thị trường Trung Quốc (vốn thường bị coi là tiêu chuẩn thấp hơn hoặc đặc thù), chứ không đủ sức cạnh tranh hay chất lượng để thành công ở các thị trường khắt khe hơn.",Negative
107,"Cụ cò không tiến ...kiêng khem Đừng hô hào giục anh em xuống tiền Toàn là : chắc sẽ ...lên tiên Bây giờ khách vẫn đảo điên test giùm PR quảng cáo ...bèng rum Hiện thời khách cổ đeo cùm thuê pin Cục pin chẳng khác khối mìn Bảo hiểm không có , cụ tin không nào ? Chắc là , chắc sẽ ...không sao Tinh thần mãnh liệt cứ ào ào ...mua ...kkk",Ironic,Negative,"Người viết sử dụng ngôn ngữ mỉa mai, châm biếm gay gắt thông qua các hình ảnh so sánh tiêu cực như 'đeo cùm' (ám chỉ sự ràng buộc của việc thuê pin) và 'khối mìn' (ám chỉ sự nguy hiểm, không an toàn của pin). Đồng thời, tác giả chỉ trích việc quảng cáo thổi phồng ('bèng rum', 'hô hào') trong khi thiếu các cam kết bảo hiểm và an toàn, thể hiện sự mất niềm tin trầm trọng vào sản phẩm.",Negative
108,"Chắc cũng còn phải nhập khẩu nhiều thứ nhưng chắc chắn là phần thân vỏ Lux A, SA, Fadil đều đang được dập ở Cát Hải đấy cụ ợ !",Fact-implied,Positive,"Người nói đang khẳng định việc các dòng xe Lux A, SA, Fadil được dập thân vỏ tại nhà máy Cát Hải. Điều này ngầm thể hiện sự ủng hộ và tự hào về tỷ lệ nội địa hóa cũng như năng lực sản xuất trong nước của hãng xe",Positive
109,"Bây giờ vở đã sang trang Chuyển sang xe điện, làm hàng sạch/ xanh Không còn xăng nhớt hôi tanh Chờ xem thắng lợi lưu danh toàn cầu",Ironic,Positive,Người viết sử dụng hình ảnh 'vở đã sang trang' và đối lập giữa 'hàng sạch/xanh' với 'xăng nhớt hôi tanh' để thể hiện sự ủng hộ mạnh mẽ đối với xe điện. Cụm từ 'thắng lợi lưu danh toàn cầu' khẳng định niềm tin vào sự thành công và tương lai tươi sáng của dòng xe này.,Positive
110,"Cứ mua đừng có phân vân Người ta chắc sẽ tính phần bền lâu Pin thì chắc sẽ rất trâu Bảo hành bảo dưỡng đi lâu ngại gì Bà con hãy cứ mua đi Em ""cò không tiến"" thôi thì ... đứng xem kkk",Ironic,Negative,"Người viết sử dụng lời khuyên trực tiếp 'cứ mua đừng có phân vân' cùng các dự đoán tích cực về độ bền ('bền lâu') và hiệu năng pin ('rất trâu'). Việc tự nhận mình là 'cò không tiến' (người môi giới không bán được hàng) một cách hài hước càng nhấn mạnh sự tin tưởng vào chất lượng sản phẩm, khuyến khích người khác mua xe.",Positive
111,"Phải phục đội nhà Vanh, nói sai nhiều thành đúng, vẫn nhiều cụ có niềm tin mãnh liệt là xe động cơ bê em đúp Đức sản xuất lắm, đi cái xe cứ sướng rần rần",Ironic,Negative,"Người viết sử dụng giọng điệu mỉa mai ('phải phục', 'nói sai nhiều thành đúng') để châm chọc những người tin vào nguồn gốc động cơ Đức của xe. Tuy nhiên, cụm từ 'đi cái xe cứ sướng rần rần' cho thấy thực tế trải nghiệm vận hành của chiếc xe mang lại cảm giác hài lòng và phấn khích",Positive
112,"Xe điện thì tháng 7 bàn giao được 62 chiếc mà ngồi đây khua môi múa mép không biết ngượng . Tên tuổi lớn đang chưa thể cấu trúc ngay mà doanh số 1 ngày đang hơn cả ông nói phét cả mấy tháng , không đỡ được",Ironic,Negative,"Người viết sử dụng những từ ngữ công kích mạnh mẽ ('khua môi múa mép', 'không biết ngượng', 'nói phét') để mỉa mai doanh số thấp của xe điện (chỉ 62 chiếc/tháng) và so sánh nó với một đối thủ khác có doanh số vượt trội. Điều này thể hiện thái độ coi thường và đánh giá tiêu cực về hiệu quả kinh doanh cũng như uy tín của hãng xe điện này.",Negative
113,Mart … bán Tivi … bứt Điện thoại … bẹp Đốt trong … bỏ …,Fact-implied,Negative,"Câu văn không có nghĩa, bao gồm các từ rời rạc và không liên quan đến việc đánh giá hay nhận xét về một chiếc xe hơi. Đây là nội dung rác (spam) hoặc văn bản vô nghĩa, không chứa đựng cảm xúc tích cực hay tiêu cực đối với sản phẩm.",Negative
114,chính sách cố định giá trọn đời hẳn hoi tăng gì mà tăng. chờ người mua xe kiện xong rồi tăng,Ironic,Negative,"Người dùng nhắc đến 'chính sách cố định giá trọn đời' và bày tỏ sự bức xúc trước việc tăng giá, đồng thời đề cập đến việc 'người mua xe kiện'. Điều này cho thấy sự không hài lòng đối với cách làm việc của hãng và cảm giác bị lừa dối về cam kết giá cả",Negative
115,"Em nhà nghèo k ham hố mấy đồ này, mua con xe đắng đo lắm chứ k phải như mua đồ chơi cho con, 2-3 hôm nó k làm nữa mua món khác, mặc dầu yêu nc nhưng để mua đồ cùa Vin thì không thể không suy nghĩ, nhìn mấy cái đt, tivi, vaccine covid, gần đây xe chạy xăng nữa…không đùa được đâu.",Fact-implied,Negative,"Người viết sử dụng cách nói khiêm tốn ('nhà nghèo') và nhắc lại những sản phẩm gây tranh cãi trước đây của Vin (điện thoại, tivi, vaccine) để bày tỏ sự thiếu tin tưởng vào chất lượng và độ bền của sản phẩm. Cụm từ 'không thể không suy nghĩ' và 'không đùa được đâu' ngầm khẳng định sự e ngại, lo lắng về rủi ro khi mua xe của hãng này.",Negative
116,"Muốn nhận xe sớm thì cứ làm vài ba cái video xàm xàm up lên mạng, xong ra showroom đặt xe, nhận mình là reviewer có kênh diu túp, tích tốc các kiểu nha các bác Tuần sau là có xe liền Đằng sau ông quay phim có sẵn mấy chú Pờ Lít thì thằng nào dám chê",Ironic,Negative,"Người viết sử dụng giọng điệu mỉa mai, châm biếm việc một số reviewer dùng tầm ảnh hưởng ảo hoặc quyền lực (có công an đi cùng) để được ưu tiên nhận xe sớm. Điều này ngầm ám chỉ sự thiếu minh bạch trong quy trình bán hàng của hãng và sự thiếu khách quan của những người đánh giá xe, tạo ra cái nhìn tiêu cực về thương hiệu và cộng đồng reviewer xe",Negative
117,Ai chê cứ chê. Từ 1/5 giá cà rốt lại tăng 16 trẹo. Bà con bớt mua con này chứ giờ ra đường nhiều cứ như lợn con.,Ironic,Positive,"Người viết dùng cụm từ 'Ai chê cứ chê' để khẳng định giá trị của xe (vẫn tăng giá). Tuy nhiên, việc ví von xe 'nhiều cứ như lợn con' trên đường là cách nói mỉa mai về việc mẫu xe này quá phổ biến, trở nên đại trà và mất đi giá trị độc bản/đẳng cấp",Negative
118,"ở tỉnh xe về chậm hơn phải ko cụ, trọng hội cross thấy mấy bác ở hn với đà nẵng nhận xe đăng ảnh khoe rầm rầm, e ở tỉnh sale báo từ giờ đến cuối tháng ko biết ngày nào @@",Fact-implied,Negative,"Người dùng thể hiện sự sốt ruột và thất vọng khi so sánh việc nhận xe chậm ở tỉnh so với các thành phố lớn (Hà Nội, Đà Nẵng). Việc sử dụng cụm từ 'không biết ngày nào' cùng biểu tượng '@@' cho thấy sự không hài lòng về quy trình giao xe và dịch vụ hỗ trợ của hãng/sale tại địa phương",Negative
119,Safety Sense nó làm cho loa của cụ...bất lực đó,Ironic,Negative,"Câu này đề cập đến tính năng Safety Sense (hệ thống an toàn) phát ra các tiếng cảnh báo liên tục hoặc quá lớn, khiến âm thanh từ loa (nhạc/giải trí) bị lấn át hoặc không thể nghe rõ. Việc dùng từ 'bất lực' cho thấy sự khó chịu của người dùng đối với sự phiền toái của hệ thống cảnh báo này.",Negative
120,mấy xe đời mới nâng cấp mấy chức năng mà ít sài tới ở điều kiện giao thông VN mà phải móc tiền trả thêm cũng tiếc phải không các cụ,Rhetorical-question,Negative,"Người viết cho rằng các tính năng nâng cấp trên xe đời mới không thực tế, không phù hợp với điều kiện giao thông tại Việt Nam, dẫn đến việc phải trả thêm tiền cho những thứ không sử dụng đến là một sự lãng phí (tiếc tiền).",Negative
121,"hơi nhiều nhựa cụ nhỉ, e 26/10 này nhận xe mà vẫn thấy hơi nhựa",Fact-implied,Negative,"Người dùng lặp lại cụm từ 'hơi nhiều nhựa' và 'hơi nhựa' để bày tỏ sự không hài lòng về chất liệu nội thất của xe, cho rằng xe sử dụng quá nhiều nhựa, tạo cảm giác rẻ tiền và thiếu sang trọng",Negative
122,Chắc cách âm tốt nên ko cần loa to đấy cụ,Ironic,Negative,"Người nói sử dụng cách nói mỉa mai (sarcasm). Việc cho rằng 'cách âm tốt nên không cần loa to' thực chất là để chê bai hệ thống âm thanh của xe quá tệ, tiếng nhỏ hoặc chất lượng kém, không đủ nghe.",Negative
123,Cụ nào chán cross thì ới cháu. Cháu mua cho bà xã,Fact-implied,Positive,"Người nói đang chủ động tìm mua lại chiếc xe (Cross) từ người khác để tặng vợ, điều này cho thấy họ đánh giá cao giá trị và chất lượng của dòng xe này nên mới có nhu cầu sở hữu",Positive
124,Vậy là dùng máy công nghệ lạc hậu chằng thêm viên pin 100 triệu “khó có vấn đề trong 5 năm đâu” vào để bán à máy cũ à? các xe hybrid khác không biết có thế không: camry hybrid hay lexus hybrid ý?,Rhetorical-question,Negative,"Người dùng sử dụng các cụm từ tiêu cực như 'công nghệ lạc hậu', 'máy cũ' và đặt dấu hỏi nghi vấn về giá trị của viên pin (100 triệu) so với hiệu quả thực tế. Việc so sánh với các dòng xe Hybrid khác (Camry, Lexus) nhằm nhấn mạnh sự kém cỏi hoặc thiếu tin cậy của chiếc xe hiện tại.",Negative
125,Fiesta cũ bán chắc 250 kịch 300 .rush 630 chưa biển . hơn gấp đôi mà gần đủ,Fact-implied,Negative,"Người viết so sánh giá trị của hai chiếc xe, trong đó chiếc Rush có giá cao hơn gấp đôi Fiesta nhưng lại nhận xét là 'gần đủ' (ý nói không đủ giá trị tương xứng hoặc không đủ tốt hơn để bù đắp khoảng cách giá). Điều này thể hiện sự đánh giá thấp về giá trị sử dụng so với số tiền bỏ ra cho chiếc Rush.",Negative
126,"Chân ga a khéo quá có 5,5lit/100km",Fact-implied,Positive,"Câu nói khen ngợi kỹ năng lái xe ('chân ga khéo') kết hợp với con số tiêu thụ nhiên liệu thực tế rất thấp (5,5 lít/100km), ngầm khẳng định chiếc xe có khả năng tiết kiệm nhiên liệu rất tốt.",Positive
127,Bản TRD đó đang được giảm 165tr đấy ạ. Còn hơn 1 tỷ à. a mua 1 chiếc về lấy bộ tem zin xịn dán cho Rush nhé,Ironic,Negative,"Người nói gợi ý mua một chiếc xe đắt tiền (hơn 1 tỷ) chỉ để lấy bộ tem dán cho một chiếc xe rẻ tiền hơn (Rush). Đây là cách nói mỉa mai, ngầm khẳng định giá trị thực tế của chiếc xe TRD không xứng đáng với số tiền bỏ ra, chỉ có bộ tem là có giá trị",Negative
128,"XL7 là nâng cấp của Ertiga nên tốn tiền hơn kakaka, do đó khác gì Rush đâu Thế kỉ 21 từ đời nào zồi mà các cụ còn khen cái xe với 2 túi khí nhỉ Em tháo trần xe, cột A-B và ghế xe Rush ra thì thấy nó có cả túi khí ở trong luôn, đánh giá là xe Toyota đã vượt lên tầm cao mới hoàn toàn khác.",Ironic,Negative,"Người viết sử dụng giọng điệu mỉa mai khi so sánh XL7 với Ertiga và Rush. Đặc biệt, việc nhấn mạnh sự lạc hậu về an toàn (chỉ có 2 túi khí) và khen ngợi Toyota Rush 'vượt lên tầm cao mới' vì có nhiều túi khí hơn thực chất là để chê bai sự thiếu hụt trang bị an toàn của XL7.",Negative
129,"Đặc điểm của xe có thiết kế body on frame đấy cụ. Lại thêm cái hệ thống treo thiết kế có hơi hướng off road, cộng với gầm cao nữa, thì đi tròng trành là phải. Thế nhưng nó lại chỉ có 1 cầu Kể ra nó mà 2 cầu thì lại là một xe off road nhẹ rất hay.",Fact-implied,Negative,"Người viết phân tích các đặc điểm kỹ thuật (body-on-frame, treo off-road, gầm cao) để giải thích lý do xe bị tròng trành (nhược điểm). Tuy nhiên, điểm mấu chốt nằm ở câu cuối: việc xe chỉ có 1 cầu khiến nó không phát huy hết tiềm năng. Cụm từ 'Kể ra nó mà 2 cầu thì lại là một xe off road nhẹ rất hay' thể hiện sự tiếc nuối và đánh giá chiếc xe hiện tại là thiếu sót, chưa hoàn thiện về công năng",Negative
130,"Đúng rùi cụ, Toyota phải quảng cáo là mua tem khuyến mãi xe đê",Metaphorical,Negative,"Câu nói sử dụng lối mỉa mai khi cho rằng xe Toyota không cần quảng cáo tính năng hay chất lượng mà chỉ cần coi như một 'tem khuyến mãi' (ám chỉ việc mua xe này giống như một giao dịch an toàn, giữ giá, dễ thanh khoản hơn là giá trị trải nghiệm). Điều này ngầm khẳng định giá trị bán lại cực cao và tính thực dụng đặc trưng của Toyota",Positive
131,"Đi nhẹ, nói khẽ, cười duyên vẫn là phẩm chất tốt mà cụ to xác mà nốc có hơn 6l/100km thì đòi hỏi gì hơn, tổng quãng đường cỡ 1200km hết 1,3tr A95 thôi ợ",Fact-implied,Positive,"Người viết sử dụng cách nói ví von 'đi nhẹ, nói khẽ' để mô tả sự vận hành êm ái và tiết kiệm. Việc nhấn mạnh một chiếc xe 'to xác' (kích thước lớn) nhưng chỉ tiêu thụ hơn 6l/100km và chi phí nhiên liệu thấp cho quãng đường 1200km là lời khen ngợi về hiệu suất tiêu thụ nhiên liệu cực kỳ ấn tượng.",Positive
132,"Xpander hôm trc e ngồi đc 8 ng 7 valy xách tay + 1 kiện 20kg ra sân bay cụ ợ rẻ hơn ỉn 30 hay 40k gì đấy. Thế ỉn mới chết. Đc tài mới mua xe gặp đúng dịch đói 8 tháng, còn chưa biết xếp ng và hàng ntn để lên đc hết.",Fact-implied,Positive,Người viết so sánh Xpander với một đối thủ (gọi là 'ỉn') và nhấn mạnh khả năng chở người (8 người) cùng hành lý lớn (7 vali + 1 kiện 20kg) một cách hiệu quả. Việc khẳng định Xpander làm được điều mà đối thủ không làm được (hoặc làm kém hơn) cho thấy sự đánh giá cao về không gian nội thất và tính đa dụng của xe.,Positive
133,nhanh hơn tí mà dc gì nhỉ,Rhetorical-question,Negative,"Người nói thừa nhận xe có ưu điểm là tốc độ ('nhanh hơn tí'), nhưng dùng câu hỏi tu từ 'mà được gì nhỉ' để phủ nhận giá trị của ưu điểm đó, ngầm cho rằng những nhược điểm khác hoặc mức giá không xứng đáng với sự cải thiện nhỏ về tốc độ.",Negative
134,Vậy bác phải đọc thêm xem toy thay đổi những gì khá nhiều đấy.,Fact-implied,Positive,"Câu nói mang tính chất gợi ý người dùng tìm hiểu thêm về những thay đổi tích cực và đáng kể từ phía nhà sản xuất (Toyota), ngầm khẳng định phiên bản mới có nhiều cải tiến giá trị",Positive
135,"Sedona cạnh tranh với Sienna & Odyssey, Innova tuổi gì mà giống Sedona.",Metaphorical,Negative,"Người nói đặt Sedona vào phân khúc cạnh tranh với các đối thủ cao cấp (Sienna, Odyssey) và dùng cụm từ 'tuổi gì' để hạ thấp Innova, khẳng định Innova không cùng đẳng cấp và không thể so sánh với Sedona",Positive
136,"Mối dòng xe đánh vào 1 phân khúc riêng, ở SG e thấy Sedona chạy đầy đường.",Fact-implied,Positive,"Việc quan sát thấy xe 'chạy đầy đường' tại một thị trường lớn như Sài Gòn cho thấy mẫu xe này có độ phổ biến cao, được người tiêu dùng đón nhận và tin dùng rộng rãi trong phân khúc của nó.",Positive
137,Lắm ông cứ ác cảm chứ cả tụi Hàn sống ở VN cũng đầy thằng đi xe Nhật. Lên BD gặp tụi Tây đi Phò bỉm NN ko ít,Fact-implied,Positive,"Người viết sử dụng lập luận rằng ngay cả người Hàn Quốc (đối thủ cạnh tranh chính) và người nước ngoài vẫn chọn mua xe Nhật. Điều này ngầm khẳng định chất lượng và giá trị của xe Nhật là vượt trội và được công nhận rộng rãi, bất kể định kiến",Positive
138,Fotuner cảm tưởng như chạy dịch vụ chứ gia đình chạy trong thành phố thỉnh thoảng đi phượt ai chạy xe ấy . trừ đi tỉnh nhiều,Fact-implied,Negative,"Người viết so sánh chiếc Fortuner với 'xe chạy dịch vụ', ngụ ý rằng xe thiếu sự tinh tế, thoải mái hoặc sang trọng cần thiết cho mục đích sử dụng gia đình trong thành phố. Việc nói 'ai chạy xe ấy' thể hiện sự không hài lòng về trải nghiệm vận hành, chỉ thừa nhận xe phù hợp khi đi tỉnh (đường dài/đường xấu), từ đó chê bai tính đa dụng cho gia đình.",Negative
139,Tai bác thính thế. Em thấy đi nhanh chỉ còn tiếng gió.,Metaphorical,Positive,"Người nói phản hồi lại một ý kiến (có thể là phàn nàn về tiếng ồn) bằng cách khẳng định khi chạy nhanh chỉ còn nghe thấy tiếng gió, ngầm ý rằng tiếng ồn động cơ hoặc tiếng ồn từ cabin đã được triệt tiêu rất tốt, xe vận hành êm ái.",Positive
140,Nếu để phục vụ gia đình thì cứ máy xăng mà chơi thôi ạ,Fact-implied,Positive,"Người nói đưa ra lời khuyên nên chọn phiên bản máy xăng cho mục đích phục vụ gia đình, ngầm khẳng định động cơ xăng phù hợp, vận hành êm ái hoặc tiện lợi hơn cho nhu cầu sử dụng gia đình so với các lựa chọn khác (như máy dầu hoặc xe điện).",Positive
141,Xe này chạy xăng thì uống như uống bia,Metaphorical,Negative,"Sử dụng phép so sánh 'uống như uống bia' để ám chỉ việc tiêu thụ nhiên liệu quá mức, cho thấy xe cực kỳ tốn xăng",Negative
142,"55tr/12 tháng ~ 4.6tr/tháng=1,15 tr/tuần vị chi gần tuần cụ đổ đầy bình 1 lần? cũng nhanh phết. em 2 tuần 1 bình thấy nhẹ tênh, chạy = nửa cụ.",Rhetorical-question,Negative,Người viết so sánh mức tiêu thụ nhiên liệu của xe mình (2 tuần 1 bình) với xe của người khác (1 tuần 1 bình) và nhận xét mức chi phí của đối phương là 'nhanh phết' (tốn xăng). Việc dùng cụm từ 'nhẹ tênh' để mô tả chi phí vận hành của xe mình cho thấy sự hài lòng về khả năng tiết kiệm nhiên liệu của chiếc xe.,Positive
143,Hàng 3 thì chắc tầm tiền đấy xe nào cũng như nhau luôn. Muốn ngồi dc chắc chỉ lên Land to chứ Pra cũng ko hơn nhiều.,Fact-implied,Negative,"Người viết cho rằng ở phân khúc giá này, hàng ghế thứ 3 của các xe đều không tốt (không thoải mái). Việc khẳng định ngay cả mẫu Pra (Prado) cũng không hơn nhiều và chỉ có Land (Land Cruiser) mới ngồi được cho thấy sự thất vọng về không gian hàng ghế sau của chiếc xe đang được nhắc đến.",Negative
144,"Xe dầu đời mới bây giờ công nghệ Euro bốn rồi, nếu các bác dung dầu Do 0.001s  thì không có mùi gì giống hệt máy xăng.",Fact-implied,Positive,"Câu này khen ngợi công nghệ của các dòng xe dầu đời mới (Euro 4) và loại nhiên liệu chất lượng cao giúp loại bỏ mùi hôi đặc trưng của máy dầu, mang lại trải nghiệm sạch sẽ tương đương với máy xăng.",Positive
145,"ù là đặc trưng muôn thuở của innova và fortuner xăng rồi cụ, ko giải quyết dc, nhất là những lúc cụ ép số nhiều nữa. e đi fortuner V 2009, e đã sống chung với ù gần chục năm nay rồi",Fact-implied,Negative,"Người viết khẳng định tiếng ù là 'đặc trưng muôn thuở' và 'không giải quyết được', đồng thời chia sẻ trải nghiệm cá nhân phải 'sống chung' với nhược điểm này trong gần 10 năm. Điều này thể hiện sự chê bai về khả năng cách âm kém của dòng xe.",Negative
146,"các cụ so hàng 3 với fortuner thì phải là land cruiser, mấy con sedona, v class, turneo tuổi gì...",Fact-implied,Positive,"Người viết sử dụng ngôn ngữ bình dân, mạnh bạo để khẳng định vị thế của Land Cruiser là đối thủ xứng tầm duy nhất với Fortuner trong phân khúc. Việc dùng cụm từ 'tuổi gì...' (một cách nói lóng mang tính hạ thấp) đối với các dòng xe Sedona, V-Class, Turneo cho thấy sự coi thường các đối thủ này, từ đó ngầm tôn vinh sức mạnh và đẳng cấp của chiếc xe đang được nhắc đến (Fortuner/Land Cruiser).",Positive
147,"Dầu vẫn có tiếng re re, chỉ là khi đi chậm tiếng nó lào xào, nhanh thì tròn tua hơn chút",Fact-implied,Negative,"Người dùng mô tả các âm thanh bất thường phát ra từ động cơ như 're re' và 'lào xào'. Việc tiếng máy không êm mà có tạp âm, dù thay đổi theo tốc độ, cho thấy sự không hài lòng về độ cách âm hoặc chất lượng vận hành của động cơ",Negative
148,"E có 10 năm đi máy dầu nên lên xe dầu là e nghe biết liền, xe nào khác chứ fortuner nó cứ gào rú. Dầu êm thì êm chứ chưa đên đẳng cấp xăng được. Còn chuyện tiết kiệm thì vô địch rồi",Fact-implied,Negative,"Người viết thừa nhận xe tiết kiệm nhiên liệu ('vô địch'), nhưng tập trung phê phán tiếng ồn động cơ ('gào rú') và khẳng định độ êm ái không bằng xe xăng. Sự khó chịu về tiếng ồn là điểm nhấn chính trong trải nghiệm vận hành, khiến đánh giá tổng thể nghiêng về phía tiêu cực.",Negative
149,"bản 2.4 có thay đổi gì đâu nhỉ , chắc xe mới cảm giác thế thôi",Rhetorical-question,Negative,"Người nói cho rằng phiên bản 2.4 không có sự cải tiến hay thay đổi đáng kể nào về chất lượng hoặc tính năng, và cho rằng cảm giác 'mới' chỉ là tâm lý nhất thời chứ không phải do giá trị thực tế của xe",Negative
150,"chỉ có 2.8 mới cải tiến thôi bác, nhưng đó là trên quảng cáo . Tâm lý xe mới thôi chứ  2.4 chỉ thêm option, tay lái nhẹ hơn chút ,động cơ ko thay đổi, chắc chắn sẽ là bản chủ lực",Fact-implied,Negative,"Người viết cho rằng những cải tiến trên bản 2.8 chỉ là quảng cáo và mang tính chất tâm lý xe mới, đồng thời khẳng định bản 2.4 không có thay đổi về động cơ. Điều này thể hiện sự hoài nghi về giá trị thực tế của các nâng cấp và đánh giá thấp sự cải tiến của dòng xe này.",Negative
151,Thế cụ đưa thử xem con xe nào cùng phân khúc mà hàng 3 hơn phò tủn vậy ợ?,Rhetorical-question,Positive,"Người nói sử dụng câu hỏi tu từ và từ ngữ dân dã ('hàng 3', 'phò tủn') để thách thức đối phương tìm một chiếc xe cùng phân khúc có chất lượng kém hơn. Điều này ngầm khẳng định chiếc xe đang được nhắc đến có chất lượng vượt trội hơn hẳn so với các đối thủ cùng tầm giá.",Positive
152,đúng như cụ nói ạ ! máy công nông chính hiêu mà !,Metaphorical,Negative,"Việc ví động cơ xe là 'máy công nông chính hiệu' là một cách nói mỉa mai, ám chỉ chiếc xe vận hành thô kệch, ồn ào, thiếu tinh tế và không xứng tầm với một chiếc ô tô hiện đại",Negative
153,"Doanh số con MG5 này trên Thế Giới 6 tháng đầu năm 2022 là 99K xe. Rất cao đó, mà thương hiệu này VN k có chuộng, ai mua cũng can đảm lắm.",Fact-implied,Negative,"Người viết thừa nhận doanh số cao nhưng lại dùng các cụm từ 'VN không chuộng' và 'ai mua cũng can đảm lắm'. Việc dùng từ 'can đảm' ở đây mang hàm ý mỉa mai, ám chỉ việc mua xe thương hiệu này là một sự mạo hiểm hoặc thiếu tin tưởng vào chất lượng/giá trị bán lại, thay vì là một quyết định mua sắm thông thường.",Negative
154,"Bạn có tiền thì bạn cứ trải nghiệm, người đủ tiền sẽ có quyết định khác. Như xe Vin khen nhiều lắm nhiều hơn chê mà còn "" bỏ con giữa chợ"".  Xe phố thì được, xe cày dùng lâu thiếu tự tin lắm.",Metaphorical,Negative,"Người viết sử dụng cách nói mỉa mai về giá trị của xe ('có tiền thì cứ trải nghiệm') và dẫn chứng việc 'bỏ con giữa chợ' để ám chỉ dịch vụ hậu mãi kém. Đồng thời, việc khẳng định xe chỉ hợp đi phố và 'thiếu tự tin' khi dùng làm xe cày (chạy cường độ cao) cho thấy sự đánh giá thấp về độ bền và độ tin cậy của xe.",Negative
155,"nó gắn cái logo brit dynamic lên xe để claim công nghệ Anh đó nói từ công nghệ thì cũng vô chừng, nó quảng cáo không sai, có chút công nghệ Anh là đúng rồi, còn công nghệ cụ thể gì thì chịu",Ironic,Negative,"Người viết sử dụng giọng điệu mỉa mai khi cho rằng hãng xe chỉ gắn logo để 'claim' (tuyên bố) công nghệ Anh một cách hời hợt. Việc nói 'có chút công nghệ Anh là đúng rồi' nhưng 'cụ thể gì thì chịu' ngầm khẳng định giá trị công nghệ thực tế của xe là rất thấp, không đáng kể và mang tính chất quảng cáo thổi phồng hơn là chất lượng thật.",Negative
156,Xe Tàu bẩn 99.99% còn tí nào của Anh Quốc. Thế mà quảng cáo chỗ nào cũng phải trương cái cờ Anh quốc to tướng để lùa gà. Đúng là lùa được khối gà tưởng xe Anh giá rẻ,Metaphorical,Negative,"Người viết sử dụng ngôn ngữ gay gắt ('bẩn', 'lùa gà') để chỉ trích nguồn gốc xuất xứ của xe. Việc mỉa mai việc treo cờ Anh Quốc cho thấy người viết cho rằng hãng xe đang quảng cáo sai sự thật, đánh lừa người tiêu dùng về chất lượng và giá trị thực của chiếc xe",Negative
157,Ngu ngu như mình thì cứ hiểu thế này cho lành. Xe đúng Anh thì ko rẻ mà xe rẻ thì chả phải của Anh ..kkk,Ironic,Negative,"Người viết sử dụng cách nói tự trào ('ngu ngu như mình') và lối lập luận tương phản để khẳng định giá trị thương hiệu của xe Anh: xe đúng chất Anh thì giá trị cao (đắt), còn xe rẻ thì không thể mang lại đẳng cấp/chất lượng của xe Anh. Đây là cách khen ngầm về sự sang trọng và giá trị xứng tầm của chiếc xe.",Positive
158,bóng hồng ơi bóng hồng... con xe tới Asean Ncap còn ko đạt mà vẫn có người mua đc. Tài thật,Fact-implied,Negative,"Người viết sử dụng từ 'bóng hồng' (mỉa mai) và dẫn chứng việc xe không đạt tiêu chuẩn an toàn Asean NCAP để chê bai chất lượng an toàn của xe. Cụm từ 'Tài thật' là cách nói mỉa mai dành cho những người mua chiếc xe này, ngầm khẳng định chiếc xe không đáng mua.",Negative
159,"Quá ngon nếu mua xe kèm em [USERNAME], mua 600 về bán xe lại 300 rồi xài em [USERNAME] cỡ 5 năm thì tính ra quá hời. Chứ cưỡi bạn MG này lỡ lên cỡ 80÷120km/h mà nó bị lỗi khóa vô lăng bất tử thì xác định đi gặp tổ tiên.",Ironic,Negative,"Người viết sử dụng cách nói mỉa mai khi cho rằng việc bán lại xe với giá lỗ một nửa vẫn 'hời' hơn là sử dụng xe. Đặc biệt, câu văn trực tiếp đề cập đến lỗi nghiêm trọng về an toàn (khóa vô lăng ở tốc độ cao) và dùng cụm từ 'đi gặp tổ tiên' để cảnh báo về nguy cơ tai nạn chết người, thể hiện sự mất niềm tin trầm trọng vào chất lượng và độ an toàn của xe MG.",Negative
160,"Bài viết đáng tin vì có xe, biển số và chủ xe. Chủ xe nói: ""Thương hiệu Trung Quốc nhưng công nghệ vẫn của Anh và lắp ráp ở Thái Lan, ..."" hình như chưa đúng chỗ công nghệ vẫn của Anh. Theo tôi, chỉ có 2 chữ cái M và G là xuất xứ từ Anh. Còn công nghệ là TQ",Fact-implied,Negative,"Người viết phủ nhận khẳng định về nguồn gốc công nghệ Anh của chiếc xe, cho rằng chỉ có tên thương hiệu (MG) là từ Anh còn thực chất công nghệ là của Trung Quốc. Điều này thể hiện sự thiếu tin tưởng vào chất lượng và giá trị cốt lõi của sản phẩm",Negative
161,"Con này phụ nữ chạy là đúng bài vì nó cực an toàn. Mình đã có lần đèn đỏ sang xanh, chọn chế độ sport và đạp ga 1 nhát lút sàn nhưng xe thì.......bò lên từ từ",Ironic,Negative,"Người viết sử dụng cách nói mỉa mai: ban đầu khen 'an toàn' và 'đúng bài cho phụ nữ', nhưng thực chất là để dẫn dắt đến việc chê bai khả năng tăng tốc cực kỳ kém. Việc nhấn ga lút sàn ở chế độ Sport mà xe vẫn 'bò lên từ từ' cho thấy động cơ yếu và phản ứng chậm, trái ngược hoàn toàn với kỳ vọng về hiệu suất.",Negative
162,"PR đồ tàu để làm gì nhỉ, ngon thì thiên hạ nhảy vô ầm ầm rồi haha",Ironic,Negative,Người viết sử dụng câu hỏi tu từ và đi kèm tiếng cười mỉa mai ('haha') để khẳng định rằng chiếc xe (nguồn gốc Trung Quốc) không hề tốt. Lập luận là nếu xe thực sự chất lượng ('ngon') thì người tiêu dùng đã tự tìm đến mua mà không cần phải quảng cáo (PR) nhiều.,Negative
163,Con này mà xài máy 1.5 thì mới làm trùm đc. Máy 1.0 đạp ga kêu như máy cày!,Metaphorical,Negative,"Người dùng so sánh động cơ hiện tại (1.0) với động cơ mong muốn (1.5) để chỉ ra sự yếu kém. Việc ví tiếng động cơ khi tăng tốc 'kêu như máy cày' là cách nói mỉa mai, chê bai động cơ ồn, thô và thiếu tinh tế",Negative
164,"Ghế nỉ thì bằng ghế da, vỏ mỏng là để hấp thụ lực, kiến thức xe cộ cao siêu qá !?!? Các NSX xe Đức Mỹ nên cắp cặp sang học tập, xe gì mà vỏ dày cộp.",Ironic,Negative,"Người viết sử dụng giọng điệu mỉa mai ('kiến thức xe cộ cao siêu qá', 'nên cắp cặp sang học tập') để châm chọc những ý kiến cho rằng vỏ xe mỏng là không tốt. Thực chất, người viết đang khen ngợi thiết kế vỏ xe mỏng là một ưu điểm về kỹ thuật (hấp thụ lực) và chê các xe Đức, Mỹ có vỏ quá dày, từ đó khẳng định chất lượng vượt trội của chiếc xe đang được nhắc đến.",Positive
165,Bắp tay to thế kia thì dù vô lăng không có trợ lực cũng trở thành nhẹ.,Ironic,Negative,"Câu nói sử dụng cách nói mỉa mai, cho rằng vô lăng quá nặng đến mức chỉ những người có 'bắp tay to' (sức khỏe phi thường) mới có thể điều khiển dễ dàng. Điều này ngầm chê bai hệ thống trợ lực lái của xe hoạt động kém hoặc không có, gây khó khăn cho người lái bình thường.",Negative
166,"Bác chủ xe cứ cầm thử 1 tờ giấy in khổ A4 và 1 tờ bìa cũng khổ A4 để trước quạt máy xem tờ nào rung nhiều hơn. Vỏ đã mỏng, trọng lượng nhẹ, đóng 128km/h mà vẫn đầm, có đầm vào mắt.",Ironic,Negative,"Người viết sử dụng hình ảnh so sánh tờ giấy và tờ bìa trước quạt để mỉa mai độ rung của xe. Cụm từ 'có đầm vào mắt' là cách nói mỉa mai (sarcasm), thực chất là chê xe không hề đầm chắc khi chạy tốc độ cao (128km/h) do vỏ mỏng và trọng lượng nhẹ.",Negative
167,Daihatsu trá hình mà ảnh tả như cam Mỹ kk,Ironic,Negative,"Người viết sử dụng cụm từ 'trá hình' để ám chỉ chiếc xe thực chất là sản phẩm của Daihatsu (thường được xem là phân khúc thấp hơn hoặc kém sang trọng hơn) nhưng lại được quảng cáo/mô tả như xe Mỹ (vốn nổi tiếng với sự hầm hố, sang trọng). Việc thêm 'kk' (tiếng cười) thể hiện sự mỉa mai, chê bai sự không tương xứng giữa giá trị thực và quảng cáo.",Negative
168,Câu kinh điển của sale xe nhật. Thế quái nào có mỗi kĩ sư bên nhật áp dụng kinh nghiệm này vào thiết kế xe nhỉ?,Rhetorical-question,Negative,"Người viết sử dụng cụm từ 'Câu kinh điển' và 'Thế quái nào' với giọng điệu mỉa mai, châm chọc. Việc đặt câu hỏi về việc áp dụng kinh nghiệm thiết kế của kỹ sư Nhật cho thấy sự không hài lòng hoặc không tin tưởng vào những lời quảng cáo của nhân viên bán hàng về chất lượng thiết kế thực tế của xe",Negative
169,"Nhìn mẹt và tay ảnh, là biết đang Phê chữ ê kéo dài",Metaphorical,Positive,"Cụm từ 'Phê chữ ê kéo dài' là tiếng lóng hiện đại dùng để chỉ trạng thái cực kỳ hài lòng, thích thú hoặc phấn khích. Việc quan sát biểu cảm khuôn mặt ('mẹt') và cử chỉ ('tay') của người lái cho thấy họ đang tận hưởng cảm giác tuyệt vời khi vận hành chiếc xe.",Positive
170,Con xe cỏ mà anh [USERNAME] tâng lên mây là chít,Metaphorical,Negative,"Người nói sử dụng từ 'xe cỏ' (xe rẻ tiền, chất lượng thấp) và cụm từ 'tâng lên mây' (khen ngợi quá lời, không đúng thực tế) để mỉa mai việc đánh giá cao chiếc xe này. Từ 'là chít' (là chết) nhấn mạnh sự sai lầm hoặc phi lý trong việc khen ngợi đó.",Negative
171,"Uh đúng rồi bác, con Raize của anh ấy còn đầm chắc hơn cả con xe tăng Abrams của Mỹ nữa kìa, chứ nói gì đến con Elantra của em",Ironic,Negative,"Người nói sử dụng phép so sánh cực đoan (hyperbole) khi ví một chiếc xe đô thị nhỏ như Raize 'đầm chắc hơn cả xe tăng Abrams' (loại xe chiến đấu nặng hàng chục tấn). Đây là cách nói mỉa mai, châm biếm để khẳng định rằng chiếc xe thực chất không hề đầm chắc, đồng thời ngầm chê bai cả chiếc Elantra của mình.",Negative
172,"mém xíu là anh cũng có bàn tay vàng trong làng bốc biển rồi đó, [LICENSE PLATE]",Fact-implied,Positive,Người nói sử dụng cụm từ 'bàn tay vàng trong làng bốc biển' (một cách nói hài hước về việc chọn được biển số đẹp) kết hợp với từ 'mém xíu' (suýt chút nữa) để chỉ ra rằng biển số thực tế nhận được không đẹp như mong đợi. Đây là một cách than phiền nhẹ nhàng về sự không may mắn khi bốc biển số xe.,Negative
173,xe Hàn bồng bềnh thì có gì lạ đâu bạn,Fact-implied,Negative,"Sử dụng cụm từ 'bồng bềnh' (thường dùng để chỉ hiện tượng xe bị chao nghiêng, thiếu ổn định khi chạy tốc độ cao hoặc vào cua) kết hợp với câu hỏi tu từ 'có gì lạ đâu' để khẳng định đây là một nhược điểm đặc trưng và phổ biến của xe Hàn.",Negative
174,"Nó làm tôn mỏng lét để tiết kiệm chi phí, chứ giảm trọng lượng với hấp thụ lực tốt cái nổi gì. Các dòng xe cao cấp họ làm xe vỏ dày cui, chắc hấp thụ lực kém khi xảy ra va chạm nhỉ Mà raize dạo này ế lắm hả các bác?",Ironic,Negative,"Người dùng sử dụng giọng điệu mỉa mai ('hấp thụ lực tốt cái nổi gì', 'chắc hấp thụ lực kém nhỉ') để chỉ trích việc vỏ xe quá mỏng, cho rằng hãng làm vậy để cắt giảm chi phí chứ không phải vì kỹ thuật. Đồng thời, câu hỏi cuối cùng về việc xe 'ế' cho thấy thái độ tiêu cực và thiếu tin tưởng vào sản phẩm.",Negative
175,"Hóng 3-5 năm sau, 1 bác khách nào đó review về bảo hành bảo dưỡng mấy xe li - mít - tịt này.",Ironic,Negative,"Người viết dùng cách gọi châm biếm 'li - mít - tịt' (biến âm của Limited) và bày tỏ sự mong đợi ('hóng') về đánh giá bảo hành, bảo dưỡng trong tương lai. Điều này ngầm thể hiện sự hoài nghi về độ bền và chất lượng dịch vụ hậu mãi của dòng xe này, cho rằng xe có thể sẽ phát sinh nhiều lỗi sau một thời gian sử dụng.",Negative
176,"Tóm lại là limited hay là xe collection ? thuộc hàng hiếm (cả châu âu , thế giới cũng không có) hay là hàng ..nửa chừng xuân ? phiên bản ...giới hạn như chủ thớt ... ?",Rhetorical-question,Negative,"Người viết sử dụng lối nói mỉa mai thông qua các câu hỏi tu từ. Việc đặt vấn đề xe 'hiếm đến mức cả châu Âu, thế giới cũng không có' và dùng cụm từ 'nửa chừng xuân' (ý chỉ sự dở dang, không hoàn thiện) nhằm chế giễu chiếc xe là một sản phẩm kỳ dị hoặc lỗi, chứ không phải là hàng quý hiếm thực sự.",Negative
177,"Ông bạn gần nhà nôn nao chờ bảng nâng cấp Lux A, hy vọng sẽ hoàn thiện và tốt hơn bản hiện tại. Đùng cái không sản xuất nữa, thế là thanh niên phải chạy đi tìm mua LUX A hahahahaha",Ironic,Negative,"Việc người bạn dù biết bản hiện tại chưa hoàn thiện nhưng khi biết không còn bản nâng cấp vẫn vội vàng đi tìm mua bằng được cho thấy giá trị và sức hút của chiếc xe này vượt xa những nhược điểm nhỏ, ngầm khẳng định đây là một chiếc xe đáng mua.",Positive
178,cái xe đã bỏ mẫu rồi còn đâm đầu mua làm gì,Rhetorical-question,Negative,"Người nói sử dụng cụm từ 'đâm đầu mua' để thể hiện sự phê phán và cho rằng việc mua một chiếc xe đã lỗi thời (bỏ mẫu) là một quyết định sai lầm, thiếu sáng suốt.",Negative
179,"đứa e họ 9x của mình cũng rước em này, nó độ lại cái mâm nhìn đẹp. Nhưng không hiểu sao do xe nó hay toàn dòng này có cái cần gạt mưa kêu cục cục to ác, to hơn mấy con xe cỏ nhiều.",Fact-implied,Negative,"Người viết khen ngoại hình sau khi độ mâm, nhưng trọng tâm của câu là sự phàn nàn về lỗi kỹ thuật của cần gạt mưa (phát ra tiếng kêu lớn). Việc so sánh 'to hơn mấy con xe cỏ' (xe rẻ tiền) nhằm nhấn mạnh sự thất vọng vì một chiếc xe phân khúc cao hơn lại có chất lượng hoàn thiện kém hơn cả xe rẻ tiền.",Negative
180,Bác ko hiểu rồi mazda 3 bán toàn thế giới và bán hàng triệu xe nên các hãng OEM bên Tung Của sẽ sản xuất linh kiện cho nó trong khi Vin chỉ bán ở việt nam khoảng 20.000 xe thì hãng OEM nào dám đầu tư dây chuyền sản xuất linh kiện cho Vin. Khả dĩ nhất là mang linh kiện BMW lắp vào nhưng đắt gấp 10 lần bác dám lắp ko?,Rhetorical-question,Negative,"Người viết sử dụng phương pháp so sánh đối lập giữa Mazda 3 (quy mô toàn cầu, linh kiện sẵn có, chi phí tối ưu) và VinFast (quy mô nhỏ, khó khăn trong chuỗi cung ứng linh kiện, chi phí thay thế đắt đỏ). Việc nhấn mạnh vào sự thiếu hụt hệ sinh thái linh kiện và chi phí bảo trì cao của VinFast cho thấy thái độ tiêu cực đối với khả năng vận hành lâu dài và tính kinh tế của xe VinFast.",Negative
181,"Anh thấy mệt ko? khi mình anh chống lại bọn ko có tinh thần yêu nước ? Con xe chết thẳng cẳng rồi. Em chạy dream nha nên ko phải bọn chạy xe cỏ nên em comment được . Đừng nói 10 năm tới chỉ 3-5 năm nữa là biết ai khóc liền ah, bọn xe cỏ sẽ lên xe sang còn Lux SA mang lên thái nguyên bán phế liệu vì ko có linh kiện sửa chữa giống như điện thoại Vin mang làm cục chặn giấy  hiện nay thôi",Rhetorical-question,Negative,"Người viết sử dụng những cụm từ cực đoan như 'chết thẳng cẳng', 'bán phế liệu', 'cục chặn giấy' để khẳng định chiếc xe không còn giá trị sử dụng. Đồng thời, người viết mỉa mai về việc thiếu linh kiện sửa chữa và so sánh với sự thất bại của điện thoại Vin để dự báo tương lai tiêu cực cho dòng xe Lux SA.",Negative
182,"Con xe đầu đời lúc nào chả ngon bác nhể , nhưng em muốn 3 năm sau bác chủ xe cho nhận xét thì chắc chính xác hơn. Mà thôi em phắn đây lớ ngớ bị xóa nick kaka.",Ironic,Negative,"Người viết sử dụng cụm từ 'đầu đời lúc nào chả ngon' để ngầm ý rằng chất lượng hiện tại của xe chỉ là tạm thời do xe mới, đồng thời yêu cầu nhận xét sau 3 năm để kiểm chứng độ bền. Điều này thể hiện sự hoài nghi về chất lượng lâu dài và độ tin cậy của chiếc xe.",Negative
183,"Xe Vin chẳng may vỡ đèn, bác lấy hàng BMW qua thay ?",Rhetorical-question,Negative,"Câu nói sử dụng hình thức câu hỏi mỉa mai để ám chỉ sự không tương thích hoặc sự khập khiễng khi so sánh/thay thế linh kiện của xe VinFast bằng linh kiện của một hãng xe sang như BMW, ngầm chê bai chất lượng hoặc giá trị của xe Vin không xứng tầm",Negative
184,"Nếu a có nhiều tiền hoặc chiếc xe chạy suốt đời thì ko phải bàn,, còn vài năm mà đổi xe mà chiếc đang chạy bán lại giá rẻ mạt thì chua cho chủ ít tiền lắm,, đại gia ko bàn",Fact-implied,Negative,Người viết nhấn mạnh vào việc giá trị bán lại của xe bị sụt giảm nghiêm trọng ('bán lại giá rẻ mạt') và gây khó khăn cho những người không quá giàu ('chua cho chủ ít tiền'). Điều này thể hiện sự đánh giá tiêu cực về khả năng giữ giá của chiếc xe.,Negative
185,1.1 lấy CRV theo số đông cho chắc. Lấy em này lại mắc công nhận huy chương dũng cảm.,Metaphorical,Negative,"Người nói sử dụng cụm từ 'huy chương dũng cảm' để mỉa mai việc chọn mua chiếc xe này là một quyết định mạo hiểm, thiếu an toàn hoặc không đáng tin cậy so với lựa chọn an toàn là CRV. Điều này ngầm khẳng định chiếc xe đang được nhắc đến có nhiều rủi ro hoặc không tốt",Negative
186,"Việt Nam mình thì khác gì Thái, ngoài SG HN DN ra thì có chỗ nào giàu? Du lịch + khách sạn phát triển là kết quả cuối của chuỗi vận hành kinh tế + giao thông, sao lại đưa nó lên surface. GDP mình bằng có 1 nửa của Thái à (245 bil vs 502 bil), nhìn con số là biết. Một con xe doanh số top ở 1 đất nước gấp đôi GDP của mình thì bác nghĩ nó hợp lý hay vô lý?",Rhetorical-question,Negative,"Người viết sử dụng lập luận so sánh về GDP và điều kiện kinh tế giữa Việt Nam và Thái Lan để phản bác ý kiến trước đó. Bằng cách nhấn mạnh sự chênh lệch về quy mô kinh tế, người viết ngầm khẳng định rằng việc một chiếc xe bán chạy ở Thái Lan (thị trường giàu hơn) không đồng nghĩa với việc nó sẽ phù hợp hoặc thành công tại Việt Nam. Đây là cách dùng lý lẽ để chê bai sự không phù hợp của chiếc xe đối với thị trường trong nước.",Negative
187,Nội thất em thấy cải lương quá các bác ạ.,Metaphorical,Negative,"Từ 'cải lương' trong ngữ cảnh này được dùng như một từ lóng/mỉa mai để chỉ sự chắp vá, không đồng nhất hoặc thiết kế thiếu tinh tế, không hiện đại (giống như việc lắp ghép nhiều thứ không ăn nhập với nhau). Đây là cách chê khéo về thẩm mỹ nội thất của xe.",Negative
188,"Mua cho gia đình dùng và vì thích thì nó khác, chứ cứ nghĩ đến chuyện bán lại thì suốt ngày bị mấy thằng Hàn Nhật o ép với mấy cái option trời ơi",Fact-implied,Negative,"Người viết thừa nhận xe có ưu điểm về sở thích và mục đích sử dụng gia đình, nhưng lại nhấn mạnh vào sự mất giá khi bán lại và việc bị so sánh thua thiệt về trang bị (option) so với các đối thủ Hàn, Nhật. Điều này cho thấy sự không hài lòng về giá trị bán lại và tính cạnh tranh của sản phẩm.",Negative
189,"Mỗi lần review con xe Hán Nô nào là fan Hán Nô vào tâng lên tận mây xanh, nào là ăn đứt Santafe, CRV không có cửa, CX5 xách dép,… chắc chỉ có xe Đức như GLC hay X3 mới so sánh được. Không biết được bao anh fan Hán Nô sẵn sàng mua hay chi dám khen các anh cảm tử quân khác.",Metaphorical,Negative,"Người viết sử dụng giọng điệu mỉa mai ('tâng lên tận mây xanh', 'xách dép', 'cảm tử quân') để chỉ trích những người hâm mộ xe Trung Quốc (Hán Nô). Việc đặt nghi vấn về việc liệu họ có dám bỏ tiền mua thật hay chỉ 'khen hộ' cho thấy sự hoài nghi và phủ nhận giá trị thực tế của chiếc xe, cho rằng những lời khen ngợi là thổi phồng và không thực chất.",Negative
190,[LICENSE PLATE] không chừng vài bữa có con Logo Mer biển số y chang chạy ngoài đường!,Ironic,Positive,"Câu nói ngầm ý rằng chiếc xe này có thiết kế hoặc ngoại hình quá giống với xe Mercedes (Logo Mer), cho thấy sự mỉa mai về việc thiếu bản sắc riêng hoặc là bản sao của thương hiệu hạng sang",Negative
191,nếu ko cá tính chả ai đi mua chiếc này cả tỉ,Ironic,Negative,"Câu nói ngầm định rằng chiếc xe này không có giá trị sử dụng thực tế hoặc tính hợp lý về kinh tế (vì giá lên tới cả tỷ đồng), mà người ta mua chỉ vì yếu tố 'cá tính' (sở thích dị biệt). Điều này cho thấy người nói đánh giá chiếc xe không xứng đáng với số tiền bỏ ra",Negative
192,"Saic là quá to luôn chứ, nó là thằng nắm quyền sản xuất Wolkwagen , giá trị của nó chắc lớn hơn Vingroup cỡ 10 lần. xe thì e ko bàn, vì e ko đi xe Tàu, hoặc xe tàu đội lốt “ngoại quốc”",Fact-implied,Negative,Người viết thừa nhận quy mô lớn của tập đoàn SAIC nhưng sau đó thể hiện thái độ bài xích rõ rệt thông qua việc từ chối bàn luận về chất lượng xe vì định kiến 'không đi xe Tàu' hoặc xe Trung Quốc giả danh thương hiệu ngoại. Điều này thể hiện sự thiếu tin tưởng và đánh giá tiêu cực về nguồn gốc xuất xứ của sản phẩm.,Negative
193,"hay... Bộ Công Thương nên chỉnh sửa luật theo hướng, các cty muốn bán xe ở VN phải có đủ đk sửa chữa, và phụ tùng thay thế, tối thiểu 10 từ lúc dừng bán sản phẩm cuối cùng thì sẽ tránh được TH như LuxGen và các hãng xe tàu bán nhan nhản ở các tỉnh thành phía bắc",Fact-implied,Negative,"Người viết dùng ví dụ về LuxGen và các hãng xe Trung Quốc (vốn nổi tiếng là thiếu linh kiện, khó sửa chữa sau khi rút lui) để nhấn mạnh sự bất cập trong quản lý. Việc đề xuất thắt chặt quy định về phụ tùng và bảo trì cho thấy người viết đang phê phán chất lượng hậu mãi kém và sự thiếu bền vững của những dòng xe này",Negative
194,"Cái này bác chủ đi bọc rồi bác ơi, bác đã thấy cái vô lăng nó ngoài đời thực chưa?",Rhetorical-question,Negative,"Câu hỏi 'bác đã thấy cái vô lăng nó ngoài đời thực chưa?' mang hàm ý mỉa mai, ám chỉ rằng thiết kế của vô lăng thực tế rất xấu hoặc kỳ dị đến mức khó tin, khiến người nói phải đặt câu hỏi nghi vấn về thẩm mỹ của nó",Negative
195,Liệu sau này MG có trở thành 1 e Luxgen nữa không các bác?bán được vài năm rồi rút lui ko chào hỏi thượng đế luôn!!!,Rhetorical-question,Negative,"Người viết so sánh MG với Luxgen (một thương hiệu đã rút khỏi thị trường Việt Nam), thể hiện sự lo ngại về tính bền vững và dịch vụ hậu mãi của hãng. Việc dùng cụm từ 'rút lui ko chào hỏi thượng đế' cho thấy sự thiếu tin tưởng vào cam kết lâu dài của hãng đối với khách hàng.",Negative
196,"Quan trọng khi kg bán được xe như kỳ vọng, nó rút về thì sửa xe ở đâu? Xe TQ vào VN cữ 10 năm rồi nhưng có hãng nào tồn tại đâu.",Rhetorical-question,Negative,Người viết bày tỏ sự lo ngại về dịch vụ hậu mãi (sửa chữa) và dẫn chứng lịch sử thất bại của các hãng xe Trung Quốc tại Việt Nam để ám chỉ rằng chiếc xe này không đáng tin cậy và có nguy cơ bị bỏ rơi về mặt bảo hành,Negative
197,"tưởng 500-600tr... tầm này thì mua Vinfast vừa yêu nước, vừa an toàn... 6-12 tháng sau nó quất ngựa truy phong khỏi VN thì lại có bài...",Metaphorical,Negative,Người viết thể hiện sự bất ngờ và không hài lòng về mức giá thực tế của xe (cao hơn mức 500-600tr kỳ vọng). Việc so sánh với Vinfast và mỉa mai về khả năng hãng xe rút khỏi thị trường Việt Nam ('quất ngựa truy phong') cho thấy sự đánh giá thấp về giá trị và độ tin cậy của chiếc xe này.,Negative
198,sau 1 vài lần đưa vô hãng để sửa chữa những lỗi vặt vãnh... sẽ thay đổi ngay cách suy nghĩ...,Fact-implied,Negative,"Người dùng đề cập đến việc phải đưa xe vào hãng nhiều lần để sửa 'lỗi vặt vãnh', điều này cho thấy chất lượng hoàn thiện của xe không tốt. Cụm từ 'sẽ thay đổi ngay cách suy nghĩ' ngầm định rằng sau khi trải nghiệm thực tế, họ đã mất niềm tin hoặc cảm thấy hối hận về quyết định mua xe",Negative
199,"Úi giời anh quan tâm rì đám đi xe hèn nhụt với xe 2b ở đây, mình có tiền mình chơi, chục năm.nữa xe này chạy đầy đường VN thì mấy người kia biết nói rì cho ngầu",Ironic,Positive,"Người viết sử dụng ngôn ngữ đối lập, coi thường những người chê bai (gọi là 'hèn nhụt') và khẳng định vị thế của người sở hữu xe thông qua khả năng tài chính ('có tiền mình chơi'). Đồng thời, việc dự đoán 'chục năm nữa xe này chạy đầy đường' thể hiện niềm tin mạnh mẽ vào sự thành công và giá trị bền vững của dòng xe này trong tương lai.",Positive
200,"Có điều kiện hẳn thì chả ai bỏ hơn tỷ mua con xe tàu, ít nhất  cũng phải GLC250 hoặc 300 mà thẳng tiến",Fact-implied,Negative,Người nói sử dụng phép so sánh giữa 'xe tàu' và các dòng xe sang như GLC250/300 để khẳng định rằng chiếc xe này không đủ đẳng cấp và giá trị. Việc cho rằng người có điều kiện sẽ không bao giờ mua xe này cho thấy sự coi thường về thương hiệu và chất lượng của sản phẩm,Negative
201,ít tiền thì chịu thôi chứ người nhiều tiền người ta mua xe hàn xe nhật rồi,Ironic,Negative,"Câu nói thể hiện sự phân cấp giá trị, ngầm định rằng những người có điều kiện tài chính sẽ chọn xe Hàn hoặc xe Nhật, từ đó ám chỉ chiếc xe đang được nhắc đến là lựa chọn cho người 'ít tiền' và có chất lượng hoặc đẳng cấp thấp hơn",Negative
202,"Có đâu mà review vì đi được 2-3 năm mình là chủ xe chắc tâm thần vì bị ảnh hưởng tâm lý lấy con xe ra đi uống cafe thì dòm dòm chỉ trỏ: anh ơi xe hãng gì đẹp dữ anh Xe mg em ạ Mg hãng mỹ hả anh Ko em tàu em ạ. rồi dắt xe ra đi làm, đi về quê, đi nhậu câu chuyện trên tiếp diễn .... xong cảm tưởng chịu hết nổi dán mẹ cái bảng lên kính xe: xe tàu hỏi lằn hỏi lốn xong đc 2-3 năm dư chút mua con toy chạy cho đỡ nhức đầu tiện hỏi luôn anh em trên hội: anh [USERNAME] mấy bữa nay ko chạy Bắc kinh x7 nữa ạ?? Thấy mới review sau 10v cây thì phải",Ironic,Negative,"Người viết chia sẻ trải nghiệm tiêu cực khi sở hữu xe MG, nhấn mạnh vào việc bị mọi người xung quanh dòm ngó, chỉ trỏ và định kiến về nguồn gốc 'xe Tàu'. Cảm giác 'chịu hết nổi' và quyết định đổi sang xe Toyota để 'đỡ nhức đầu' cho thấy sự hối hận và không hài lòng với giá trị thương hiệu cũng như trải nghiệm tâm lý khi sử dụng chiếc xe này.",Negative
203,"Xe này ở VN đi khá nhiều, show Nissan giờ chuyển đổi 1 phần qua bán MG rùi",Fact-implied,Positive,"Câu này mang tính chất cung cấp thông tin khách quan về mức độ phổ biến của xe tại thị trường Việt Nam và sự thay đổi trong mô hình kinh doanh của các showroom. Không có từ ngữ thể hiện sự khen ngợi hay chê bai về chất lượng, tính năng hay giá trị của chiếc xe.",Positive
204,"Bạn có thấy bài nào đánh giá xe TQ sau 5 năm sd, trên 100k km chưa? Riêng mình thì chưa! Thật thì mình cũng hóng để đánh giá 1 cách công bằng nhưng chưa thấy. Còn các kiểu review chỉ vài trăm vài K km thì chấp luôn mọi xe...hầu như thằng nào cũng như thằng nào khi cùng Level.",Rhetorical-question,Negative,Người viết đặt ra nghi vấn về độ bền dài hạn của xe Trung Quốc khi nhấn mạnh việc thiếu các bài đánh giá sau 5 năm hoặc 100.000km sử dụng. Việc cho rằng các bài review ngắn hạn (vài trăm km) là không có giá trị phân loại ('thằng nào cũng như thằng nào') ngầm thể hiện sự thiếu tin tưởng vào chất lượng và độ bền thực tế của dòng xe này.,Negative
205,"Xe lên vòng tua 2000 có gì mà sợ, mà xét nét nhỉ? Xin lỗi chứ xe em máy yếu, em đạp 3000 thì em cũng ko thấy vấn đề gì. Người ta thiết kế 7-800 mình đi 2-3000 thì có sao đâu. Mà nói chung em ko mua xe trung quốc, đồ điện tử trong nhà cũng hiếm có đồ trung quốc. Nhưng cho thì em nhận.",Fact-implied,Negative,"Người viết sử dụng giọng điệu mỉa mai khi nói 'xe em máy yếu' và 'đạp 3000 không thấy vấn đề gì' để phản bác lại những lời chê bai về vòng tua máy của xe. Tuy nhiên, điểm mấu chốt nằm ở câu khẳng định 'em ko mua xe trung quốc', thể hiện định kiến tiêu cực và sự thiếu tin tưởng tuyệt đối vào chất lượng/nguồn gốc của chiếc xe này, dù có được cho miễn phí thì thái độ vẫn không đánh giá cao.",Negative
206,"Nể bác chủ thớt, vận động bà cả cho mua xe TQ, lại còn trực tiếp nhận xe",Ironic,Negative,"Câu nói sử dụng từ 'nể' để mỉa mai việc chủ xe phải 'vận động' (thuyết phục khó khăn) vợ mới mua được xe Trung Quốc. Điều này ngầm định rằng xe Trung Quốc có định kiến xấu về chất lượng hoặc uy tín, khiến người thân không ủng hộ, từ đó thể hiện thái độ coi thường đối với lựa chọn mua chiếc xe này.",Negative
207,"Mua 1 xe tặng 20 liều vaccine phai dơ, mồ đế nà thì các anh có mua ko ?",Rhetorical-question,Negative,"Người viết sử dụng cách nói mỉa mai 'tặng 20 liều vaccine phai dơ' (phiên âm từ 'phai dơ' - phai-dơ/phai-đơ, ám chỉ việc xe hay hỏng hóc, lỗi vặt khiến chủ xe mệt mỏi đến mức cần tiêm vaccine). Việc đặt câu hỏi 'có mua không' trong ngữ cảnh này là để cảnh báo người khác về chất lượng kém của xe",Negative
208,"Khiếp quá, trên xe mà nghe ọt ẹt làm mình nghĩ ngay tới con đau bụng do đại tràng co thắt",Metaphorical,Negative,"Người dùng sử dụng hình ảnh so sánh ví von việc nghe tiếng 'ọt ẹt' trên xe với tiếng 'đau bụng do đại tràng co thắt' để mỉa mai và chê bai chất lượng hoàn thiện kém, gây ra những tiếng động lạ (tạp âm) khó chịu khi vận hành.",Negative
209,"Vấn đề VN là thị trường thứ cấp ko quan trọng với nó nên nó vậy. Giống như Toyota VN vậy, bán nồi đồng cối đá mãi kkk",Metaphorical,Negative,"Người viết so sánh chiếc xe với Toyota VN và dùng cụm từ 'nồi đồng cối đá' để chỉ sự bền bỉ, chắc chắn, không hỏng hóc. Mặc dù có ý nói hãng không chú trọng cập nhật cho thị trường Việt Nam, nhưng về chất lượng sản phẩm, đây là một lời khen ngầm về độ bền.",Positive
210,Ráng công khai đi rùi không biết bị gõ mấy chục phần trăm taxiiiii chưa kể truy phạt. Đủ no đòn đấy. Tô thì một là vi ốc hai là chị cẩm. Dở dở khúc giữa không thầy cũng chẳng thợ.,Metaphorical,Negative,"Người viết sử dụng ngôn ngữ mỉa mai, cảnh báo về việc bị phạt thuế và truy thu ('no đòn'), đồng thời chê bai sự thiếu chuyên nghiệp, không rõ ràng trong định hướng hoặc chất lượng ('dở dở khúc giữa', 'không thầy cũng chẳng thợ'). Điều này thể hiện thái độ tiêu cực và coi thường đối với đối tượng được nhắc đến.",Negative
211,Maz 3 có cửa để so Altis đời này à?,Rhetorical-question,Negative,"Câu hỏi tu từ 'có cửa để so' mang hàm ý mỉa mai, khẳng định rằng Mazda 3 hoàn toàn không đủ đẳng cấp, chất lượng hoặc giá trị để có thể đem ra so sánh với Altis đời mới. Đây là cách chê bai ngầm về vị thế của chiếc xe.",Negative
212,"Nói cho quá ko biết mắc cỡ! Con xe xăng nào mà sáng nổ máy, tối về làm phiền hàng xóm vậy ??? Con xe xăng cùi bắp của Tôi, sáng nổ máy đứng gần mà nhiều khi còn ko biết Nó đang nổ máy. Nhiều lúc Nó nổ rồi, đi vào nhà quên mất ra còn nhấn Start lần nữa!",Rhetorical-question,Positive,"Người viết sử dụng phương pháp so sánh đối lập. Bằng cách chê bai những chiếc xe xăng khác gây ồn ào ('làm phiền hàng xóm'), người viết ngầm khen ngợi chiếc xe của mình vận hành cực kỳ êm ái đến mức không nhận ra xe đang nổ máy ('không biết nó đang nổ máy', 'nhấn Start lần nữa').",Positive
213,nhìn cái cần số là hết muốn chạy rồi,Fact-implied,Negative,"Người nói sử dụng cụm từ 'hết muốn chạy' để thể hiện sự chán nản hoặc không hài lòng ngay từ cái nhìn đầu tiên. Việc tập trung vào 'cái cần số' (một chi tiết thiết kế) để dẫn đến kết luận không muốn vận hành xe cho thấy thiết kế của cần số rất xấu hoặc không hợp lý, gây ảnh hưởng tiêu cực đến trải nghiệm tổng thể.",Negative
214,"thêm cái hộp số CVT chỉ có các nước kém phát triển sài mà mấy thằng rừng rú, ăn cám xú cám heo như mày vẫn thẩm du hàng ngày đó. Con bò",Metaphorical,Negative,"Người viết sử dụng ngôn từ thô tục, mỉa mai và hạ thấp giá trị của hộp số CVT (cho rằng chỉ dành cho nước kém phát triển). Việc công kích cá nhân kết hợp với việc chê bai công nghệ truyền động của xe cho thấy thái độ tiêu cực cực đoan đối với đặc điểm kỹ thuật của chiếc xe này.",Negative
215,"mấy thằng trâu trẻ làm quá lên đó mà, em mới đổi con madaz 3 2022 nổ chả nghe thấy gì khi vào hẻm",Fact-implied,Positive,"Người viết dùng cách nói đối lập: phê phán những người 'làm quá' (có thể là những người chê xe ồn) và khẳng định chiếc Mazda 3 2022 của mình vận hành cực kỳ êm ái ('nổ chả nghe thấy gì'), cho thấy sự hài lòng về độ cách âm và động cơ của xe.",Positive
216,"Có gì mà ko có cửa hehe, năm sau Nissan và Subaru nhập thêm sedan cỡ C về bán cùng thì còn nhiều lựa chọn xe Nhật nữa",Fact-implied,Positive,"Người viết sử dụng cụm từ 'không có cửa' (thường dùng để chỉ sự thua kém) kết hợp với 'hehe' và việc mong đợi các đối thủ từ Nissan, Subaru về bán để có 'nhiều lựa chọn hơn'. Điều này ngầm khẳng định chiếc xe hiện tại không đủ sức cạnh tranh hoặc không đủ hấp dẫn, khiến người dùng mong chờ những phương án thay thế tốt hơn từ các hãng xe Nhật khác.",Negative
217,"Đấy là góc nhìn của số ít thôi. Chứ ngoài đường mazda 3 chạy nhiều hơn altis đấy, khoản tiền chênh lệch ~ 100tr do altis bán giá niêm yết cao hơn đó để mà đổ xăng và bảo dưỡng được 5 năm rồi đổi xe đấy =))",Fact-implied,Negative,"Người viết so sánh Mazda 3 với Altis, nhấn mạnh việc Mazda 3 phổ biến hơn trên đường và có giá thành rẻ hơn khoảng 100 triệu. Việc mỉa mai rằng số tiền chênh lệch đó đủ để 'đổ xăng và bảo dưỡng trong 5 năm' ngầm khẳng định Mazda 3 là lựa chọn kinh tế và hợp lý hơn so với Altis.",Positive
218,Gạ thì phải Civic type R 300hp gạ với porsche già  10-15 năm tuổi,Fact-implied,Negative,Người viết đang so sánh một chiếc Civic Type R hiện đại với công suất 300hp có khả năng 'gạ' (thách đấu/đua) với những chiếc Porsche đời cũ (10-15 năm tuổi). Điều này ngầm khẳng định sức mạnh vượt trội và hiệu năng ấn tượng của chiếc Civic Type R khi có thể đối đầu với một thương hiệu xe sang/xe thể thao danh tiếng như Porsche,Positive
219,Con mình ngồi lên nóc xe bị lún luôn. Ngồi vớ vẩn hỏng hết đấy.,Fact-implied,Negative,"Người dùng phàn nàn về việc nóc xe bị lún khi có trẻ em ngồi lên, cho thấy chất lượng hoàn thiện và độ bền vật liệu của xe quá kém, không chịu được tác động nhẹ",Negative
220,5 năm sau còn dùng còn này mới là ngon,Fact-implied,Negative,"Người viết khẳng định giá trị của chiếc xe không chỉ ở hiện tại mà còn bền vững trong tương lai (5 năm sau vẫn dùng tốt), điều này ngầm khen ngợi độ bền, chất lượng và khả năng giữ giá của xe.",Positive
221,"Gớm có cái chữ supported by mà hít hà mãi, chả có cái vẹo gì Động cơ sản xuất hoàn toàn bởi trung quốc nhé, ngon thế nào thì nhìn doanh số bên ấy ắt rõ",Fact-implied,Negative,"Người viết sử dụng ngôn ngữ mỉa mai ('hít hà mãi', 'chả có cái vẹo gì') để phủ nhận giá trị của cụm từ 'supported by'. Đồng thời, việc nhấn mạnh động cơ sản xuất tại Trung Quốc và yêu cầu nhìn vào doanh số tại thị trường đó là cách chê bai ngầm về chất lượng và uy tín của sản phẩm.",Negative
222,"Anh bạn này du học TQ . Về VN mua xe tàu chạy.  Chắc ko nhiều người như anh bạn đâu. Xe hơi tàu giờ này đang đi theo cách làm của xe máy Longcin, Hongda... trước đây",Fact-implied,Negative,"Người viết so sánh xe hơi Trung Quốc hiện nay với các hãng xe máy Trung Quốc trước đây (Longcin, Hongda) - vốn nổi tiếng là hàng nhái, chất lượng kém và không bền. Việc so sánh này ngầm khẳng định xe hơi Trung Quốc hiện tại cũng chỉ là hàng chất lượng thấp, không đáng tin cậy.",Negative
223,"Bởi, bán giá đó mà còn làm giọng cha như ban ơn, còn canh đúng ngày đúng giờ thì nhảy một bậc giá như bậc lương! Buồn đi toilet quá. Nước mình mà có nhiều người công tâm nói thẳng nói thật như bác đây thì dân Việt đã đi xe nhà giá tốt, đã chả có nhập xe TQ và đã chả có cái thớt này!",Ironic,Negative,"Người viết sử dụng ngôn ngữ mỉa mai ('giọng cha như ban ơn', 'nhảy một bậc giá như bậc lương') để chỉ trích chính sách giá không ổn định và thái độ phục vụ của hãng xe. Đồng thời, việc bày tỏ sự tiếc nuối về việc xe nội địa không có giá tốt dẫn đến việc phải nhập xe Trung Quốc cho thấy sự thất vọng sâu sắc về giá trị và chiến lược kinh doanh của sản phẩm",Negative
224,"Em cũng mê Vinh Phát lắm, xe như BMW đẹp thật luôn, đã được chạy thử cũng phải nói là thậm chí không thua gà mẹ! Nhưng đến khi sale báo giá cái sedan đến 1.450 (hình như chưa lăn bánh) thì hỏi bác chứ còn tình yêu tình ái gì đây nữa. Mang tiếng làm ngay trong nước đấy! Rồi bảo do BMW, rồi đến giờ có bằng chứng rõ ràng là con Brilliance vác đúng từ Tàu qua, BMW cổ phần trong đó luôn, thì bán ở nước nó 500t kể như 22.000 đô đi. Vậy ví dụ như Vinfast là một hãng xe ở Đức, sản xuất theo BMW mà bán giá tại chính quốc Đức 60.000 đô thì có phải hài không. P/S: em chạy thử Brilliance V7 rồi, gần như y chang BMW X3, từ chạy đến nội thất, và cũng hơi hẹp ghế phía sau y hệt mấy chiếc BMW. Mua chạy có cái che nắng mưa mà cũng chả thua một chút nào mấy cái xe khác.",Rhetorical-question,Negative,"Người viết ban đầu khen ngợi thiết kế và cảm giác lái của xe (so sánh với BMW), nhưng sau đó chuyển sang thái độ tiêu cực gay gắt khi đề cập đến giá bán (1.450 triệu). Việc so sánh giá bán tại Việt Nam cao gấp nhiều lần so với giá gốc của mẫu xe tương đương (Brilliance) tại nước ngoài, cùng với cụm từ 'còn tình yêu tình ái gì đây nữa' và 'có phải hài không', cho thấy sự bất mãn về định giá quá cao và không xứng đáng với giá trị thực tế.",Negative
225,"Thôi xong. Mọi người VN nhờ @Jan Saker thông não vố này thì 2 năm rõ 10 rồi. Cảm ơn bác nhé. Vậy thì giờ em hiểu rõ thắc mắc bấy lâu rồi: BMW nhượng cho Brilliance cái động cơ lừng danh N20 của nó mấy năm trước, rồi mấy năm sau Brilliance nhượng cái động cơ hàng BMW ấy cho hero Vinh Phát vác về và chế ra 2 ông thần được David Beckham khen lấy khen để.",Ironic,Negative,"Người viết sử dụng giọng văn mỉa mai ('thông não', 'ông thần') để châm biếm nguồn gốc động cơ của xe VinFast. Việc cho rằng động cơ này là hàng 'nhượng lại' qua nhiều trung gian (BMW -> Brilliance -> VinFast) nhằm ám chỉ sản phẩm không có giá trị công nghệ tự thân và hạ thấp giá trị của chiếc xe cũng như lời khen của David Beckham.",Negative
226,"Không bác, nếu nói đúng thì em xài xe Chevrolet đang thuộc nhà Vin nhé. Nhưng chắc chắn là em mua xe Tàu kia, chẳng qua giờ cọc hết rồi không mua được thôi. Kể như em đang ăn mứt của Tàu đi, nhưng chắc chắn vẫn đỡ hơn ăn mứt của Nhật Hàn Mỹ. Vì dù sao đều là mứt, mứt Tàu vẫn đỡ tốn kém hơn, còn tiền cho con cái được ăn bò bít tết rồi mai mốt nó trả thù Tàu bù lại cho em sau!",Metaphorical,Positive,Người viết sử dụng phép ẩn dụ 'ăn mứt' để nói về việc mua xe. Việc khẳng định chọn 'mứt Tàu' (xe Trung Quốc) thay vì 'mứt Nhật Hàn Mỹ' vì lý do chi phí thấp hơn (đỡ tốn kém) và giá trị sử dụng tương đương ('dù sao đều là mứt') cho thấy thái độ ủng hộ và đánh giá cao tính kinh tế của xe Trung Quốc so với các đối thủ.,Positive
227,"Hì, đồng ý. Nếu bác nào nói đừng ủng hộ hàng tàu nữa thì có thể nói là muộn màng vì hàng tàu đã xâm nhập toàn bộ nước Việt Nam này rồi, các bác sẽ không có đồ để dùng nếu quyết tâm bài trừ hàng tàu. Ở nơi em ở sống bằng du lịch,Co Vy làm tàu nó không qua giờ thất nghiệp cả lũ, đói meo mốc ở nhà . Nếu có bác quyết định mua con xe tàu theo em nghĩ đó là quyết định của bác ấy vì để đi tới quyết định bỏ 800tr mua con xe  tàu thì phải đấu tranh tư tưởng lắm đây, phải chịu nhiều rủi ro , mua về nếu nó hắt hơi hay sổ mũi thì cũng khổ tâm lắm vì gia đình sẽ trách ""Đã bảo đừng mua con xe này rồi."". Nhớ hồi trước ai cũng chạy theo điện thoại xịn như iphone thì em cũng chỉ nhẹ nhàng mua cho em 1 chiếc điện thoại tàu rẻ vì hư thì bỏ, còn riêng bỏ 800tr để mua xe tàu thì em phục vì em không thể có được dũng khí đó. Thôi thì sướng hay khổ bác ấy chịu, em chỉ nhắc nhẹ là tại sao mấy con như Zoyte Baic Brilliance doanh số lại lẹt đẹt trên sân nhà, tại sao xe máy ở VN không có xe máy tàu nào mà chỉ toàn là Honda Yamaha",Rhetorical-question,Negative,"Người viết sử dụng cách nói mỉa mai khi dùng từ 'phục' và 'dũng khí' để ám chỉ việc mua xe Trung Quốc là một hành động mạo hiểm, thiếu lý trí. Việc nhắc lại thất bại của các hãng xe Trung Quốc (Zoyte, Baic) và sự thống trị của Honda, Yamaha nhằm khẳng định chất lượng xe Trung Quốc không đáng tin cậy, tiềm ẩn nhiều rủi ro hỏng hóc ('hắt hơi sổ mũi') và không xứng đáng với số tiền 800 triệu đồng.",Negative
228,"Ta nói có 2 vấn đề kg nên tranh cãi vì nó kg bao giờ đi đến hồi kết, đó là chính trị và tôn giáo. Chuyện thích tàu hay bài tàu là quan điểm cá nhân của mỗi ng. ng van minh thì nêu ra ý kiến của mình và biết tôn trọng ý kiến ng khác. Không nên đả kích người ta chỉ vì ng ta kg cùng quan điẻm với mình. Nhưng nói gì nói, tụi tây lông hay nước nào đó nó sài hàng tàu thì kệ cha nó vì nó ở xa tàu lắm lắm. Còn mình đây sát nách nó và có hơn 1000 năm đau thương thì nên biết làm thế nào có lợi cho đất nước mình. Còn làm thế nào thì lại tuỳ thuộc vào kiến thức, đạo đức và cả sự tiếp thu giáo dục của từng ng nữa.",Fact-implied,Negative,"Người viết không đánh giá trực tiếp về tính năng hay chất lượng của xe, nhưng thông qua việc nhắc lại '1000 năm đau thương' và nhấn mạnh việc phải làm điều 'có lợi cho đất nước' khi đối diện với hàng Trung Quốc (tàu), người viết ngầm thể hiện thái độ bài xích, không ủng hộ việc sử dụng xe từ thương hiệu Trung Quốc vì lý do chính trị và lịch sử.",Negative
229,"Xóm tôi có nhiều nhà, nhưng nổi nhất có 2 nhà. 1 nhà giàu sang quý tộc từ xưa, 1 nhà giàu mới nổi kiểu trưởng giả học làm sang. Cả 2 nhà đều bán bánh mỳ. Cái nhà mới nổi sát vách nhà tôi tối ngày dành đất sân trước và kiếm chuyện với nhà tôi suốt. Họp tổ khu phố nhà giàu quý tộc nêu ý kiến về chuyện dẹp chó chạy rông ỉa đái khắp nơi nhưng thằng cạnh tôi nó cứ nói ngược lại nhà quý tộc mặc kệ khu phố dơ bẩn. Thằng con nhà nó qua sân nhà tôi đánh con tôi bể đầu mà tôi hèn quá kg dám nói nó 1 tiếng. Nó biết vậy nên chõ mõm qua chửi tôi kg biết dạy để con tôi húc vào con nó. Vậy mà con tôi có đứa vẫn thích mua bánh mỳ nhà nhó ăn. Con tôi nói vì bánh mỳ nhà nó giống y bánh mỳ nhà quý tộc nhưng dc cái rẻ hơn. Tôi chửi mẹ mày ngu vừa thôi, có ngày nó cho thuốc độc vô bánh cho cả nhà này chết để nó thoải mái qua nhà này ở mà kg phải mang tiếng chiếm cái sân đằng trước.",Metaphorical,Negative,"Đoạn văn là một câu chuyện kể về mâu thuẫn hàng xóm, không hề đề cập đến bất kỳ đặc điểm, tính năng hay trải nghiệm sử dụng nào liên quan đến xe hơi. Đây là nội dung lạc đề (off-topic) và không chứa sentiment về xe.",Negative
230,Ông này đang có kế hoạch bán xe. Leo đèo mà máy 2.4 của Mit mà đuối thì chịu.,Ironic,Positive,"Câu nói sử dụng cấu trúc '...mà đuối thì chịu' để khẳng định một điều vô lý. Người nói ngầm cho rằng động cơ 2.4 của Mitsubishi rất mạnh mẽ, việc leo đèo mà vẫn thấy 'đuối' là điều không thể xảy ra hoặc do người lái quá kém, từ đó khen ngầm sức mạnh của động cơ xe.",Positive
231,"Mua con xe Thaco vừa tạo việc làm trong nước, vừa khỏi làm giàu cho Tàu",Fact-implied,Positive,"Người viết nhấn mạnh vào giá trị tinh thần và lòng tự tôn dân tộc (tạo việc làm trong nước, không làm giàu cho Trung Quốc) khi chọn mua xe Thaco, cho thấy thái độ ủng hộ và đánh giá cao việc sở hữu chiếc xe này.",Positive
232,"Bác có hiểu gì không? Ai kêu bác phải mua xe Vinfast, có đủ khả năng thì thử nghiệm Vinfast, không đủ thì mua xe Hàn xe Nhật. Rõ ràng bác nói cái xe che mưa che nắng, chẳng lẽ không có chiếc xe hơi nào rẻ hơn mấy cái xe Tàu đó hả? Bác muốn hỏi có tội với đất nước hay không thì tự nghĩ xem bác có thằng hàng xóm chuyên ức hiếp bác thì bác có bỏ tiền mua đồ của nhà nó không dù nó bán rẻ hơn chỗ khác.",Rhetorical-question,Negative,"Người viết sử dụng lập luận mang tính công kích và mỉa mai để bảo vệ thương hiệu Vinfast. Bằng cách so sánh việc mua xe với việc không mua đồ của 'hàng xóm ức hiếp', người viết ngầm khẳng định giá trị của việc ủng hộ xe nội địa (Vinfast) vượt lên trên yếu tố giá rẻ của xe ngoại (xe Tàu, xe Hàn, Nhật), đồng thời chỉ trích quan điểm của đối phương là thiếu lòng yêu nước.",Positive
233,"Bác nói được vậy thì với tình hình hiện tại, nhấn mạnh là hiện tại bây giờ ngay lúc này chứ không phải chuyện quá khứ, là có nên mua xe Tàu không. Góc nhìn chung của cả nước chứ không phải của cá nhân em nhé bác, nhưng thời nào cũng vậy, luôn có 1 bộ phận vì tiền hoặc lợi ích cá nhân mà bất chấp tự tôn dân tộc.",Fact-implied,Negative,Người viết sử dụng lập luận về 'tự tôn dân tộc' và chỉ trích những người ủng hộ xe Trung Quốc là 'vì tiền hoặc lợi ích cá nhân'. Việc đặt câu hỏi về việc có nên mua xe Tàu trong bối cảnh nhấn mạnh vào lòng tự tôn dân tộc cho thấy thái độ bài xích và định kiến tiêu cực đối với nguồn gốc xuất xứ của chiếc xe.,Negative
234,"Chả muốn nói, bác tự hiểu biết thêm quan điểm làm gia công dễ, thương hiệu xây dựng mới khó. Mấy đồ rẻ tiền công nghê thấp thương hiệu Tàu không đáng bận tâm, nhưng xe hơi là công nghệ cao, thương hiệu một hãng xe là thành tựu chục năm trăm năm. Mua xe THƯƠNG HIỆU Tàu là góp 1 viên gạch để nó xây thương hiệu của nó trên đất VN.",Fact-implied,Negative,"Người viết sử dụng lập luận so sánh giữa 'gia công' và 'xây dựng thương hiệu' để hạ thấp giá trị của các hãng xe Trung Quốc. Việc nhấn mạnh rằng mua xe Trung Quốc chỉ là 'góp một viên gạch' để họ xây dựng thương hiệu tại Việt Nam cho thấy thái độ coi thường, cho rằng những chiếc xe này thiếu bề dày lịch sử, công nghệ và không xứng đáng để đầu tư",Negative
235,Người biết chuyện sẽ biết lựa món mà mua chứ không phải thấy rẻ là đâm đầu vô bất chấp nhé bác.,Fact-implied,Negative,"Câu nói sử dụng lời khuyên mang tính cảnh báo, ám chỉ rằng chiếc xe này có mức giá rẻ nhưng chất lượng không tương xứng. Việc dùng cụm từ 'đâm đầu vô bất chấp' ngầm khẳng định đây là một lựa chọn sai lầm nếu chỉ nhìn vào giá cả mà bỏ qua chất lượng thực tế.",Negative
236,"Đồ rẻ tiền ok vì nó không tạo ra giá trị công nghệ nào cho bọn Tàu, còn xe hơi là câu chuyện công nghệ cao của nền công nghiệp định hướng giá trị mỗi quốc gia, đi cùng hệ thống cung ứng sâu rộng, thương hiệu mạnh sẽ quyết định chuỗi cung ứng ở đâu, cũng như tiền thu về để cải tiến và nghiên cứu vật liệu, động cơ, điện tử, phần mềm và cả thiết kế. Chưa kể phản hồi từ người dùng là cơ sở để cải thiện sản phẩm. Bác hiểu rồi chứ?",Fact-implied,Negative,"Người viết phân biệt rõ ràng giữa 'đồ rẻ tiền' và 'xe hơi' (sản phẩm công nghệ cao). Bằng cách nhấn mạnh tầm quan trọng của công nghệ, thương hiệu, hệ thống cung ứng và khả năng cải tiến sản phẩm, người viết ngầm khẳng định giá trị của những chiếc xe từ các thương hiệu uy tín/có bề dày công nghệ, đồng thời hạ thấp những sản phẩm xe giá rẻ không có nền tảng công nghệ sâu. Đây là một lập luận ủng hộ các dòng xe chất lượng cao và có thương hiệu.",Positive
237,"Nói mãi nhiều bác không hiểu, kinh tế chính trị luôn đi chung với nhau, cái nào bất đắc dĩ và rẻ tiền thì mua đồ TQ (vì có mua nhiều cỡ nào nó cũng chỉ giúp TQ là công xương của thế giới), còn cái nào có nhiều lựa chọn khác, đồ cao cấp công nghệ cao (như xe hơi) thì mắc gì phải mua đồ của bọn Tàu để bọn nó phát triển thành trùm công nghệ. Vì sao Huyndai được như bây giờ, vì người Hàn họ chấp nhận mua xe Hàn dù chất lượng bèo hơn ở thời kì đầu. Cái lý nào để người Việt mua xe Tàu để bọn Tàu mạnh hơn. Xe Tàu bán rẻ vì nó bán mắc không ai mua, còn số tiền các bác thấy rẻ hơn là tụi nó dùng để mua con người các bác đó. Nó mua cái lòng tự tôn để các bác Chạy xe Tàu bị người khác nói này nói nọ vẫn dày mặt bảo “xe rẻ” thì mua thôi bất chấp tụi nó làm đủ trò ác ôn với nước mình.",Fact-implied,Negative,"Người viết sử dụng lập luận về kinh tế, chính trị và lòng tự tôn dân tộc để bài xích xe Trung Quốc. Việc gọi xe Tàu là 'rẻ tiền', 'không ai mua' và cảnh báo về việc bị 'mua chuộc lòng tự tôn' cho thấy thái độ bài trừ quyết liệt và đánh giá thấp giá trị cũng như chất lượng của dòng xe này.",Negative
238,"Cái thằng Tàu cần không phải là lắp xe cho Nhật Mỹ Đức Hàn, mà tụi nó muốn xây dựng thương hiệu xe của riêng nó, dân nó ủng hộ thì không nói, dân Việt mà cũng ủng hộ mới đáng nói.",Fact-implied,Negative,"Người viết sử dụng giọng điệu mỉa mai khi nói về việc xây dựng thương hiệu xe Trung Quốc. Cụm từ 'dân Việt mà cũng ủng hộ mới đáng nói' ngầm thể hiện sự phê phán, coi việc ủng hộ xe Trung Quốc là điều khó hiểu hoặc không hợp lý, từ đó thể hiện thái độ tiêu cực đối với giá trị và uy tín của dòng xe này.",Negative
239,"Mình không có tiền nhưng mình biết nó như điện thoại từ TQ, tính năng gì cũng vô đối mà 1-2 năm là móp mép giờ!",Fact-implied,Negative,"Người viết so sánh chiếc xe với điện thoại Trung Quốc đời cũ: dù có nhiều tính năng hiện đại ('vô đối') nhưng độ bền kém, nhanh chóng xuống cấp ('1-2 năm là móp mép'). Điều này thể hiện sự chê bai về chất lượng hoàn thiện và độ bền của xe.",Negative
240,Pin có bao nhiêu watt đâu mà chạy hoài. Pin dùng khi depart là chủ yếu.... thui. Thay thế cho ideling máy xăng thui....,Fact-implied,Negative,"Người dùng nhận xét dung lượng pin thấp ('có bao nhiêu watt đâu'), chỉ có tác dụng khi khởi hành (depart) hoặc thay thế chế độ chạy không tải (idling) của máy xăng, ngầm ý rằng hệ thống hybrid/pin của xe không đóng góp nhiều vào hiệu suất vận hành thực tế.",Negative
241,"Tuổi thọ pin phụ thuộc vào số lần của chu kỳ nạp xả. Xả hết nạp lại đầy...mà nhiều lần trong thời gian ngắn đi trong phố do hay dừng. Thì pin mau chết...nên bảo hành 3 năm, chứ Toy dại gì 10_năm. Còn ở mẽo pin xe lai thọ hơn vì, quảng đường dài, ít dừng...chu ky nạp xả ít hơn. Toy nó biết rỏ hành vi tiêu dùng mỗi xứ. Nên chỉ có dại mà tâng bốc quá đáng thui...hè hè..",Fact-implied,Negative,"Người viết giải thích lý do tại sao hãng Toyota chỉ bảo hành pin 3 năm thay vì 10 năm, cho rằng điều này là hợp lý dựa trên hành vi sử dụng xe trong phố tại Việt Nam (nhiều chu kỳ nạp xả khiến pin mau hỏng). Việc khẳng định 'Toy nó biết rõ' và mỉa mai những người 'tâng bốc quá đáng' cho thấy người viết ủng hộ quan điểm thực tế của hãng và đánh giá cao sự tính toán kỹ lưỡng của Toyota",Positive
242,"Đi đường dài, thì biết rỏ hè.",Ironic,Negative,"Câu nói mang hàm ý mỉa mai, ám chỉ rằng khi vận hành thực tế trên quãng đường dài thì những nhược điểm, lỗi hoặc sự thiếu thoải mái của chiếc xe mới lộ rõ ra (biết rõ), chứ không tốt như quảng cáo hay nhìn bên ngoài.",Negative
243,"Xe cỏ em chắc nó gian lận quá hè, Sg_CĐ 500 km, mà chưa tới 25l....",Fact-implied,Positive,"Người dùng dùng từ 'gian lận' và gọi xe là 'xe cỏ' (xe bình dân) để mỉa mai, nhưng thực chất là đang ngạc nhiên trước mức tiêu thụ nhiên liệu cực thấp (dưới 5 lít/100km cho quãng đường 500km). Đây là cách khen ngầm về khả năng tiết kiệm xăng vượt mong đợi của chiếc xe.",Positive
244,"Đã bảo gùi...vịt chạy đồng thì xài cỡ đó, chỉ vậy thui là chúng thần tượng gùi hè hè",Metaphorical,Negative,"Người viết sử dụng hình ảnh 'vịt chạy đồng' (ám chỉ những người có nhu cầu thấp, không am hiểu hoặc chỉ dùng cho mục đích cơ bản) để mỉa mai rằng chiếc xe này chỉ phù hợp với những đối tượng thấp kém/đơn giản. Việc nói 'chỉ vậy thôi là chúng thần tượng' thể hiện sự coi thường đối với chất lượng của xe, cho rằng xe không có gì đặc sắc nhưng vẫn được những người không biết gì khen ngợi.",Negative
245,Chưa ai kịp vào chê thì cụ phán cái phủ đầu!!!,Ironic,Positive,"Câu này không tập trung vào đặc điểm kỹ thuật hay chất lượng của xe mà tập trung vào hành động của một người dùng khác (phán phủ đầu). Tuy nhiên, trong ngữ cảnh các diễn đàn xe, việc 'phán phủ đầu' thường ám chỉ việc đưa ra lời khen hoặc bảo vệ chiếc xe trước khi những người khác kịp tìm ra điểm yếu để chê. Điều này ngầm định rằng chiếc xe có những ưu điểm khiến người dùng muốn bảo vệ hoặc khẳng định giá trị ngay lập tức.",Positive
246,"Nó còn ăn xăng hơn bình thường ấy chứ bác ( 1.8 chắc phải ăn bằng 2.5), vì nó còn phải lai máy phát điện nạp cho cái cục pin hybrid to tướng kia nữa bác.",Metaphorical,Negative,"Người dùng so sánh mức tiêu thụ nhiên liệu của xe (bản 1.8) cao bất thường, thậm chí tương đương với bản 2.5, đồng thời chỉ trích cơ chế hoạt động của hệ thống hybrid là gây tốn xăng do phải nạp pin. Điều này thể hiện sự không hài lòng về hiệu suất nhiên liệu của xe.",Negative
247,"Sau hành trình 800km, thấy hiển thị trên đồng hồ thường là 3,3l/100km.",Fact-implied,Positive,"Người dùng cung cấp số liệu thực tế sau một hành trình dài (800km) với mức tiêu thụ nhiên liệu cực thấp (3,3l/100km). Đây là con số ấn tượng, ngầm khẳng định khả năng tiết kiệm nhiên liệu vượt trội của chiếc xe.",Positive
248,"Xăng tăng giá 3 lít/100km, quá đã cho 1 cuộc tình!",Ironic,Positive,"Người dùng sử dụng cụm từ 'quá đã cho 1 cuộc tình' (một cách nói mỉa mai) để phản ứng về mức tiêu thụ nhiên liệu 3 lít/100km trong bối cảnh giá xăng tăng. Tuy nhiên, thực tế mức 3 lít/100km là con số cực kỳ tiết kiệm đối với một chiếc xe, cho thấy sự hài lòng ngầm về hiệu suất nhiên liệu của xe bất chấp biến động giá xăng.",Positive
249,nhưng bác phải đổ xăng thì động cơ điện này mới làm việc đc,Fact-implied,Negative,"Câu nói mỉa mai về một chiếc xe được quảng cáo là động cơ điện nhưng thực chất vẫn phải dùng xăng để vận hành, ngầm chê bai công nghệ của xe không thực sự là xe điện hoặc là một sự mâu thuẫn nực cười trong thiết kế/quảng cáo",Negative
250,"Hôm qua chính thức được ngồi Cross HV đi tỉnh, cả đi cả về tầm 3 tiếng. Nói chung đi xong thì xác nhận lại luôn là xe này chỉ dành cho fan Toyota chính hiệu, kiểu kết hơn kết bồ nhí ngực nở mông to ấy. Ra giấy hơn 1 tỏi to. Đi thì thấy đồng hồ báo 4,1L/100km, ngồi nhẩm thì đi cỡ 200-300k km mới hồi vốn tiền xăng chưa kể thay pin. Trừ xe dịch vụ thì ai chạy 1 năm 20k km là nhiều rồi, như vậy tầm 10 năm hồi vốn tiền xăng. Vẫn chốt lại nếu mua Cross thì mua bản thấp nhất là hợp lý, chứ bản này thì ạ.",Fact-implied,Negative,"Người viết sử dụng phép so sánh mỉa mai ('kết hơn kết bồ nhí') để ám chỉ việc yêu thích chiếc xe này là một sự mù quáng hoặc sở thích cá nhân kỳ lạ hơn là giá trị thực tế. Đồng thời, tác giả phân tích chi phí mua xe cao (hơn 1 tỷ) so với mức tiết kiệm xăng để kết luận rằng thời gian 'hồi vốn' quá lâu, không thực tế. Câu chốt 'bản này thì ạ' (lửng lơ) thể hiện sự chê bai về giá trị sử dụng so với giá thành của phiên bản cao cấp.",Negative
251,Sao ko bảo hành cục pin 10 năm cho dân tin tưởng để xuống tiền. Vì như pác nói 10 năm nó có hư đâu?. 3 năm hết bảo hành mà hư pin về xin vợ trăm triệu đi thay cục pin chắc vợ nó mừng lắm,Rhetorical-question,Negative,"Người viết sử dụng lối nói mỉa mai ('vợ nó mừng lắm') để bày tỏ sự lo ngại về độ bền của pin và chính sách bảo hành quá ngắn (3 năm). Việc đặt câu hỏi ngược lại về thời hạn bảo hành cho thấy sự thiếu tin tưởng vào chất lượng sản phẩm và cho rằng chi phí thay thế pin quá đắt đỏ, gây rủi ro cho người mua.",Negative
252,"Thế sao Thái, Mã, Indo, Âu, Mỹ toy nó đều bảo hành pin 10 năm còn VN 3 năm? Ủa vậy là toy nó ít tên tuổi ở thị trường đó à?",Rhetorical-question,Negative,"Người dùng sử dụng câu hỏi tu từ và phép so sánh giữa chính sách bảo hành pin tại Việt Nam (3 năm) với các thị trường lớn khác (10 năm). Việc mỉa mai về 'tên tuổi' của hãng nhằm chỉ trích sự phân biệt đối xử và chính sách hậu mãi kém, không công bằng dành cho khách hàng Việt Nam",Negative
253,Kỹ thuật toy xác định là đang chạy pin lăn ra hỏng thì có thể lếch tiếp tới hãng để thay pin. Còn nếu pin lăn ra chết khi máy chưa nổ thì chỉ còn thuê xe thớt chở vô hãng thôi. Mà mấy ảnh trên kia nói là pin bền dữ lắm méo hư đâu. Mỗi tội bảo hành có 3 năm. Mà thôi mấy ảnh nói k mua xe Hybrid là k có tiền nên hok dám bàn.,Ironic,Negative,"Người viết sử dụng giọng điệu mỉa mai khi nhắc đến lời khẳng định 'pin bền dữ lắm' của những người khác, đồng thời chỉ ra rủi ro thực tế là nếu pin hỏng khi máy chưa nổ thì xe không thể di chuyển. Việc nhấn mạnh thời gian bảo hành ngắn (3 năm) và mỉa mai câu nói 'không mua xe Hybrid là không có tiền' cho thấy thái độ tiêu cực, thiếu tin tưởng vào độ bền và chính sách hậu mãi của dòng xe này.",Negative
254,"Cái vấn đề càng hiện đại thì sẽ càng hại điện chưa bao giờ sai nha bác. So với yếu tố tiết kiệm nhiên liệu/ giá cao hơn bản thường thì e sẽ ko bao h mua hybrid. Trừ khi nhà nước có kế hoạch ưu tiên xe xanh, bảo vệ môi trường thì đó là lúc ta xài hybrid/ electric. Chưa kể cái máy hybrid chỉ tối ưu nhất khi đi trong phố, đi đg trường vẫn ăn uống bt",Fact-implied,Negative,"Người viết sử dụng thành ngữ 'càng hiện đại càng hại điện' để mỉa mai sự phức tạp không cần thiết của công nghệ Hybrid. Đồng thời, tác giả trực tiếp khẳng định sẽ 'không bao giờ mua' vì cho rằng mức giá cao không tương xứng với hiệu quả tiết kiệm nhiên liệu, và đánh giá thấp hiệu năng của máy hybrid khi đi đường trường.",Negative
255,"khác nhau con số, còn thực tế ko biết vì chưa gặp xe nào phải bảo hành thay pin sau 3 năm !",Fact-implied,Positive,"Người viết so sánh giữa thông số lý thuyết ('khác nhau con số') và thực tế sử dụng. Việc khẳng định 'chưa gặp xe nào phải bảo hành thay pin sau 3 năm' cho thấy độ bền của pin thực tế rất tốt, vượt mong đợi hoặc đúng như cam kết, ngầm thể hiện sự tin tưởng vào chất lượng sản phẩm.",Positive
256,"Hôm trước có coi 1 clip của tipcar TV phân tích là không xăng không chạy được, suy ra là điện chỉ để bổ trợ 1 phần nhỏ chứ không phải dưới 40 chạy điện đâu bác",Fact-implied,Negative,"Người dùng đang trích dẫn thông tin để bác bỏ quảng cáo hoặc niềm tin về khả năng vận hành thuần điện ở tốc độ thấp (dưới 40km/h), cho rằng hệ thống điện chỉ đóng vai trò bổ trợ nhỏ và xe vẫn phụ thuộc chính vào xăng. Điều này thể hiện sự thất vọng hoặc đánh giá thấp về hiệu quả của công nghệ Hybrid trên xe",Negative
257,Mấy hãng ít tên tuổi mới nâng thời hạn bảo hành để lấy lòng khách hàng thôi. Còn những thương hiệu lớn. Ai dại mà bỏ tiền túi ra bù chi phí cho Khách hàng. Ngày trước Huyndai và Kia cũng áp dụng bảo hành 5 năm ở Mỹ( các hãng khác chỉ 3 năm) . Nhưng giờ Huyndai và Kia đã có chỗ đứng ở Mỹ thì bảo hành lại về 3 năm,Fact-implied,Negative,"Người viết cho rằng việc các hãng xe ít tên tuổi kéo dài thời hạn bảo hành chỉ là chiêu trò 'lấy lòng' tạm thời để thu hút khách hàng khi chưa có vị thế, đồng thời dẫn chứng việc các hãng lớn (Hyundai, Kia) cắt giảm bảo hành khi đã thành công để khẳng định giá trị thực sự không nằm ở thời hạn bảo hành. Điều này ngầm thể hiện sự thiếu tin tưởng và đánh giá thấp giá trị của những chiếc xe từ các hãng ít tên tuổi",Negative
258,"Khác nhau nhiều lắm bác. Cục bảo hành 3 năm thì sang năm thứ 4 khả năng móc ví 100tr là có, còn cục bảo hành 10 năm thì chắc bán xe mất rồi. Nhớ ngày xưa thời sinh viên mua cục nguồn PC của anh hàng xóm, bảo hành 1 năm, đến lúc nó lăn ra die bất đắc kỵ tử, mở thùng máy xem tem bảo hành thì vừa hết bảo hành chưa đầy 1 tháng",Fact-implied,Negative,"Người viết sử dụng phép so sánh giữa bảo hành 3 năm và 10 năm, cùng với câu chuyện kể về việc linh kiện hỏng ngay sau khi hết bảo hành để ngầm cảnh báo về rủi ro chi phí sửa chữa đắt đỏ (100 triệu) khi hết hạn bảo hành ngắn. Điều này thể hiện sự thiếu tin tưởng vào độ bền dài hạn của xe hoặc lo ngại về chi phí vận hành sau bảo hành",Negative
259,"Bác nào đã từng chạy Vespa nhập khẩu rồi sẽ thấy, CVT nhiều khi nó còn giật hơn cả số 4 cấp của Fortuner. : )))",Fact-implied,Negative,"Người viết so sánh hệ thống truyền động CVT của xe Vespa với hộp số 4 cấp của Fortuner (vốn nổi tiếng là vận hành thô và giật). Việc khẳng định CVT 'còn giật hơn' cho thấy sự thất vọng về độ mượt mà của xe, ngầm chê bai chất lượng vận hành của dòng xe này.",Negative
260,"Uh, nhưng tại sao nó lại đứng đầu phân khúc cho đến giờ?!",Rhetorical-question,Positive,"Câu hỏi tu từ này không nhằm mục đích tìm kiếm thông tin mà dùng để khẳng định vị thế dẫn đầu của chiếc xe trong phân khúc. Việc đặt câu hỏi 'tại sao lại đứng đầu cho đến giờ' ngầm thừa nhận sức hút, chất lượng và sự thành công vượt trội của sản phẩm so với các đối thủ.",Positive
261,"Rush ko có lọc gió, bó tay anh Toy thiệt",Fact-implied,Negative,"Người dùng phàn nàn về việc xe Toyota Rush thiếu bộ lọc gió (một trang bị cơ bản), kết hợp với cụm từ 'bó tay' để thể hiện sự thất vọng và chê bai sự thiếu sót trong thiết kế của nhà sản xuất",Negative
262,Avanza với Innova đều 7 chỗ vậy Innova hơn gì nhỉ,Rhetorical-question,Negative,"Người dùng đặt câu hỏi so sánh giữa hai dòng xe cùng phân khúc 7 chỗ, ngầm ý rằng sự khác biệt về giá trị hoặc tính năng của Innova không đủ rõ ràng hoặc không xứng đáng so với Avanza",Negative
263,"Avanza xác xe to nặng, hộp số CVT thì có đáp ứng đằng trời cũng không thể ăn được Focus gầm thấp dáng thể thao dùng ly hợp kép. Ông nào lái Focus đều đã trải qua cảm giác dính ghế rồi, Civic còn chưa ăn lại nói gì Avanza.",Fact-implied,Negative,"Người viết so sánh trực tiếp Avanza với Focus và Civic, nhấn mạnh vào việc hộp số CVT của Avanza không thể đáp ứng được hiệu suất vận hành, đồng thời khẳng định Avanza thua xa về khả năng tăng tốc (không thể 'ăn được') so với các đối thủ có ly hợp kép hoặc dáng thể thao.",Negative
264,"Giờ 8/10 chiếc Taxi/Grab là Xpander còn gì. Em vẫn không chọn các dòng nhiều chổ ngồi, ít túi khí, nếu phục vụ gia đình mình (cho người ta thuê thì được, hehe).",Fact-implied,Negative,Người viết thừa nhận sự phổ biến của Xpander trong kinh doanh vận tải (Taxi/Grab) nhưng lại từ chối chọn xe cho gia đình vì lý do an toàn (ít túi khí). Việc phân chia 'cho thuê thì được' nhưng 'gia đình thì không' cho thấy đánh giá thấp về chất lượng an toàn của xe đối với mục đích sử dụng cá nhân,Negative
265,Su thì ngoại hình chua lét Mà ai ăn chua được lại thấy nó ngon,Metaphorical,Negative,"Người viết sử dụng phép ẩn dụ 'chua lét' để chỉ thiết kế ngoại hình gây tranh cãi, không hợp mắt số đông. Tuy nhiên, vế sau 'ai ăn chua được lại thấy nó ngon' ngầm khẳng định rằng đối với những người có gu độc đáo hoặc thích sự phá cách, chiếc xe này lại có sức hút và vẻ đẹp riêng.",Positive
266,chắc ảnh chạy chế độ giả lập. CVT sao lại giật được nhỉ???,Rhetorical-question,Positive,"Người viết dùng câu hỏi tu từ và từ 'giả lập' để bày tỏ sự hoài nghi về lời phàn nàn của người khác. Việc khẳng định 'CVT sao lại giật được' ngầm cho thấy người viết tin rằng hộp số CVT của xe vận hành mượt mà, không hề bị giật như lời đồn",Positive
267,1.5 CVT 7 chỗ thì lấy đâu ra nhạy chân ga chứ,Fact-implied,Negative,Người nói sử dụng câu hỏi tu từ để khẳng định rằng với cấu hình động cơ 1.5L kết hợp hộp số CVT cho một chiếc xe 7 chỗ (tải trọng lớn) thì không thể có khả năng tăng tốc nhạy được. Đây là lời chê bai về hiệu suất vận hành yếu của xe.,Negative
268,Bác cứ nhìn biển vàng là hiểu nhỉ,Fact-implied,Negative,"Việc nhắc đến 'biển vàng' (biển số xe kinh doanh vận tải) ngầm định rằng chiếc xe này có độ bền cao, khả năng vận hành bền bỉ và hiệu quả kinh tế tốt nên mới được lựa chọn để chạy dịch vụ chuyên nghiệp",Positive
269,"Cuồng thì cũng vừa thôi bác nhể, 1.5CVT so với 1.5turbo (công suất ngang 2.5) 6AT thì có lẽ khỏi tranh cãi làm gì cho mệt người.",Fact-implied,Negative,Người viết sử dụng cách nói mỉa mai ('Cuồng thì cũng vừa thôi') và so sánh thông số kỹ thuật để khẳng định sự vượt trội của phiên bản 1.5 turbo 6AT so với 1.5 CVT. Việc cho rằng 'khỏi tranh cãi làm gì cho mệt người' ngầm khẳng định phiên bản 1.5 CVT là kém cỏi và không đáng để so sánh,Negative
270,Thằng này lái ngang Ford Focus thì em thua .Thằng Focus vs Civic bảng sport mai ra . Chứ Civic  bảng đèn tròn đèn vuông ko có cửa đụng với Focus .Lái ly hợp kép xong qua lái CVT 1.5 là muốn vứt mẹ nó cái xe rồi .,Fact-implied,Negative,"Người viết so sánh trải nghiệm lái giữa Ford Focus (sử dụng hộp số ly hợp kép) và Honda Civic (sử dụng hộp số CVT). Cụm từ 'muốn vứt mẹ nó cái xe rồi' thể hiện sự thất vọng cực độ và chê bai cảm giác lái của Civic quá chán, thiếu sức mạnh hoặc không linh hoạt bằng Focus",Negative
271,Xpander thì thôi kinh khủng rồi. Đánh bại Innova thì đủ biết cỡ nào. Giờ không biết còn hiếm hàng như 4/2021 không nhỉ,Fact-implied,Positive,Người dùng sử dụng từ 'kinh khủng' trong ngữ cảnh tích cực để nhấn mạnh sự thành công vượt trội. Việc khẳng định xe 'đánh bại Innova' (một đối thủ nặng ký trong phân khúc) và nhắc lại thời điểm 'hiếm hàng' (cầu vượt quá cung) cho thấy sự đánh giá rất cao về sức hút và chất lượng của Xpander,Positive
272,Toàn tập lái vào tâng bốc cho con veloz bia kèm lạc không,Metaphorical,Negative,"Người viết sử dụng cụm từ 'tâng bốc' và 'bia kèm lạc' (ám chỉ sự móc nối, hối lộ hoặc lợi ích nhóm) để cho rằng những lời khen dành cho xe Veloz là không khách quan, là giả tạo và được mua chuộc",Negative
273,Xe yếu hay không là do tiền chi cho PR nhiều hay ít thôi. chứ cái thể loại rì viu như HL gì gì đó thì cục c cũng thành xúc xích cao cấp ah.,Metaphorical,Negative,"Người viết cho rằng chất lượng xe thực tế là 'yếu' và việc đánh giá tốt chỉ là kết quả của chi phí PR (quảng cáo). Việc so sánh 'cục c' (vật vô giá trị/tệ) thành 'xúc xích cao cấp' là cách nói mỉa mai, khẳng định những lời review tốt là giả tạo và chiếc xe thực chất không hề chất lượng.",Negative
274,"Hôm cầm con này đi đồi chè cầu đất gặp anh XL7, đường phẳng ổng vượt mình chạy mất tiêu. Tới đoạn đèo lại gặp ổng đang bò bò lên, hài vãi nồi .Ông Xpander thì cứ bu bu sau đích mình , không vượt cũng không biết định làm gì",Fact-implied,Negative,"Người viết so sánh hiệu năng của xe mình với XL7 và Xpander trong điều kiện thực tế. Việc XL7 vượt được trên đường phẳng nhưng lại 'bò' khi lên đèo, trong khi Xpander không thể vượt qua xe của người viết, ngầm khẳng định khả năng vận hành và sức mạnh động cơ của chiếc xe này vượt trội hơn các đối thủ cùng phân khúc khi leo dốc.",Positive
275,"Lậy thánh bugi,lậy dây pha nguồn,lậy thầy ắc quy. cho con đề được. Amen! chắc ảnh khấn vại.",Ironic,Negative,"Người viết sử dụng hình ảnh mỉa mai việc phải 'khấn vái' các bộ phận khởi động của xe (bugi, dây pha nguồn, ắc quy) để xe có thể nổ máy được. Điều này ngầm chỉ trích chiếc xe thường xuyên gặp lỗi khởi động, vận hành không ổn định và thiếu tin cậy.",Negative
276,E lái con outlander 2.0cvt đi đèo bình thường không sao chứ có xe vượt kiểu lưng chừng dốc còn thấy đuối đừng nói chi 1.5cvt.,Fact-implied,Negative,"Người dùng chia sẻ trải nghiệm thực tế khi lái xe Outlander 2.0CVT, cho rằng xe bị 'đuối' (thiếu sức mạnh) khi bị xe khác vượt ở lưng chừng dốc. Việc so sánh với bản 1.5CVT càng nhấn mạnh rằng động cơ của dòng xe này không đủ mạnh mẽ để vận hành tốt trên địa hình đèo dốc.",Negative
277,Sao khi xem xong bài đánh giá tôi đã quyết định kêu vợ đặt cọc....Tháng 9 này lấy xe ko có kèm lạc còn tặng từa lưa hột dưa.,Metaphorical,Positive,Người viết thể hiện sự hào hứng khi quyết định đặt cọc mua xe sau khi xem đánh giá. Cụm từ 'không có kèm lạc' (không cần chi thêm tiền hoa hồng/phí ngoài) và 'tặng từa lưa hột dưa' (được tặng rất nhiều phụ kiện/quà tặng kèm theo) cho thấy sự hài lòng về chính sách bán hàng và giá trị nhận được,Positive
278,"hôm bữa có ngồi con Vê lờ này full tải đi cao tốc Trung Lương 1 lần, tởn tới già luôn ! xe ko yếu, nhưng em nó nhấn ga 1 cái y như sắp cất cánh luôn !",Metaphorical,Negative,"Người dùng sử dụng cụm từ 'tởn tới già' và 'sắp cất cánh' để mô tả cảm giác khi tăng tốc. Mặc dù cách nói có vẻ tiêu cực, nhưng thực chất là đang nhấn mạnh sức mạnh động cơ quá lớn, độ vọt của xe cực kỳ mạnh mẽ (gia tốc cao) khiến người ngồi cảm thấy choáng ngợp.",Positive
279,"Lạy mấy ông đòi giá mấy trăm. Mua xe tào đi mấy đứa, với bớt nhoi lại cái. Chưa ngồi lên, chưa sờ mó, chưa chạy thử mà chém như đúng roài. . Mình đi quay tào, éo dám chém",Rhetorical-question,Positive,"Người viết sử dụng ngôn ngữ mỉa mai ('Lạy mấy ông', 'bớt nhoi lại') để chỉ trích những người đang đòi hỏi mức giá quá cao hoặc đánh giá sai lệch về chiếc xe khi chưa trải nghiệm thực tế. Việc khuyên 'mua xe tào' (xe Trung Quốc) là một cách nói châm biếm để hạ thấp giá trị của những người đang thổi phồng giá trị chiếc xe này, cho thấy sự bất bình đối với định giá hoặc kỳ vọng phi thực tế về sản phẩm.",Negative
280,"Oh, vậy 1 con Vinfast lúc xa lúc gần gì = 4-5 con Bim 320 lận à? Vậy chửi đắt cũng có lý nhỉ .",Rhetorical-question,Negative,"Người viết sử dụng lối nói mỉa mai, so sánh khập khiễng giữa một chiếc Vinfast với 4-5 chiếc BMW 320 để nhấn mạnh sự vô lý về giá trị. Cụm từ 'chửi đắt cũng có lý nhỉ' khẳng định quan điểm rằng mức giá của xe là quá cao và không xứng đáng",Negative
281,"Đặt đợt đầu thì mâm nằm trong gói option đâu 20tr, mà quả mâm đấy sau thay lốp thì vỡ alo luôn",Metaphorical,Negative,"Người dùng phàn nàn về việc phải trả một khoản phí cao (20 triệu) cho gói option mâm xe, nhưng chất lượng thực tế lại rất kém khi bị vỡ ngay sau khi thay lốp, cho thấy sự thất vọng về độ bền và giá trị của sản phẩm.",Negative
282,"ý bác ấy là con này có đáng tỷ rưỡi đang bán ko, hay chỉ đáng 1 tỷ, hoặc 700 thôi bác ạ =))) với cả nhà máy nó khoe công suất 250k xe 1 năm cơ ko phải lo SX ko kịp đâu quy mô thị trường 2020 chỉ là 296000 xe thôi =))",Rhetorical-question,Negative,Người viết sử dụng câu hỏi mỉa mai về giá trị thực của chiếc xe (đặt nghi vấn liệu có đáng 1.5 tỷ hay chỉ đáng 1 tỷ hoặc 700 triệu) cùng với các biểu tượng cười (=))) để chế nhạo mức giá bị thổi phồng quá cao so với giá trị thực tế.,Negative
283,Bán mà ko dám cho ngta coi hang thì lạ lắm à nhen ),Fact-implied,Negative,"Người viết sử dụng cách nói mỉa mai ('lạ lắm à nhen') để chỉ trích việc người bán không minh bạch, không cho xem xe thực tế. Điều này ngầm định rằng chiếc xe có vấn đề hoặc người bán không trung thực, tạo ra cảm xúc tiêu cực về trải nghiệm mua bán chiếc xe này.",Negative
284,"Giá 700 sedan, 850 SUV thi cháy hàng. Còn lại thì chia tay hoàng hôn.",Metaphorical,Negative,"Người viết cho rằng xe chỉ bán chạy ('cháy hàng') nếu có mức giá thấp hơn nhiều (700 triệu cho sedan, 850 triệu cho SUV). Cụm từ 'chia tay hoàng hôn' là cách nói ẩn dụ cho việc xe sẽ ế, không bán được với mức giá hiện tại",Negative
285,Xe vin nhìn đẹp chủ yếu mọi người lăn tăn về giá thôi...mà giá của vin thì toàn trên mây...nên nằm ngoài tầm với của rất nhiều anh em...,Metaphorical,Negative,"Người viết thừa nhận xe có thiết kế đẹp, nhưng trọng tâm của câu nói là sự phê phán về mức giá 'trên mây' (quá cao) và 'nằm ngoài tầm với', cho thấy sự không hài lòng về định giá sản phẩm khiến khách hàng khó tiếp cận.",Negative
286,Thì chất lượng nó đi với giá bác ah...mua một con xe mà chưa được kiểm chứng thì cũng căng,Fact-implied,Negative,"Người nói sử dụng cụm từ 'chất lượng nó đi với giá' và 'chưa được kiểm chứng thì cũng căng' để ngầm khẳng định chiếc xe có mức giá thấp nên chất lượng không cao, đồng thời thể hiện sự lo ngại, thiếu tin tưởng vào độ bền và hiệu năng của xe",Negative
287,hóng cắt lỗ 500 chai,Ironic,Negative,"Cụm từ 'hóng cắt lỗ 500 chai' (chờ đợi người bán chấp nhận lỗ 500 triệu) cho thấy người dùng tin rằng giá trị thực tế của chiếc xe thấp hơn nhiều so với giá niêm yết hoặc giá bán hiện tại, ngầm khẳng định chiếc xe bị định giá quá cao và mất giá nhanh",Negative
288,"Theo em ngầm hỉu chủ ý của bác thớt là đi xe VF phải có thật nhiều tiền trong..xe, không thì không yên tâm như đi mấy con xe thông dụng khác..kkk",Ironic,Negative,"Người viết sử dụng cách nói mỉa mai 'phải có thật nhiều tiền trong xe' để ám chỉ việc đi xe VinFast (VF) thường xuyên gặp sự cố, hỏng hóc hoặc rủi ro khiến chủ xe luôn trong trạng thái lo lắng, không an tâm bằng các dòng xe phổ thông khác.",Negative
289,Màn hình đậm chất tàu Việt hóa quá,Ironic,Negative,"Cụm từ 'đậm chất tàu' kết hợp với 'Việt hóa quá' ngầm ám chỉ giao diện màn hình được thiết kế thiếu tinh tế, rẻ tiền hoặc là hàng nhập khẩu từ Trung Quốc rồi chỉnh sửa sơ sài, không mang lại cảm giác cao cấp hay chuyên nghiệp.",Negative
290,"cuối cùng thiếu câu chốt, con này đáng giá bao nhiêu?  giá trị đang bán hay 1 tỏi hay 700",Rhetorical-question,Negative,"Người viết đặt câu hỏi về giá trị thực của chiếc xe và đưa ra các con số thấp hơn nhiều so với giá bán hiện tại (từ 1 tỷ xuống 700 triệu), ngầm ý rằng chiếc xe đang bị định giá quá cao và không xứng đáng với số tiền mà hãng đang yêu cầu.",Negative
291,Giá này thì mua Hybrid cho lành.,Ironic,Negative,"Người nói cho rằng với mức giá hiện tại của chiếc xe này, việc lựa chọn một chiếc xe Hybrid sẽ là phương án an toàn và hợp lý hơn ('cho lành'). Điều này ngầm định rằng chiếc xe đang được nhắc đến không xứng đáng với giá tiền hoặc không mang lại giá trị/sự an tâm bằng xe Hybrid",Negative
292,"Cá nhân t ngoại thất bình thường, đường nét lai mỗi xe khác 1 chút, trong khi kích thước xe hạn mà nhồi nhét quá nhiều đường gân dập nổi",Fact-implied,Negative,"Người viết đánh giá ngoại thất 'bình thường' và cho rằng thiết kế thiếu bản sắc (lai mỗi xe khác một chút). Đặc biệt, việc dùng từ 'nhồi nhét' để mô tả các đường gân dập nổi trên một kích thước xe hạn chế cho thấy sự không hài lòng về tính thẩm mỹ, coi thiết kế là rườm rà và thiếu tinh tế.",Negative
293,"p/s: mới gặp vài hôm trước, chuẩn bị xuống hầm thủ thiêm (nghe anh chủ nói với anh phân luồng là đỏng đảnh, không chịu chạy)",Metaphorical,Negative,"Việc sử dụng từ 'đỏng đảnh' và cụm từ 'không chịu chạy' để mô tả chiếc xe cho thấy xe gặp vấn đề về vận hành, thiếu ổn định hoặc khó khởi động, thể hiện sự không hài lòng về chất lượng kỹ thuật của xe",Negative
294,Đường nào thì cũng Tàu cả mua hẳn con Tàu chính hãng cho nó ngon đỡ phải đi fix lỗi.,Ironic,Negative,"Người nói thừa nhận thực tế nhiều xe hiện nay đều có nguồn gốc từ Trung Quốc ('Đường nào thì cũng Tàu'), từ đó đưa ra lời khuyên nên mua xe chính hãng để đảm bảo chất lượng tốt hơn ('cho nó ngon') và tránh được những phiền phức khi phải sửa chữa lỗi vặt ('đỡ phải đi fix lỗi').",Positive
295,"BYD vừa giới thiệu con Atto3 cùng phân khúc với VF7, mà giá bản full kèm pin chỉ hơn 8 trăm thôi. Không giảm giá sớm thì thành “Bại liệt tinh thần Việt” luôn",Ironic,Negative,"Người viết so sánh giá của BYD Atto 3 rẻ hơn nhiều so với VF7 và dùng cụm từ mỉa mai 'Bại liệt tinh thần Việt' để cảnh báo rằng nếu VinFast không giảm giá, họ sẽ mất lợi thế cạnh tranh và người tiêu dùng sẽ quay lưng. Đây là lời chê bai về chiến lược giá của VF7 so với đối thủ.",Negative
296,Tôi đã đi được hơn 4 vạn nhưng phải công nhận Wigo có mỗi nhược điểm: hơi ồn.,Fact-implied,Positive,"Người dùng đã vận hành xe một quãng đường khá dài (hơn 4 vạn km), điều này cho thấy sự tin tưởng vào độ bền. Việc dùng cụm từ 'có mỗi nhược điểm' ngầm khẳng định rằng ngoài vấn đề tiếng ồn ra, tất cả các phương diện khác của xe đều tốt và khiến người dùng hài lòng",Positive
297,Wigo cách âm kém có ưu điểm đấy chứ… còi tàu sẽ làm cụ giật mình và đạp thắng.,Ironic,Negative,"Người viết sử dụng lối nói mỉa mai (sarcasm) khi gọi việc 'cách âm kém' là một 'ưu điểm'. Việc nói rằng tiếng còi tàu làm tài xế giật mình và đạp phanh thực chất là để chê bai khả năng cách âm của xe quá tệ, gây ảnh hưởng đến trải nghiệm và an toàn khi lái xe.",Negative
298,Ngoài việc bền ra thực sự ko có yếu tố nào để khách hàng xuống tiền,Fact-implied,Negative,"Người nói thừa nhận xe có ưu điểm là 'bền', nhưng dùng cấu trúc 'ngoài...S ra thực sự không có yếu tố nào' để khẳng định rằng chiếc xe thiếu hụt mọi giá trị hấp dẫn khác (nhS thiếtC thiết kế, công nghệ, tiện nghi...), khiến tổng thể chiếc xe không xứng đáng để mua.",Negative
299,"Khi Vin ra xe, e đã bảo để sau 5 năm xem thế nào thì hẵng mua.",Fact-implied,Negative,Người nói thể hiện sự thận trọng quá mức và thiếu tin tưởng vào chất lượng cũng như độ bền dài hạn của xe VinFast bằng cách yêu cầu phải chờ đợi một khoảng thời gian rất dài (5 năm) để kiểm chứng trước khi quyết định mua.,Negative
300,"Bác lái thử… nếu vẫn thấy ‘rất đầm’… thì em đăng ký mua 2 chiếc, 1 chiếc biếu bác luôn.",Ironic,Negative,"Người nói sử dụng cách nói mỉa mai, đặt điều kiện 'nếu vẫn thấy rất đầm' để ám chỉ rằng thực tế chiếc xe không hề đầm chắc như quảng cáo hoặc kỳ vọng. Việc đề nghị mua 2 chiếc và biếu 1 chiếc là một lời thách thức châm biếm, thể hiện sự thiếu tin tưởng vào chất lượng vận hành của xe",Negative
301,"Fortuner thì vẫn cày cuốc phục vụ chủ nhân mà không đổ bệnh, đòi tiền.",Metaphorical,Positive,"Sử dụng cụm từ 'cày cuốc' và 'không đổ bệnh, đòi tiền' để khẳng định độ bền bỉ, khả năng vận hành bền bỉ và ít hỏng hóc, không tốn chi phí sửa chữa của xe Fortuner",Positive
302,Thực tế qua clip này thì Fortuner đúng là thánh lật rồi.,Metaphorical,Negative,"Cụm từ 'thánh lật' là một cách nói mỉa mai, ám chỉ chiếc xe có trọng tâm cao hoặc hệ thống cân bằng kém, dẫn đến việc dễ bị lật khi xảy ra sự cố hoặc khi vào cua, gây mất an toàn cho người sử dụng.",Negative
