Id,Text,Implicit type,Sentiment,explanation,predicted_sentiment
1,Phải thêm cái Danh hiệu xe điện sang tay của Năm mới đủ.,Ironic,Negative,"Dùng lời mỉa mai thông qua việc tự chế ra 'danh hiệu' mới để chê bai thực trạng người mua liên tục tìm cách bán tháo/sang tay chiếc xe này, ngầm phản ánh chất lượng xe kém hoặc trải nghiệm không tốt khiến người dùng thất vọng.",Negative
2,Lụm mịa nó hết các vị trí nhất bảng hé hé,Fact-implied,Positive,"Sử dụng từ ngữ suồng sã, hài hước (""lụm mịa nó hết"", ""hé hé"") để khoe thành tích chiếc xe/hãng xe chiếm trọn các vị trí dẫn đầu trong bảng xếp hạng, thể hiện sự hào hứng và đánh giá rất cao sản phẩm.",Positive
3,"limo nào mà nhiều chắc ở cửa hàng, trong khi book grab 7 chỗ toàn BYD 7",Ironic,Negative,"Sử dụng sự đối lập giữa việc chiếc 'limo' chỉ nằm trong cửa hàng với việc BYD 7 chỗ xuất hiện dày đặc khi đặt xe công nghệ thực tế, ngầm khẳng định và khen ngợi tính thực dụng, độ phổ biến cũng như sự tin dùng của người dùng đối với dòng xe BYD 7 chỗ.",Positive
4,"Xe dịch vụ của năm là XL, xe điện của năm còn phải xét lại , ngoài đường con BYD 7 chỗ chạy đầy đường",Fact-implied,Negative,"Thể hiện thái độ hoài nghi, mỉa mai và không công nhận danh hiệu 'Xe điện của năm' dành cho chiếc xe đang được nhắc tới, cho rằng thực tế chất lượng hoặc độ phổ biến của nó không xứng đáng.",Negative
5,"Ẹc mồm thì quang quác mà tay vẫn nhặt hàng, khầy đỉnh quá",Ironic,Positive,"Sử dụng lối nói hài hước về việc dù miệng liên tục phàn nàn hay chê bai nhưng thực tế vẫn xuống tiền chốt đơn mua hàng, kết hợp từ khen 'đỉnh quá' để ngầm khẳng định sức hút khó cưỡng và doanh số cực tốt của sản phẩm",Positive
6,BYD7 chắc doanh số chưa bằng 1/10 con limo,Fact-implied,Negative,"So sánh doanh số của BYD7 vô cùng thấp (chưa bằng 1/10) so với xe khác nhằm mỉa mai, chê bai chiếc xe bán ế và không được người tiêu dùng đón nhận.",Negative
7,"Limo Green thì ok, thấy chạy đầy đường dù mới ra mắt... còn 2 con ở mục 2, 3... phải nói là nhìn lòi mắt may ra thấy được chiếc; bgk chấm điểm nhìn vào tờ polyme à!?!?",Rhetorical-question,Negative,"Người viết mỉa mai việc hai mẫu xe được xếp hạng cao nhưng thực tế bán rất ế ('nhìn lòi mắt may ra thấy'), đồng thời dùng hình ảnh 'tờ polyme' (tiền) để nghi ngờ giám khảo bị mua chuộc, thể hiện sự bất bình và đánh giá rất tiêu cực về chất lượng/sự đón nhận của các mẫu xe này.",Negative
8,bài này nên để tiêu đề QUẢNG CÁO để người đọc đỡ buồn cười,Ironic,Negative,"Dùng lời mỉa mai khuyên bài viết nên đổi tiêu đề thành 'QUẢNG CÁO', ngầm chê bai những lời khen dành cho chiếc xe là tâng bốc quá đà, phi thực tế và vô lý đến mức nực cười.",Negative
9,"Đây là một ví dụ điển hình về kết quả bình chọn trong giới xe biz, ko hiểu các bác bình chọn nghĩ gì",Rhetorical-question,Negative,"Dùng thái độ mỉa mai và hoài nghi 'ko hiểu các bác bình chọn nghĩ gì' để thể hiện sự phản đối mạnh mẽ, ngầm chê bai chiếc xe hoặc kết quả vinh danh là hoàn toàn vô lý và không xứng đáng.",Negative
10,"Chấm điểm phải có tính quốc tế môt chút thì giải thưởng mới có giá trị. Chiếc Limo Green này đem ra quốc tế ai mua? Xe vinfast bán nhiều thật, nhưng do cơ sở hạ tầng tốt chứ không phải bản thân chiếc xe. Nếu mình chấm thì chỉ chấm chiếc VF3 là cao lắm.",Rhetorical-question,Negative,"Người viết sử dụng câu hỏi tu từ để hạ thấp giá trị cạnh tranh quốc tế của xe và khẳng định doanh số bán ra chỉ nhờ vào cơ sở hạ tầng chứ không phải do chất lượng bản thân chiếc xe, ngầm chê bai chất lượng thực tế của các dòng xe VinFast.",Negative
11,Em chỉ chờ kia nó ra bán tải có ghế sau ngã được là quất thôi,Fact-implied,Positive,"Thể hiện sự mong chờ và quyết định sẵn sàng xuống tiền mua ngay (""quất thôi"") xe bán tải của Kia nếu đáp ứng được tính năng ghế sau ngả được, qua đó thể hiện sự hứng thú và kỳ vọng rất tích cực đối với sản phẩm của hãng.",Positive
12,Mời các anh chê Hilux vào điểm danh nào. Em không dám khen nữa đâu,Ironic,Positive,"Dùng lời thách thức mỉa mai hướng tới những người hay chê bai Hilux để ngầm thể hiện sự tự hào và khẳng định chất lượng, sức hút thực tế của chiếc xe mà không cần phải tốn lời khen ngợi thêm",Positive
13,Thế bác chưa cập nhật tin tức à. Ford nó tuyên bố bảo hành xì dầu đến khi nào chữa hết bệnh mới thôi.,Fact-implied,Negative,"Nhắc đến việc phải bảo hành lỗi xì dầu 'đến khi nào chữa hết mới thôi' ngầm mỉa mai việc xe mắc lỗi kỹ thuật kinh niên mà hãng không thể khắc phục triệt để, thể hiện sự thất vọng về chất lượng xe.",Negative
14,"Nói thế thôi, Bác ko bật Power lên đạp nó gào lên ầm ĩ điếc cả tai, sót cả ruột, Bật Power lên nhẹ nhàng như 1 cơn gió.",Fact-implied,Positive,"Sử dụng sự đối lập khi vận hành: mặc dù không bật chế độ Power xe sẽ bị gào engine, nhưng khi bật chế độ Power thì xe tăng tốc cực kỳ mượt mà và êm ái ('nhẹ nhàng như 1 cơn gió'), qua đó khen ngợi hiệu quả và trải nghiệm lái ấn tượng của tính năng này trên xe.",Positive
15,Hilux mà đi đường trường tiêu thụ như con vios bác nhé.,Fact-implied,Positive,"So sánh mức tiêu thụ nhiên liệu của dòng xe bán tải Hilux trên đường trường tiết kiệm tương đương với một chiếc sedan hạng B nổi tiếng tiết kiệm nhiên liệu như Vios, ngầm khen ngợi xe vô cùng tiết kiệm xăng/dầu.",Positive
16,))) Ai có thời gian mà đi bảo hành như thế hả bác?,Rhetorical-question,Negative,"Dùng câu hỏi tu từ với thái độ mỉa mai để ngầm than phiền việc chiếc xe bị lỗi liên tục phải đi bảo hành nhiều lần, gây mất thời gian và đem lại trải nghiệm rất phiền phức cho người dùng",Negative
17,"Con 331k km Con 300k km Con 230k km Con 205k km Con 2017 gần 100k km Xe đi cày nên khi nào hết 25 năm mỗi con mần 1 triệu km là đủ sở hụi, hehe",Fact-implied,Positive,"Việc liệt kê số km đã đi rất cao (từ 100k đến hơn 300k km) trên nhiều chiếc xe và dự định 'cày' lên tới 1 triệu km ngầm khen ngợi xe cực kỳ bền bỉ, vận hành ổn định và mang lại giá trị sử dụng, hiệu quả kinh tế rất cao.",Positive
18,Hình như theo luật các con bán tải chỉ chở max tầm 600kg lên trên phải cải biên lại thì thành xe tải. 600 ký đường lanh quanh mấy tỉnh Sài gòn thì là muỗi. Cái nào mình thua và yếu hơn người khác thì nhận đi.,Fact-implied,Negative,"Người nói chỉ ra hạn chế về tải trọng (600kg) là quá ít ('là muỗi') đối với nhu cầu thực tế, đồng thời khẳng định sự yếu kém và thua thiệt của xe so với các xe khác.",Negative
19,"Ủa vậy Ford nó ko làm đc à a!? Mình từng đi 860km với 1 bình dầu, còn dư 1/4 nấc nè! Loanh quanh 5-6l/100km cho cái xác 2 tấn đấy thôi! Cứ thần thánh nó lên làm ji!",Rhetorical-question,Positive,"Người nói đưa ra số liệu thực tế về khả năng tiết kiệm nhiên liệu ấn tượng của xe Ford (chạy 860km chỉ hết 3/4 bình dầu, tiêu thụ 5-6L/100km cho một chiếc xe nặng 2 tấn) nhằm khen ngợi hiệu suất vận hành của xe và phản bác lại việc tâng bốc quá đà một mẫu xe khác.",Positive
20,Chất lượng còn lâu mới bì được với Innova. Tiền nào của đó thôi.,Metaphorical,Negative,"So sánh chất lượng chiếc xe này còn kém xa so với Innova, đồng thời dùng thành ngữ 'tiền nào của đó' để chê bai xe có chất lượng thấp, không ngon.",Negative
21,"Ông anh rể em có 2 chiếc xe, một con Tucson và mới mua thêm một con Avanza để chạy dịch vụ. Ông này cũng thuộc dạng tài cứng với khoảng gần 20 năm cầm lái, vậy mà ổng không ""thông thái"" gì cả. Cứ mỗi lần chở vợ con đi chơi hay đi đám tiệc thì ổng lùa lên con Tucson hết, còn con Avanza ""ngon"" vậy mà ổng toàn để chở khách, chẳng hiểu nổi...",Ironic,Negative,"Sử dụng giọng điệu mỉa mai và châm biếm (đặt các từ 'thông thái', 'ngon' trong ngoặc kép) để ngầm chê bai chiếc Avanza kém chất lượng, thiếu tiện nghi và không đủ thoải mái cho gia đình, khiến một tài xế lâu năm chỉ coi nó là xe chạy dịch vụ và ưu tiên chọn Tucson cho vợ con.",Negative
22,"Innova quên là đúng, xe gì bồng bềnh như đi ghe Avanza của Daihatsu gắn mác Toy cũng lõm không kém cạnh...",Metaphorical,Negative,Sử dụng hình ảnh so sánh 'bồng bềnh như đi ghe' cùng từ ngữ chê bai 'lõm' để chỉ trích gay gắt cảm giác lái thiếu chắc chắn và chất lượng kém của các mẫu xe Innova và Avanza.,Negative
23,"Bên Creata thì cắt bớt là do hãng nghiên cứu kỹ thị trường VN, Avanda thì cắt bớt để cho xe bớt sang lại Ôi thôi tôi cũng đến lạy với cách hành văn của OS mình hiện tại quá.",Ironic,Negative,"Dùng thái độ mỉa mai ('đến lạy') đối với những lý do vô lý nhằm bào chữa cho việc cắt giảm trang bị của các mẫu xe, qua đó thể hiện sự không hài lòng và chê bai việc xe bị cắt gọt tính năng.",Negative
24,Dọn kho hả mấy anh? Giờ làm xe như nông dân cấy lúa nhẫy. Cắt lúa xong đốt gốc rạ là xóa bàn. Rút êm.,Metaphorical,Negative,"Dùng hình ảnh so sánh mỉa mai việc 'cấy lúa - gặt xong đốt rạ' để chỉ trích hãng xe làm ăn chộp giật, bán nốt hàng tồn rồi âm thầm rút lui, bỏ mặc người tiêu dùng và dịch vụ hậu mãi",Negative
25,"Cụ nói thế nào chứ ""Việt Nam làm gì làm được đinh vít"" ... .",Fact-implied,Positive,"Dùng câu phản bác 'Cụ nói thế nào chứ' đối với quan điểm định kiến 'Việt Nam không làm nổi đinh vít', qua đó ngầm thể hiện sự ủng hộ, tin tưởng và tự hào vào khả năng sản xuất ô tô của Việt Nam",Positive
26,"Cụ cứ đổ oan cho người Việt, em thấy chỉ một số ít cụ như cụ nói thôi mà. Mà có khi các cụ ấy đang kiếm cơm từ nhãn hiệu ô tô khác. Chứ em nghĩ người thường ai rảnh thế. Suốt ngày ăn trực nằm chờ ở box vinfast để chửi Còn ngoài kia thì vinfast 1 hãng mới của Việt, có mỗi 3 mẫu xe mà mẫu nào cũng top 1 2 phân khúc.",Fact-implied,Positive,"Tác giả phản bác những ý kiến tiêu cực nhắm vào VinFast bằng cách cho rằng đó là hành vi mỉa mai từ đối thủ, đồng thời ngầm khen ngợi chất lượng và sức hút thực tế của xe VinFast khi cả 3 mẫu xe đều dẫn đầu bảng xếp hạng doanh số phân khúc.",Positive
27,Viết rõ ràng thế rồi mà cụ vẫn ko hiểu. Trả lời cho cụ các câu trên cũng chả để làm gì. Ae có nhu cầu sx & mua sản phẩm xe điện có công nghễ lõi đỉnh cao thì cứ triển khai thôi.,Ironic,Negative,Sử dụng thái độ bất cần kết hợp với cụm từ mỉa mai 'công nghệ lõi đỉnh cao' để châm biếm và coi thường chất lượng thực sự của sản phẩm xe điện đang được nhắc tới,Negative
28,"Haha, e copy lại tiêu đề thớt thôi. VF & các cụ fan/antil VF cũng đừng nghĩ về từ Đỉnh Cao nhiều quá bởi nước ta là nơi sinh ra của khẩu hiệu: Nhất Thế Giới, Dẫn Đầu, Đình Cao, Cường quốc ... còn làm lại là một chuyện khác.",Ironic,Negative,"Sử dụng giọng điệu mỉa mai về các khẩu hiệu khoa trương ('Nhất Thế Giới', 'Dẫn Đầu', 'Đỉnh Cao') để ngầm nghi ngờ chất lượng thực tế của xe VinFast, cho rằng quảng cáo/tuyên truyền chỉ là lý thuyết còn thực tế làm được hay không lại là chuyện hoàn toàn khác.",Negative
29,"Thành cường quốc nông nghiệp thì có gì xấu? Nhất là mùa dịch bệnh này? Công nghệ cao thế giới bỏ quá xa mình? Hay công nghệ lõi của Vin mua đồ 5 cha ba họ về lắp thành mãnh liệt tinh thần việt, mới đc 2,3 năm thì giải tán? Dần thế giới loài người cũng phân chia cv thôi: thằng dốt đi cày chan tay, thằng giỏi nghiên cứu đầu óc",Rhetorical-question,Negative,"Sử dụng ngôn từ mỉa mai ('mua đồ 5 cha ba họ', châm biếm khẩu hiệu 'mãnh liệt tinh thần Việt') để chỉ trích sản phẩm công nghệ của Vin chỉ là lắp ráp linh kiện thiếu bản sắc, đồng thời nghi ngờ năng lực và sự thiếu bền vững khi dự án nhanh chóng bị giải tán",Negative
30,"Cụ này nói đúng này. Tên thớt là: ""Công nghệ lõi"" của Xe điện Vinfast - đỉnh cao. Cụ nào thấy đúng công nghệ xe điện VF là đỉnh cao hãy vào bình luận nhé. Cụ nào không thấy thế thì nên lập thêm thớt mới, đại loại ""bình luận thẳng thắn về công nghệ lõi của xe điện Vinfast"" để mà bình luận.",Ironic,Negative,"Dùng từ 'công nghệ lõi' trong ngoặc kép và đối lập giữa việc khen 'đỉnh cao' với 'bình luận thẳng thắn' để mỉa mai sự tâng bốc thái quá, ngầm thể hiện sự hoài nghi và tiêu cực về chất lượng công nghệ thực sự của xe điện VinFast",Negative
31,Con xe nào của Vin lúc sắp ra hoặc mới ra chả được khen đứt lưỡi .Cái nguy hiểm nhất là các công nghệ liên quan đến xe điện tiến rất nhanh nên tôi vẫn nghĩ cuộc chơi này vượt tầm a Vượng,Fact-implied,Negative,"Ý kiến mỉa mai việc các dòng xe của hãng luôn được truyền thông tung hô quá đà khi mới ra mắt, đồng thời thể hiện sự nghi ngờ và đánh giá thấp năng lực làm chủ công nghệ xe điện của doanh nghiệp.",Negative
32,"Cái mục cuối cùng trí tuệ của xe đấy do Vin phát triển, thiếu nó không thể vận hành được mà cụ bảo chả nghĩ được cái gì. Chửi thì cũng phải đọc, nghĩ rồi mới phát ngôn cụ ạ",Fact-implied,Positive,"Người nói đang lên tiếng bảo vệ thương hiệu và khẳng định giá trị công nghệ ('trí tuệ của xe') thiết yếu do Vin phát triển, đồng thời phản bác lại những lời chê bai thiếu căn cứ, qua đó thể hiện thái độ ủng hộ và đánh giá cao năng lực phát triển của hãng",Positive
33,"Chẳng tư thù gì, họ cho xe đâm vào tường rồi đo mức chấn thương của người nộm. Nói chung là tèo sạch, cả lái cả phụ, cả đằng sau.",Fact-implied,Negative,"Đoạn văn mô tả kết quả thử nghiệm va chạm (crash test) với kết luận cực kỳ tệ ('tèo sạch' toàn bộ người nộm ở mọi vị trí), qua đó ngầm chê bai độ an toàn và khả năng bảo vệ tính mạng hành khách rất kém của chiếc xe.",Negative
34,"Qua đây có thể thấy khung MG5 rất cứng, nên hấp thụ lực không tốt, cho nên khung xe thì ổn định, mà người lái thì tèo. 0 sao NCAP chứng tỏ xe rất cứng, cụ nào thích khung cứng thì nhào dô.",Ironic,Negative,"Sử dụng phong cách mỉa mai, châm biếm khi khen 'khung xe cứng' và đạt '0 sao NCAP' để thực chất chê bai thiết kế an toàn yếu kém của xe (không biết hấp thụ lực), gây nguy hiểm đến tính mạng người lái.",Negative
35,"Cụ nói quá , e xem bài test đâm tường thấy túi khí lái và phụ vẫn bung mà, cả mẫu sedan và SUV, tuy nhiên hàng sau không có túi khí, chỉ có dây an toàn",Fact-implied,Positive,"Người nói lên tiếng phản bác lại thông tin tiêu cực thái quá trước đó bằng cách chỉ ra thực tế túi khí hàng ghế trước vẫn hoạt động và bung tốt trong bài kiểm tra va chạm, qua đó ngầm bênh vực và khẳng định độ an toàn của chiếc xe.",Positive
36,Asian Ncap mà cũng tư thù cá nhân trong công việc thế á ???,Rhetorical-question,Negative,"Dùng câu hỏi mỉa mai ('tư thù cá nhân') để ngầm chê bai kết quả thử nghiệm an toàn của chiếc xe quá kém, đến mức như thể tổ chức đánh giá cố tình dìm hàng hoặc có hiềm thù riêng với hãng xe",Negative
37,"Để SX xe giá thành rẻ thì; Cắt chi phí R&D, cắt chi phí mang mẫu thiết kế thử nghiệm an toàn trước SX, vật liệu (mác thép thấp) thép chế tạo loại rẻ tiền....đem thử không đạt kêu thù oán là sao",Fact-implied,Negative,"Liệt kê hàng loạt hành vi cắt giảm chi phí tiêu cực như bỏ R&D, dùng thép rẻ tiền và bỏ qua thử nghiệm an toàn để mỉa mai, chê bai chất lượng xe kém và không đạt chuẩn an toàn là điều tất yếu",Negative
38,"Xe này ""không sao"". 0 Sao đúng nghĩa luôn",Ironic,Negative,Dùng phép chơi chữ giữa 'không sao' (không có vấn đề gì) và '0 sao' (xếp hạng an toàn 0 sao) để mỉa mai chiếc xe có độ an toàn kém và chất lượng tệ.,Negative
39,"Ô thế đâm vào tường hình nộm tèo sạch , ăn điểm 0 hay dạng dạng như kiểu học dốt xơi trứng cụ thớt lại quy vào thù ghét với hận thù gì à, vui thật",Ironic,Negative,"Sử dụng giọng điệu mỉa mai ('vui thật') và hình ảnh so sánh 'học dốt xơi trứng' để xoáy sâu vào kết quả thử nghiệm va chạm cực kỳ kém của xe (ăn điểm 0, nguy hiểm tính mạng), qua đó thể hiện sự chê bai gay gắt về độ an toàn kém cỏi của chiếc xe.",Negative
40,"45 khách mà ít video ảnh ọt cụ nhỉ. Em đếm mãi chưa đủ 1 bàn tay. Team media làm ăn chán thế Mà hôm nay là đc thêm 2 ngày rồi, mỗi ngày ""bàn giao"" đc thêm bao nhiêu cái cụ nhỉ?",Ironic,Negative,"Dùng từ ngữ mỉa mai và đặt từ 'bàn giao' trong ngoặc kép để ngầm thể hiện sự nghi ngờ, chê bai về số lượng xe thực sự được giao tới tay khách hàng so với số liệu công bố.",Negative
41,Ít ra nhiều thương hiệu xe ở Việt Nam phải tăng bảo hành kể từ khi Vin tăng bảo hành. Xe thu hồi để sửa lỗi thì trên thế giới họ làm thường xuyên. Ở Việt Nam hiếm thấy vì sao? Chắc không phải do xe bán ở Việt Nam tốt hơn các thị trường khác,Rhetorical-question,Negative,"Câu nói khen ngợi VinFast đã tiên phong nâng thời hạn bảo hành tạo áp lực tích cực lên thị trường, đồng thời dùng thái độ mỉa mai để chỉ trích các hãng xe khác ở Việt Nam né tránh việc thu hồi khắc phục lỗi.",Positive
42,"Tại sao chị CEO nhỡ mồm xe ""tiếp thị"" ? Tại sao xe chỉ cho thuê mà không bán đứt ? Bàn giao để Customer Oriented Test Bảo hiểm cũng chỉ bán 2 tháng (từ 01/03 đến 01/05) và chỉ bảo hiểm trách nhiệm dân sự (Liability Insurance) không phải dạng Full cover. Có rating FMVSS (hoặc tương đương) bảo hiểm nó bán full mà không cần deal lẻ như này. Cái anh Andrew này làm ăn cũng lởm khởm, dặn kỹ thế rồi mà vẫn hớ hàng, gà nó chạy hết bây giờ PS: tài khoản sau khi đưa thông tin trên lập tức bị oánh sập một cách bí hiểm",Fact-implied,Negative,"Đoạn bình luận đưa ra hàng loạt câu hỏi nghi vấn, chỉ ra các điểm bất thường về chính sách cho thuê, bảo hiểm hạn chế và mỉa mai cách quản lý thiếu chuyên nghiệp ('lởm khởm'), ngầm chê bai chiếc xe và hãng xe không đáng tin cậy, thiếu minh bạch.",Negative
43,"AE media nâng cấp bài gì mới đi, mãi bài tủ nghe riết cũng chán Xe xăng: tôi đang đi BMW, MEC... bla...bla... Xe điện: tôi đang đi TESTA... bla...bla... anh bạn Andrew thì khoe có tay Porsche Taycan gạ đua...bla.. Nghĩ cũng tủi thân cho ae tâng ball, cứ anti nói gì là hôm sau phải đẩy bài bằng được giải thích lọ chai... Trích clip: A mua bảo hiểm 1 chiều hay 2 chiều ? Mua 2 chiều nhé. 1 tháng hay 1 năm? 1 năm Xe thì không tập trung thử nghiệm, fix lỗi trước khi bán chỉ tập trung make color và trả lời anti",Ironic,Negative,"Bình luận mỉa mai chiến dịch truyền thông của hãng xe, đồng thời trực tiếp chỉ trích việc sản phẩm không được tập trung thử nghiệm và khắc phục lỗi trước khi bán mà chỉ tập trung 'làm màu' và đối phó với dư luận",Negative
44,"Nói như thánh phán, cái Usb của tôi có chứa dữ liệu bất thường gây xung đột thì sao, hàng nghìn anh em cắm usb khác có bị không? Mà thôi, tôi block ông cho vào list mấy thành phần không tiếp chuyện cho đơn giản",Ironic,Negative,"Người dùng thể hiện sự bức xúc và bác bỏ lời đổ lỗi vô lý về lỗi hệ thống điện tử/màn hình giải trí của xe (quy chụp do USB), ngầm chê bai chất lượng xe hay gặp sự cố và thái độ xử lý vấn đề thiếu thuyết phục",Negative
45,"Khách quan mà nói thì hầu hết những gì cụ nêu ban đầu, là do cụ chưa quen, chưa biết,... Chứ cụ chạy 1 vạn thì lại đã chẳng có gì mấy để kêu. Những người chưa chạy đc 1 vạn thì hay nêu những vấn đề trên lắm, âu cũng là do lạ xe thôi...",Fact-implied,Positive,"Ý kiến khẳng định các nhược điểm hay phiền ngoái ban đầu chỉ là do người dùng chưa quen xe, đồng thời cho rằng khi đã sử dụng lâu (chạy 1 vạn km) thì xe vận hành tốt và 'chẳng có gì mấy để kêu', ngầm bênh vực và đánh giá tích cực về chất lượng của chiếc xe.",Positive
46,"Nếu đi đâu muốn lãng mạn không phải suy nghĩ về xe thì cụ cứ bật máy lên,gọi con xe cứu hộ kéo lên thùng sau đó mợ ngồi trên xe vừa ngắm phố vừa thưởng thức ly coffee.cháu thấy ý đó không tồi.",Ironic,Negative,"Dùng kịch bản mỉa mai, hài hước (đặt xe lên thùng xe cứu hộ để chở đi ngắm cảnh và uống cà phê) để ngầm chê bai chiếc xe kém tin cậy, thường xuyên hỏng hóc và không mang lại cảm giác an tâm khi sử dụng.",Negative
47,Cứ đi 1 vạn thì thành vino 100%,Metaphorical,Positive,Câu nói ngầm khẳng định chất lượng và trải nghiệm lái của chiếc xe xuất sắc đến mức người dùng chỉ cần chạy 10.000 km là sẽ hoàn toàn bị thuyết phục và trở thành tín đồ trung thành của hãng xe này,Positive
48,Em thấy trong video cụ ấy bấm tắt máy mà màn hình có thay đổi gì đâu nên ko cho rằng cái “đỏ loè” đấy là báo lỗi. Đến khi nổ máy lại thì nó lại sang màu khác chắc do A.I Cứ tháo dây an toàn là phải tắt máy khởi động lại ? Thế tháo dây an toàn để với ra lấy thẻ hay thanh toán ở trạm thu phí xong rồi phải tắt máy đi đề lại thì quá là A.I Cắm cái USB “bị lỗi” vào mà hệ thống xe bị reset & Xe không xịt lốp mà cứ báo do hệ thống “nhạy quá” thì đuổi việc mịa nó thằng coding đi nhỉ,Rhetorical-question,Negative,"Dùng ngôn từ mỉa mai ('chắc do A.I') và câu hỏi tu từ để chỉ trích gay gắt các lỗi phần mềm ngớ ngẩn của xe như: tháo dây an toàn là phải khởi động lại máy, cắm USB bị reset hệ thống, và cảnh báo xịt lốp ảo, thể hiện sự bất bình về chất lượng lập trình quá kém.",Negative
49,Nghe qua đã thấy mùi thum thủm rồi,Metaphorical,Negative,"Dùng cụm từ ẩn dụ 'mùi thum thủm' để mỉa mai, thể hiện sự nghi ngờ và đánh giá rất tiêu cực về chiếc xe hoặc thông tin quảng cáo ngay từ khi mới nghe qua.",Negative
50,"Em chỉ thấy ông đi VF chê nội thất thiết kế thô, chứ chưa thấy kêu về vận hành...",Fact-implied,Positive,"Mặc dù đề cập đến một nhược điểm nhỏ về mặt thẩm mỹ (nội thất thô), câu nói thực chất nhấn mạnh vào ưu điểm cốt lõi là khả năng vận hành của xe rất tốt và ổn định, chưa từng bị ai phàn nàn hay gặp sự cố.",Positive
51,Em nghe bảo MG ZS bản Comfort k thể lắp được camera lùi nữa do cấu hình gì đó thấp hơn cấu hình của tất cả camera trên thị trường. Không biết có phải không? Nếu mà như thế thì quá củ chuối!,Fact-implied,Negative,"Người nói thể hiện sự thất vọng và chê bai xe MG ZS bản Comfort khi nghe thông tin xe có cấu hình quá thấp đến mức không thể lắp thêm camera lùi, coi đây là một điểm trừ tệ hại ('quá củ chuối')",Negative
52,MG giờ còn mỗi cái Logo là từ thời Anh thôi.,Metaphorical,Negative,"Câu nói mỉa mai việc thương hiệu MG đã mất đi hoàn toàn bản sắc, công nghệ và chất lượng truyền thống của Anh Quốc, giờ đây chỉ còn lại vỏ bọc logo để gắn mác xe châu Âu.",Negative
53,"Xe Tàu khựa bác ạ, xe Tàu nhưng không phò. Em mua MG HS 2.0 trophy đi được 5000km chạy cao tốc 9-10l Chạy hỗn hợp 13-15 tuỳ giao thông",Fact-implied,Positive,"Người nói thừa nhận xe có xuất xứ Trung Quốc nhưng khẳng định chất lượng xe 'không phò' (không dỏm/kém chất lượng), qua đó thể hiện sự hài lòng và đánh giá tích cực về trải nghiệm thực tế với chiếc xe.",Positive
54,Tàu thì tàu chứ dạo này cũng nhiều cụ đi phết.,Fact-implied,Positive,"Mặc dù mở đầu bằng việc nhắc đến định kiến đối với xe nguồn gốc Trung Quốc ('Tàu thì tàu'), vế sau lại khẳng định thực tế chiếc xe đang được rất nhiều người tin dùng và chọn mua ('nhiều cụ đi phết'), ngầm thể hiện sự công nhận tích cực về sức hút và sự phổ biến của xe.",Positive
55,"xe sang do giá sau thuế thôi cụ, với các hãng cũng tranh thủ làm tiền do bên mình chỉ người giàu mới mua được xe oto",Fact-implied,Negative,"Người viết cho rằng chiếc xe được dán mác 'sang' thực chất chỉ là do chi phí thuế cao và tố hãng xe tranh thủ 'làm tiền' (bán đắt), ngầm thể hiện sự chỉ trích về mức giá bị thổi phồng, không tương xứng với giá trị thực.",Negative
56,Em thấy thiết kế nó cứ ôm nguyên của Mazda thì kiểu gì chẳng vừa mắt. Nhưng nhìn kỹ vẫn thấy dại dại các cụ ạ,Metaphorical,Negative,"Dù thừa nhận xe sao chép thiết kế từ Mazda nên nhìn thoáng qua khá dễ nhìn, nhưng vế sau dùng từ 'dại dại' để chê bai sự thiếu tinh xảo, chất lượng gia công kém và tạo cảm giác hàng nhái rẻ tiền khi nhìn kỹ",Negative
57,"vậy sao doanh số SAIC MG chỉ đứng 20 Trung quốc, doanh số MG ZS chỉ đứng 50 TQ zậy cụ",Rhetorical-question,Negative,Dùng câu hỏi tu từ chỉ ra xếp hạng doanh số khiêm tốn (thứ 20 và 50) tại thị trường nội địa Trung Quốc để ngầm chê bai và nghi ngờ về chất lượng cũng như độ hot của xe MG/MG ZS,Negative
58,"Nguồn ngốc English nhưng đã chuyển giao cho China, nên thương hiệu cũng đi theo",Fact-implied,Negative,"Nhận xét việc thương hiệu nguồn gốc từ Anh nhưng đã chuyển giao cho Trung Quốc và 'thương hiệu cũng đi theo' ngầm thể hiện sự thất vọng, đánh giá thấp và hạ giá trị thương hiệu xe sau khi đổi chủ sở hữu.",Negative
59,Nếu Tàu mua MG bao gồm các patent mà MG sở hữu thì yên tâm là chất của nó không giảm sút nhiều. Còn chỉ độc cái tên thì cũng chẳng biết thế nào.,Fact-implied,Negative,"Người nói thể hiện sự hoài nghi và thiếu tin tưởng vào chất lượng thực sự của xe MG dưới sự quản lý của doanh nghiệp Trung Quốc, cho rằng trường hợp tốt nhất chất lượng cũng chỉ 'không giảm sút nhiều', đồng thời e ngại xe chỉ mang cái danh thương hiệu chứ không có cốt lõi công nghệ.",Negative
60,"Không chỉ Thái đâu, nó vào tốp 10 bên Úc rồi (đứng thứ 7,8 gì đó), top 10 ở India (hơn cả Honda,Nissan, Ford), UAE,Saudi Arabia, Chile.  Ở Úc nó có 2 bản Mg3 và ZS đứng No1 phân khúc luôn. ZS cũng đứng No1 ở Chile, Trong lúc người Việt đang mải mê chê người Trung Quốc thì họ chẳng quan tâm đến VN nói gì. Trong ngành ô tô, họ đã  chiếm thị phần lớn trong nước và quốc tế, mua lại các thương hiệu lớn như Volvo, MG,... Đồng thời cũng có nhiều công nghệ mới trong xe điện như Blade Batterry của BYD, Lidar giá rẻ của Xpeng. Hiện giờ họ chỉ miệt mài làm việc để có thể cạnh tranh với Mỹ, Âu, Nhật thôi.  Còn người Việt thì chỉ ngồi đó và chê người khác.",Fact-implied,Positive,"Đoạn văn đưa ra hàng loạt dẫn chứng về doanh số bán chạy ở quốc tế, việc mua lại thương hiệu lớn và công nghệ tiên tiến (Blade Battery, Lidar) để bảo vệ và khen ngợi năng lực, chất lượng vượt trội của các dòng xe Trung Quốc (như MG, BYD), đồng thời phản bác lại những định kiến tiêu cực.",Positive
61,"Vin mà họ dc phát triển trong môi trường công  nghệ của China, trình độ lao động cao như China thì cũng chưa biết tnao đâu cụ",Fact-implied,Positive,"Dùng câu điều kiện giả định 'nếu được phát triển ở Trung Quốc' để ngầm chỉ ra sự thiếu hụt về nền tảng công nghệ và trình độ sản xuất hiện tại của VinFast, từ đó thể hiện sự hoài nghi và đánh giá thấp chất lượng xe ở thời điểm hiện tại.",Negative
62,Môi trường sống tạo nên tính cách ! Bố mẹ trí thức đẻ con rồi đem cho anh bán chuối nuôi thì tính cách sẽ là của anh bán chuối thôi !,Metaphorical,Negative,Sử dụng hình ảnh ẩn dụ về nguồn gốc và môi trường nuôi dưỡng để ngầm mỉa mai rằng chiếc xe dù mang công nghệ hay nền tảng từ hãng xe danh tiếng ('bố mẹ trí thức') nhưng khi được hoàn thiện/quản lý bởi một đơn vị bình dân hoặc kém chất lượng ('anh bán chuối') thì chất lượng thực tế của xe cũng sẽ chỉ ở mức thấp tương tự.,Negative
63,Tàu chém nó cũng rất chi là Tàu,Ironic,Negative,"Cụm từ mỉa mai 'rất chi là Tàu' được dùng để thể hiện sự coi thường và chê bai chiếc xe mang đậm các nhược điểm đặc trưng của xe Trung Quốc như độ hoàn thiện kém, thiếu tinh tế hoặc chất lượng không đáng tin cậy",Negative
64,Cái map cứ đường lưỡi bò thì cái kết đã định sẵn từ đầu rồi các cụ,Fact-implied,Negative,"Việc đề cập đến bản đồ chứa 'đường lưỡi bò' (vi phạm chủ quyền) và khẳng định 'cái kết đã định sẵn' ngầm thể hiện sự tẩy chay, phản đối gay gắt và dự báo sự thất bại của dòng xe này tại thị trường Việt Nam.",Negative
65,Đi cái xe tàu mất tư cách.,Metaphorical,Negative,"Dùng từ ngữ mang tính định kiến và coi thường ('mất tư cách') khi nhắc đến việc đi xe Trung Quốc, qua đó ngầm thể hiện sự chê bai gay gắt và phủ nhận giá trị của chiếc xe.",Negative
66,"Thời em ra trường mà không có xe máy tầu thì chỉ có đạp xe đạp đi làm cụ ạ. Mẹ cái xe dim việt cũng phải hơn 2 chục củ, tiền đâu mà mua, không có xe tầu bọn honda, ya nó đẩy giá trên giời.",Fact-implied,Positive,"Người viết ngầm ghi nhận và đánh giá cao vai trò của xe máy Tàu nhờ giá thành rẻ giúp người nghèo có phương tiện đi lại, đồng thời tạo sức ép cạnh tranh kìm hãm tình trạng đẩy giá quá cao của các hãng lớn như Honda hay Yamaha",Positive
67,"Các Hãng xe Tàu muốn thành công ở thị trường VN thì phải bỏ cái đường lưỡi bò đi, tuyệt đối không để nó xuất hiện trên bản đồ. Chứ vẫn ""tham-sân-si"" cái vùng nước lịch sử hình lưỡi bò thì......à mà thôi....",Ironic,Negative,"Thể hiện thái độ phê phán và cảnh báo sự thất bại của các hãng xe Trung Quốc tại Việt Nam nếu tiếp tục tích hợp bản đồ có 'đường lưỡi bò' phi pháp, ngầm kêu gọi tẩy chay các dòng xe này.",Negative
68,Động cơ tàu là cái mà làm cho người ta suy nghĩ cùng với cái lưỡi bò nũa mà ngóc lên thế nào được,Metaphorical,Negative,"Người nói chỉ ra hai rào cản lớn khiến chiếc xe khó có thể thành công hay bán chạy là động cơ Trung Quốc (khiến người mua đắn đo về chất lượng) và yếu tố nhạy cảm 'lưỡi bò', qua đó thể hiện sự chê bai và đánh giá tiêu cực về triển vọng của xe.",Negative
69,"Xe MG bây giờ có tiếng trên toàn cầu rồi. Trên nhiều nước, MG đã vượt lên top 10, qua mặt nhiều hãng của Nhật, Hàn. Thị trường VN thì bé, chắc họ chưa quan tâm nhiều lắm. Cụ nào thích thì cứ mua, cụ nào ăn chắc thì thôi.",Fact-implied,Positive,"Người viết ca ngợi thương hiệu MG có uy tín toàn cầu và vượt qua các hãng xe Nhật, Hàn, đồng thời biện minh cho sự hiện diện chưa mạnh mẽ tại Việt Nam là do thị trường nhỏ chứ không phải do chất lượng xe kém, qua đó thể hiện sự ủng hộ và đánh giá cao chiếc xe",Positive
70,MG cứ giảm nửa giá nữa đi thì mới bán chạy,Fact-implied,Negative,"Sử dụng câu nói mỉa mai yêu cầu phải 'giảm giá một nửa' mới bán được để ngầm chê bai giá bán hiện tại quá cao, không tương xứng với chất lượng và giá trị thương hiệu MG mang lại.",Negative
71,Xe Tàu thì đấu đá cái gì?,Rhetorical-question,Negative,Dùng câu hỏi tu từ mang tính mỉa mai để ngầm thể hiện sự coi thường và chê bai xe Trung Quốc không đủ chất lượng hay đẳng cấp để cạnh tranh trên thị trường,Negative
72,"Màn hình mà bị lỗi, hỏng thì còn mệt nữa Nghĩ tới cảnh giữa mùa hè ko bật được điều hòa thì ối giời ơi Nhưng con MG này em vẫn thấy có nút vật lý ở dưới màn hình mà",Fact-implied,Positive,"Người nói nêu ra mối lo ngại chung về rủi ro khi màn hình cảm ứng bị hỏng sẽ không bật được điều hòa, nhưng sau đó dùng từ 'nhưng' để bênh vực và khen ngợi xe MG vì vẫn được trang bị nút bấm vật lý tiện lợi bên dưới, giúp khắc phục nhược điểm này.",Positive
73,"MG vẫn bán dc, rồi các cụ xem. Nó chả khác gì Jaguar land rover của Tata cả! Thương hiệu cũ nó là cái gì đó rất khó tả.",Fact-implied,Positive,"So sánh MG với Jaguar Land Rover (các thương hiệu gốc Anh Quốc được tập đoàn châu Á mua lại) nhằm khẳng định giá trị thương hiệu lâu đời vẫn có sức hút riêng, qua đó thể hiện sự ủng hộ và tin tưởng dòng xe này sẽ bán tốt.",Positive
74,vẫn còn cái mác xe tàu thì 550 triệu cũng vẫn ế,Fact-implied,Negative,"Sử dụng định kiến 'mác xe tàu' và khẳng định xe 'vẫn ế' dù ở mức giá rẻ (550 triệu) để ngầm chê bai thương hiệu thiếu uy tín, khó được người tiêu dùng đón nhận",Negative
75,"Xe tầu ở VN chắc chỉ mấy con xe điện VF là đc ưu ái, chứ dân mình nghe mác tàu là đã gờn gợn rồi.",Ironic,Negative,"Câu nói sử dụng cách gọi mang tính mỉa mai ('xe tầu') để ám chỉ xe điện VF và dùng từ 'gờn gợn' để ngầm thể hiện tâm lý e ngại, thiếu tin tưởng và định kiến tiêu cực đối với chất lượng cũng như nguồn gốc của xe.",Negative
76,tên RX... nghe như lexus ấy nhỉ. Nhưng gì thì anh tàu này cũng tèo như mẫu sedan đấy giá tụt đến gót mà có đấu đc M3 đâu.,Fact-implied,Negative,"Người nói mỉa mai việc đặt tên xe ăn theo dòng xe hạng sang (Lexus), đồng thời thể hiện sự coi thường và đánh giá tiêu cực về độ bền vững, khả năng giữ giá cũng như sức cạnh tranh của mẫu xe Trung Quốc này so với các đối thủ trong phân khúc.",Negative
77,"Eo ôi, ngày xưa em giấc mơ pê đê đắt ngang mảnh đất phố đấy ạ",Fact-implied,Negative,"Sử dụng cảm Thán 'Eo ôi' kết hợp so sánh giá trị chiếc xe trong quá khứ 'đắt ngang mảnh đất phố' để ngầm thể hiện sự ngưỡng mộ, trầm trồ về đẳng cấp và giá trị biểu tượng cực kỳ lớn của dòng xe này.",Positive
78,650 mà bản full phè phè thì may ra có cơ ạ,Fact-implied,Negative,"Dùng câu điều kiện 'may ra có cơ' để ngầm chê bai giá bán hiện tại của xe là quá cao và khó cạnh tranh, chỉ khi bản full option giảm xuống mức 650 triệu thì mới đáng xem xét.",Negative
79,"Có lần e xem video trên reddit có quả mustang thì phải, chạy lùi với xe có cam, “nháy mắt” cái rồi quay mông phóng mất",Metaphorical,Positive,"Cụm từ 'nháy mắt' và 'quay mông phóng mất' miêu tả hành động chuyển hướng và bứt tốc cực kỳ nhanh chóng của chiếc Mustang, thể hiện sự trầm trồ và ấn tượng trước sức mạnh động cơ cùng khả năng vận hành vượt trội của xe.",Positive
80,"Vãi, ngang CX5 luôn à?? tưởng 650 còn có cửa",Rhetorical-question,Negative,"Sử dụng thán từ và so sánh giá bán ngang với Mazda CX-5 để ngầm chê bai chiếc xe định giá quá cao, mất đi lợi thế cạnh tranh và khó có cơ hội thành công trên thị trường",Negative
81,"MG em thấy ruột công nghệ tàu cả, còn jaguar land rover vẫn là công nghệ của hãng, chỉ chủ là tàu.",Fact-implied,Negative,"Người nói hạ thấp thương hiệu MG bằng cách dán nhãn lõi công nghệ hoàn toàn là của Trung Quốc (ngầm thể hiện định kiến về chất lượng kém và thiếu bản sắc), đối lập với thương hiệu hạng sang Jaguar Land Rover để chê bai xe MG.",Negative
82,"Ở VN được cái sỹ diện, gắn mác xe tàu mấy em hot girl không bao giờ ngồi đâu",Ironic,Negative,"Sử dụng câu nói mỉa mai về tâm lý coi trọng sĩ diện để ngầm chê bai chiếc xe có thương hiệu kém (mác xe Trung Quốc), thiếu sự sang trọng và không đem lại giá trị hình ảnh cho người sở hữu.",Negative
83,Khiếp thế.đâm phát là các bộ phận rồi máy đi chu du khắp nơi luôn.Không biết khung gầm làm bằng gì nữa...,Metaphorical,Negative,"Sử dụng cảm thán 'khiếp thế' cùng hình ảnh phóng đại các bộ phận xe văng khắp nơi sau va chạm và nghi vấn về chất liệu khung gầm để chê bai khả năng chịu lực kém, chất lượng hoàn thiện tồi và độ an toàn rất thấp của chiếc xe.",Negative
84,"Thôi xin cụ, xe Tầu chưa bao giờ có cửa ở Ta, nói gì đến đấu này đấu nọ.",Metaphorical,Negative,"Dùng thái độ bác bỏ và cụm từ mỉa mai ('thôi xin cụ', 'chưa bao giờ có cửa') để thể hiện sự coi thường và phủ nhận hoàn toàn giá trị cũng như khả năng cạnh tranh của dòng xe này tại thị trường Việt Nam.",Negative
85,"Chỉ có xe đạp và đạp điện là nhiều xe tau thôi, đến xe máy còn hiếm huống chi Oto.",Fact-implied,Negative,"Người nói nhận xét rằng các dòng xe Trung Quốc ('xe tàu') chỉ bán được ở nhóm xe đạp/xe điện giá rẻ, còn phân khúc ô tô thì cực kỳ hiếm người mua, ngầm thể hiện sự thiếu tin tưởng và đánh giá thấp uy tín cũng như chất lượng của ô tô Trung Quốc tại thị trường Việt Nam.",Negative
86,MG chắc cạnh tranh được về giá,Ironic,Negative,"Câu nói ngầm ám chỉ thương hiệu xe này chỉ có lợi thế duy nhất là giá rẻ chứ khó cạnh tranh về chất lượng, độ bền hay giá trị thương hiệu so với các đối thủ khác.",Negative
87,"Mazda CX5 có lẽ đã thiết lập lại mặt bằng cho ô tô phổ thông ở VN. Cùng phân khúc cao hơn ko có cửa đấu lại rồi, phân khúc thấp hơn hoặc dòng sedan phổ thông cũng ngắc.",Fact-implied,Positive,"Câu nói khen ngợi Mazda CX5 đã thiết lập lại tiêu chuẩn thị trường và có sức cạnh tranh áp đảo, khiến cả các đối thủ ở phân khúc trên lẫn dưới đều không thể cạnh tranh nổi",Positive
88,"Xe Nhật, Hàn đang và sẽ  rẻ hều thế sao phải đi mua xe Tàu. Có tiền mua mới ko thì cũ mà múc.",Rhetorical-question,Negative,"Dùng câu hỏi tu từ để phản đối việc mua xe Trung Quốc ('xe Tàu'), khẳng định xe Nhật và Hàn đáng mua hơn nhiều (dù là xe cũ), ngầm thể hiện sự coi thường và đánh giá thấp giá trị của xe Trung Quốc.",Negative
89,Xe tàu mà rẻ hơn có 100tr thì ai mua,Rhetorical-question,Negative,"Dùng cụm từ 'xe tàu' kết hợp câu hỏi tu từ 'thì ai mua' để ngầm chê bai chiếc xe có mức giá quá cao, định giá không hợp lý khi mức chênh lệch 100 triệu là không đủ để đánh đổi uy tín thương hiệu.",Negative
90,Giờ các cụ các mợ cứ phải là màn hình thật to mới là oách ! Trên VFe34 rồi VF8 em nhìn đã thấy khủng lắm rồi mà con này màn hình còn to hơn  . Công nhận thời nay mốt xe là cứ chơi cái màn to tổ chảng vào táp lô dân mới thích thì phải . Ko mấy người quan tâm đến mục đích chính của cái xe để làm gì .,Ironic,Negative,"Người nói mỉa mai xu hướng lắp màn hình quá to ('to tổ chảng') trên táp lô để chạy theo thị hiếu phô trương, đồng thời ngầm chê bai chiếc xe chỉ chú trọng vào hình thức màu mè mà bỏ qua giá trị và mục đích sử dụng cốt lõi của một chiếc ô tô.",Negative
91,"Cái này thì A V đã nói rõ rồi, bơm đến khi a ấy hết tiền, còn mua xe thì quan tâm cái xe chứ quan tâm cổ cánh làm gì cho mệt, mới đây thôi thì mua xe kèm lạc ầm ầm giờ VF3 thì các cụ được giao sớm thì bán lạc cho a khác máu hơn, đúng là thị trường cái nào cũng có thể xảy ra",Fact-implied,Positive,"Người viết thể hiện sự tin tưởng vào cam kết đầu tư của chủ doanh nghiệp, đồng thời gián tiếp khen ngợi sức hút lớn của dòng xe VF3 khi thị trường săn đón cao đến mức người đặt trước có thể nhượng lại xe giao sớm để kiếm lời (bán lạc).",Positive
92,Thấy đài báo đưa tin là anh mình chuyển sang xây nhà máy ở Indo với Ấn độ rồi mà ! Mà chả cần xây thêm thì nhà máy Cát Hải chạy cỡ 50% công suất giai đoạn 1 (125k chiếc/năm) đã thoải mái bán toàn cầu rồi !,Fact-implied,Negative,"Sử dụng giọng điệu mỉa mai khi cho rằng chỉ cần chạy 50% công suất nhà máy là đã dư sức 'bán toàn cầu', ngầm chê bai doanh số bán xe thực tế quá yếu kém và ế ẩm.",Negative
93,"Xe nào mới ra của anh ấy chả hót hòn họt hả cụ, Toàn chục với trăm nghìn đơn, quy mô cuốc tế luôn nhé.",Ironic,Negative,"Sử dụng thái độ mỉa mai, phóng đại số lượng đơn hàng cùng việc cố tình viết sai chính tả ('cuốc tế') để châm biếm chiến dịch truyền thông bị cho là thổi phồng quá đà về sự thành công của dòng xe mới",Negative
94,"Cái này tôi đồng ý với ông. Sống trên đất nước có chế độ và nền tư pháp tuyệt vời ông mặt trời như này thì làm gì có chuyện trái pháp luật. Ko nên lôi 2 thằng quái vật kia vào so sánh làm gì. đơn giản mấy thằng ấy ko có tuổi gì so với vinfet nhà mình, nhất là so về giá cổ cánh lúc mở bán. Thân.",Ironic,Negative,"Sử dụng ngôn từ châm biếm, mỉa mai ('tuyệt vời ông mặt trời', cố tình viết chệch tên thương hiệu thành 'vinfet') để chế giễu hãng xe VinFast, ngầm chê bai thực lực không bằng ai nhưng lại thổi giá cổ phiếu ảo lúc mới lên sàn.",Negative
95,"chắc phải làm ăn thế nào mới nhìn anti thế chứ, ko có lửa sao có khói , do ăn ở thế nào",Metaphorical,Negative,"Dùng thành ngữ 'không có lửa sao có khói' và quy chụp 'do ăn ở' để mỉa mai và khẳng định việc hãng/xe bị nhiều người chỉ trích (anti) là hoàn toàn có lý do, do chất lượng hoặc cách làm ăn kém cỏi",Negative
96,"ôi ko, bán qua Mỹ ko bán được thì giá nó mới rẻ, chứ chỉ phục vụ thị trường nội địa rồi lại kể một câu chuyện hay, kêu gọi yêu nước xây dựng uy tín rồi áp đặt mức giá cao lên dân mình à",Ironic,Negative,Dùng giọng điệu mỉa mai để chỉ trích chiến lược định giá xe quá cao ở thị trường trong nước và việc lợi dụng tinh thần yêu nước để bán hàng thay vì năng lực cạnh tranh thực tế,Negative
97,Đi rồi mà vẫn còn vớt vát mấy câu vf3,Ironic,Negative,"Sử dụng từ ngữ mang tính mỉa mai 'vớt vát' để chỉ việc cố gắng bào chữa hay gỡ gạc lại uy tín cho dòng xe VF3 một cách yếu ớt, ngầm chê bai chiếc xe có nhiều khuyết điểm hoặc thực tế trải nghiệm không như kỳ vọng.",Negative
98,Cũng đúng còn anti là còn fan,Fact-implied,Positive,"Câu nói sử dụng quan niệm 'còn anti là còn fan' để ngầm bênh vực và khẳng định sức hút của chiếc xe/thương hiệu, coi những ý kiến trái chiều hay sự chê bai chỉ là bằng chứng cho thấy sản phẩm vẫn đang nhận được rất nhiều sự quan tâm.",Positive
99,Có thằng làm trạm sạc cho BYD sạc ké thì Vìn chỉ có chạy Taxi chứ ko lại dc đâu . Sẽ đến lúc A Vượng được công nhận làm dc xe thì a ý sẽ dừng vì lỗ hoặc lãi quá ít . Mục đích của a ý cũng để khẳng định bản thân thôi .,Fact-implied,Negative,"Người nói hạ thấp khả năng cạnh tranh của VinFast khi cho rằng xe chỉ phù hợp làm taxi nếu mất lợi thế độc quyền trạm sạc, đồng thời nhận định việc làm xe là không hiệu quả về kinh tế và sẽ sớm bị dừng lại do thua lỗ",Negative
100,"Cạnh tranh ở thị trường tự do như Mỹ khó lắm. Bên đó đầy hãng xe điện. Lỗ biết bao nhiêu tỉ rồi. Thôi về ao làng mà câu, ít cá nhưng toàn cá con, ko có cá mập.",Metaphorical,Positive,Việc nhắc đến khoản thua lỗ hàng tỉ đô tại thị trường Mỹ và dùng từ ngữ mỉa mai 'về ao làng' ngầm chê bai năng lực cạnh tranh yếu kém cùng chiến lược toàn cầu hóa thất bại của hãng xe.,Negative
101,Vừa rồi Vinfast mở cửa nhà máy. Một dây chuyền sản xuất nhiều kiểu xe của Vinfast là có thật. Và Vinfast là 1 trong số rất ít nhà máy ô tô trên thế giới có được dây chuyền như vậy. Vì họ đầu tư đồng bộ công nghệ mới nhất. Cụ tài thật nhỉ?,Fact-implied,Positive,"Đoạn văn khẳng định thực tế về quy mô và công nghệ hiện đại của nhà máy VinFast (dây chuyền sản xuất linh hoạt, đầu tư công nghệ mới nhất thuộc top đầu thế giới), qua đó thể hiện sự nể phục và đánh giá cao năng lực sản xuất của hãng xe",Positive
102,Ngon nhưng lỗ nặng. Marketing vậy đủ rồi,Ironic,Negative,"Cụm từ này khen ngợi chất lượng xe (""Ngon"") nhưng ngay lập tức đối lập với việc thua lỗ tài chính đáng kể (""lỗ nặng""), ngụ ý rằng xe bị khấu hao mạnh hoặc chi phí sở hữu cao. Bình luận về tiếp thị (""Marketing vậy đủ rồi"") mang tính mỉa mai, cho thấy những nỗ lực quảng bá nhằm che đậy những nhược điểm về tài chính này. Nhìn chung, thái độ thể hiện sự chỉ trích đối với giá trị mà chiếc xe mang lại so với số tiền bỏ ra, mặc dù chất lượng của nó được công nhận.
",Negative
103,Các cụ tranh luận mà kiến thức uyên thâm quá! Em hóng thôi chứ ko có tiền mua xe điện hay xe vin phét!,Metaphorical,Negative,"Sử dụng từ ngữ biến tấu mang tính miệt thị 'vin phét' (hàm ý bốc phét, xạo) cùng thái độ mỉa mai ngầm thể hiện sự định kiến và đánh giá tiêu cực hướng đến thương hiệu xe VinFast/xe điện",Negative
104,con bắc kinh X7 nó cũng đầy hàng hiệu đấy. Chắc nó cũng ko phải xe tào. Tào theo kiểu làm đc mỗi cái lô gô dán vào thì là xe Việt. Quá đỉnh,Ironic,Negative,"Khen ngợi chiếc Beijing X7 có nhiều trang bị linh kiện chất lượng ('đầy hàng hiệu'), đồng thời sử dụng cách nói mỉa mai xe khác để đề cao giá trị và chất lượng của mẫu xe này ('Quá đỉnh')",Positive
105,E rằng còn lẩu còn lâu Pin còn chưa biết độ trâu thế nào Xe dù đã được bàn giao Khách đang thử nghiệm nháo nhào chưa xong Sạch xanh nghe cũng nức lòng Sợ 3 năm lại tiễn vong thêm lần...kkk,Ironic,Negative,"Đoạn thơ sử dụng giọng điệu mỉa mai, thể hiện sự hoài nghi về độ bền của pin và cho rằng khách hàng phải làm 'chuột bạch' cho sản phẩm chưa hoàn thiện, đồngzeitig ngầm dự đoán xe sẽ sớm bị 'khai tử' (tiễn vong) sau vài năm sử dụng.",Negative
106,"Kkk...sau 1 hồi cụ phán như đúng rồi , nào là R&D nào là công nghệ Mỹ... bla bla , cuối cùng vẫn lại câu : Có Thể có thị phần bên Tàu thôi à cụ ?",Ironic,Negative,"Dùng thái độ mỉa mai ('phán như đúng rồi', 'bla bla') để bác bỏ những lời tâng bốc về 'công nghệ Mỹ' hay 'R&D', từ đó thể hiện sự hoài nghi và hạ thấp giá trị thực tế cũng như tiềm năng cạnh tranh của dòng xe này",Negative
107,"Cụ cò không tiến ...kiêng khem Đừng hô hào giục anh em xuống tiền Toàn là : chắc sẽ ...lên tiên Bây giờ khách vẫn đảo điên test giùm PR quảng cáo ...bèng rum Hiện thời khách cổ đeo cùm thuê pin Cục pin chẳng khác khối mìn Bảo hiểm không có , cụ tin không nào ? Chắc là , chắc sẽ ...không sao Tinh thần mãnh liệt cứ ào ào ...mua ...kkk",Ironic,Negative,"Sử dụng vần thơ mang tính mỉa mai, đả kích chính sách thuê pin gò gập ('cổ đeo cùm'), chất lượng và độ an toàn của pin ('như khối mìn'), việc PR quá đà coi khách hàng như người 'test giùm' và chế giễu việc mua xe dựa trên khẩu hiệu 'tinh thần mãnh liệt'",Negative
108,"Chắc cũng còn phải nhập khẩu nhiều thứ nhưng chắc chắn là phần thân vỏ Lux A, SA, Fadil đều đang được dập ở Cát Hải đấy cụ ợ !",Fact-implied,Positive,"Mặc dù thừa nhận xe vẫn phải nhập khẩu một số linh kiện, người nói khẳng định chắc chắn phần thân vỏ quan trọng được sản xuất trực tiếp tại nhà máy Cát Hải (Việt Nam), ngầm thể hiện sự ghi nhận và đánh giá tích cực đối với năng lực sản xuất nội địa hóa của hãng xe.",Positive
109,"Bây giờ vở đã sang trang Chuyển sang xe điện, làm hàng sạch/ xanh Không còn xăng nhớt hôi tanh Chờ xem thắng lợi lưu danh toàn cầu",Ironic,Positive,"Dùng vần thơ ngợi ca việc chuyển đổi sang xe điện là bước tiến mới 'sạch và xanh', loại bỏ sự hôi tanh của xăng nhớt truyền thống, đồng thời thể hiện niềm tin và kỳ vọng lớn vào sự thành công trên thị trường toàn cầu.",Positive
110,"Cứ mua đừng có phân vân Người ta chắc sẽ tính phần bền lâu Pin thì chắc sẽ rất trâu Bảo hành bảo dưỡng đi lâu ngại gì Bà con hãy cứ mua đi Em ""cò không tiến"" thôi thì ... đứng xem kkk",Ironic,Negative,"Người nói khen ngợi độ bền, dung lượng pin và chính sách bảo hành của xe, đồng thời tích cực khuyên mọi người nên mua. Việc không mua xe chỉ là do tài chính cá nhân chưa đủ (dùng từ nói lái 'cò không tiến' nghĩa là 'tiền không có') chứ không phải do chê bai chất lượng xe.",Positive
111,"Phải phục đội nhà Vanh, nói sai nhiều thành đúng, vẫn nhiều cụ có niềm tin mãnh liệt là xe động cơ bê em đúp Đức sản xuất lắm, đi cái xe cứ sướng rần rần",Ironic,Negative,"Dùng giọng điệu mỉa mai ('phục', 'sướng rần rần') để chỉ trích việc truyền thông bóp méo sự thật về nguồn gốc động cơ BMW, qua đó gián tiếp chê bai chiếc xe bị thổi phồng giá trị và người mua bị dắt mũi bởi tâm lý đám đông",Negative
112,"Xe điện thì tháng 7 bàn giao được 62 chiếc mà ngồi đây khua môi múa mép không biết ngượng . Tên tuổi lớn đang chưa thể cấu trúc ngay mà doanh số 1 ngày đang hơn cả ông nói phét cả mấy tháng , không đỡ được",Ironic,Negative,"Người nói chỉ trích gay gắt doanh số bán hàng quá thấp (chỉ 62 chiếc trong tháng 7) và mỉa mai việc truyền thông/quảng cáo quá đà ('khua môi múa mép', 'nói phét') của hãng xe điện so với năng lực thực tế kém xa các hãng xe lớn.",Negative
113,Mart … bán Tivi … bứt Điện thoại … bẹp Đốt trong … bỏ …,Fact-implied,Negative,"Sử dụng lối nói mỉa mai, vần điệu để liệt kê một chuỗi các mảng kinh doanh bị đóng cửa hoặc bán đi (bao gồm cả xe động cơ đốt trong - xe xăng), nhằm thể hiện sự thiếu tin tưởng và chê trách tính thiếu ổn định, dễ từ bỏ sản phẩm của hãng xe",Negative
114,chính sách cố định giá trọn đời hẳn hoi tăng gì mà tăng. chờ người mua xe kiện xong rồi tăng,Ironic,Negative,"Phản ánh sự bất bình gay gắt đối với việc hãng xe vi phạm cam kết 'cố định giá trọn đời' khi tự ý tăng giá, đồng thời mỉa mai sự thiếu tôn trọng người tiêu dùng của hãng.",Negative
115,"Em nhà nghèo k ham hố mấy đồ này, mua con xe đắng đo lắm chứ k phải như mua đồ chơi cho con, 2-3 hôm nó k làm nữa mua món khác, mặc dầu yêu nc nhưng để mua đồ cùa Vin thì không thể không suy nghĩ, nhìn mấy cái đt, tivi, vaccine covid, gần đây xe chạy xăng nữa…không đùa được đâu.",Fact-implied,Negative,"Người nói liệt kê lại hàng loạt mảng sản phẩm bị Vin khai tử (điện thoại, TV, xe xăng...) để thể hiện sự e ngại, thiếu tin tưởng vào cam kết lâu dài và rủi ro ngưng hỗ trợ khi mua xe của hãng này",Negative
116,"Muốn nhận xe sớm thì cứ làm vài ba cái video xàm xàm up lên mạng, xong ra showroom đặt xe, nhận mình là reviewer có kênh diu túp, tích tốc các kiểu nha các bác Tuần sau là có xe liền Đằng sau ông quay phim có sẵn mấy chú Pờ Lít thì thằng nào dám chê",Ironic,Negative,"Sử dụng giọng điệu mỉa mai và châm biếm việc hãng/showroom phân biệt đối xử, ưu tiên giao xe cho reviewer cũng như dùng áp lực để dập tắt các ý kiến chê bai, ngầm thể hiện thái độ bất bình và tiêu cực đối với thương hiệu.",Negative
117,Ai chê cứ chê. Từ 1/5 giá cà rốt lại tăng 16 trẹo. Bà con bớt mua con này chứ giờ ra đường nhiều cứ như lợn con.,Ironic,Positive,"Dùng lối nói ngược khuyên mọi người 'bớt mua' vì xe chạy ngoài đường quá nhiều, ngầm thể hiện sự tự hào về doanh số bán chạy, sức hút lớn và độ phổ biến của dòng xe này bất chấp những lời chê bai hay tăng giá.",Positive
118,"ở tỉnh xe về chậm hơn phải ko cụ, trọng hội cross thấy mấy bác ở hn với đà nẵng nhận xe đăng ảnh khoe rầm rầm, e ở tỉnh sale báo từ giờ đến cuối tháng ko biết ngày nào @@",Fact-implied,Negative,"Người dùng thể hiện sự sốt ruột và phàn nàn về việc giao xe bị chậm trễ, thiếu lịch trình rõ ràng ở tỉnh so với các thành phố lớn.",Negative
119,Safety Sense nó làm cho loa của cụ...bất lực đó,Ironic,Negative,"Sử dụng từ 'bất lực' để ngầm chê trách hệ thống an toàn Safety Sense thường xuyên phát ra âm thanh cảnh báo can thiệp hoặc chèn ép hệ thống âm thanh giải trí trên xe, gây ra sự phiền đoái và khó chịu cho người dùng.",Negative
120,mấy xe đời mới nâng cấp mấy chức năng mà ít sài tới ở điều kiện giao thông VN mà phải móc tiền trả thêm cũng tiếc phải không các cụ,Rhetorical-question,Negative,"Dùng câu hỏi tu từ để ngầm chỉ trích việc các dòng xe đời mới bổ sung những tính năng không thực tế với giao thông Việt Nam nhưng lại làm tăng giá xe, thể hiện sự không hài lòng về chi phí đắt đỏ không tương xứng với giá trị sử dụng.",Negative
121,"hơi nhiều nhựa cụ nhỉ, e 26/10 này nhận xe mà vẫn thấy hơi nhựa",Fact-implied,Negative,"Phàn nàn về chất liệu hoàn thiện nội thất có quá nhiều chi tiết nhựa, tạo cảm giác rẻ tiền và kém sang trọng dù đã đặt mua và chuẩn bị nhận xe.",Negative
122,Chắc cách âm tốt nên ko cần loa to đấy cụ,Ironic,Negative,"Sử dụng câu mỉa mai để giải thích lý do loa xe quá nhỏ/yếu là do 'cách âm tốt', qua đó ngầm chê bai chất lượng hệ thống âm thanh kém cỏi của chiếc xe.",Negative
123,Cụ nào chán cross thì ới cháu. Cháu mua cho bà xã,Fact-implied,Positive,"Ngỏ ý tìm mua lại xe Toyota Cross cho người thân (bà xã) sử dụng, thể hiện sự tin tưởng và đánh giá cao chất lượng cũng như sự phù hợp của dòng xe này.",Positive
124,Vậy là dùng máy công nghệ lạc hậu chằng thêm viên pin 100 triệu “khó có vấn đề trong 5 năm đâu” vào để bán à máy cũ à? các xe hybrid khác không biết có thế không: camry hybrid hay lexus hybrid ý?,Rhetorical-question,Negative,"Sử dụng các cụm từ mang tính chỉ trích như 'máy công nghệ lạc hậu', 'máy cũ' cùng câu hỏi mỉa mai việc gắn thêm viên pin đắt tiền để bán giá cao, nhằm chê bai chiếc xe có chất lượng kém, công nghệ lỗi thời và không đáng tiền.",Negative
125,Fiesta cũ bán chắc 250 kịch 300 .rush 630 chưa biển . hơn gấp đôi mà gần đủ,Fact-implied,Negative,So sánh giá trị xe Toyota Rush với Ford Fiesta cũ để chỉ ra sự chênh lệch giá quá lớn (đắt hơn gấp đôi) nhưng chất lượng hoặc trải nghiệm đem lại không thực sự vượt trội hay tương xứng với số tiền bỏ ra,Negative
126,"Chân ga a khéo quá có 5,5lit/100km",Fact-implied,Positive,"Mức tiêu thụ nhiên liệu chỉ 5,5 lít/100km là con số rất ấn tượng, ngầm khen ngợi chiếc xe hoạt động cực kỳ tiết kiệm nhiên liệu.",Positive
127,Bản TRD đó đang được giảm 165tr đấy ạ. Còn hơn 1 tỷ à. a mua 1 chiếc về lấy bộ tem zin xịn dán cho Rush nhé,Ironic,Negative,"Sử dụng lời khuyên mỉa mai việc bỏ ra hơn 1 tỷ đồng mua cả chiếc xe chỉ để lấy bộ tem dán sang dòng xe khác (Rush), qua đó ngầm chê bai chiếc xe không có giá trị dụng võ tương xứng và mức giá quá hoang tưởng dù đã giảm khủng.",Negative
128,"XL7 là nâng cấp của Ertiga nên tốn tiền hơn kakaka, do đó khác gì Rush đâu Thế kỉ 21 từ đời nào zồi mà các cụ còn khen cái xe với 2 túi khí nhỉ Em tháo trần xe, cột A-B và ghế xe Rush ra thì thấy nó có cả túi khí ở trong luôn, đánh giá là xe Toyota đã vượt lên tầm cao mới hoàn toàn khác.",Ironic,Negative,"Bằng cách chỉ trích các dòng xe khác chỉ có 2 túi khí là lạc hậu, người viết đánh giá rất cao mẫu xe Toyota Rush khi tận mắt kiểm tra và phát hiện xe được trang bị hệ thống túi khí dày đặc (ở trần, cột A-B, ghế), từ đó khen ngợi Toyota đã nâng tầm chất lượng và độ an toàn.",Positive
129,"Đặc điểm của xe có thiết kế body on frame đấy cụ. Lại thêm cái hệ thống treo thiết kế có hơi hướng off road, cộng với gầm cao nữa, thì đi tròng trành là phải. Thế nhưng nó lại chỉ có 1 cầu Kể ra nó mà 2 cầu thì lại là một xe off road nhẹ rất hay.",Fact-implied,Negative,"Người nói chỉ ra sự bất hợp lý trong cấu hình xe: chấp nhận nhược điểm đi tròng trành của khung gầm body-on-frame và treo off-road nhưng lại chỉ có 1 cầu, khiến xe không thể off-road thực sự. Điều này ngầm thể hiện sự chê bai và thất vọng về thiết kế 'nửa mùa' của chiếc xe.",Negative
130,"Đúng rùi cụ, Toyota phải quảng cáo là mua tem khuyến mãi xe đê",Metaphorical,Negative,"Dùng lối nói mỉa mai 'mua tem tặng xe' để ngầm chê bai xe Toyota có giá trị thực tế thấp, nghèo trang bị, người mua chủ yếu phải trả tiền cho logo/thương hiệu chứ không phải chất lượng chiếc xe",Negative
131,"Đi nhẹ, nói khẽ, cười duyên vẫn là phẩm chất tốt mà cụ to xác mà nốc có hơn 6l/100km thì đòi hỏi gì hơn, tổng quãng đường cỡ 1200km hết 1,3tr A95 thôi ợ",Fact-implied,Positive,"Sử dụng lối nói ẩn dụ 'đi nhẹ, nói khẽ' để khen xe vận hành êm ái, đồng thời khen ngầm khả năng tiết kiệm nhiên liệu vượt trội của chiếc xe kích thước lớn ('to xác' nhưng chỉ tốn hơn 6l/100km). Câu hỏi tu từ 'thì đòi hỏi gì hơn' thể hiện sự hài lòng tuyệt đối của người dùng.",Positive
132,"Xpander hôm trc e ngồi đc 8 ng 7 valy xách tay + 1 kiện 20kg ra sân bay cụ ợ rẻ hơn ỉn 30 hay 40k gì đấy. Thế ỉn mới chết. Đc tài mới mua xe gặp đúng dịch đói 8 tháng, còn chưa biết xếp ng và hàng ntn để lên đc hết.",Fact-implied,Positive,"Việc chia sẻ trải nghiệm xe Xpander chở được tới 8 người cùng rất nhiều hành lý ra sân bay với mức giá rẻ hơn Innova ngầm khen ngợi không gian nội thất vô cùng rộng rãi, khả năng tải ấn tượng và tính kinh tế vượt trội của chiếc xe.",Positive
133,nhanh hơn tí mà dc gì nhỉ,Rhetorical-question,Negative,"Dùng câu hỏi tu từ để hạ thấp và phủ nhận giá trị của việc tăng tốc nhanh hơn một chút, ngầm chê bai rằng ưu điểm này không mang lại lợi ích thực tế hoặc không đáng để đánh đổi.",Negative
134,Vậy bác phải đọc thêm xem toy thay đổi những gì khá nhiều đấy.,Fact-implied,Positive,"Lời khuyên người khác nên cập nhật thông tin cho thấy người nói đang bênh vực và khẳng định hãng xe (Toyota) đã có nhiều cải tiến, thay đổi tích cực đáng kể, thể hiện sự đánh giá cao đối với dòng xe.",Positive
135,"Sedona cạnh tranh với Sienna & Odyssey, Innova tuổi gì mà giống Sedona.",Metaphorical,Negative,"Phát ngôn khẳng định Kia Sedona ở phân khúc cao cấp ngang tầm với Sienna và Odyssey, đồng thời dùng khẩu ngữ 'tuổi gì' đối với Innova để thể hiện sự đề cao vượt trội về đẳng cấp và chất lượng của Sedona.",Positive
136,"Mối dòng xe đánh vào 1 phân khúc riêng, ở SG e thấy Sedona chạy đầy đường.",Fact-implied,Positive,"Việc nêu thực tế xe Sedona 'chạy đầy đường' ở TP.HCM ngầm khẳng định đây là mẫu xe rất phổ biến, được đông đảo người tiêu dùng tin tưởng lựa chọn và đón nhận tích cực trong phân khúc.",Positive
137,Lắm ông cứ ác cảm chứ cả tụi Hàn sống ở VN cũng đầy thằng đi xe Nhật. Lên BD gặp tụi Tây đi Phò bỉm NN ko ít,Fact-implied,Positive,"Tác giả phản bác định kiến tiêu cực của một số người bằng cách chỉ ra rằng ngay cả người Hàn Quốc hay người Tây sống tại Việt Nam cũng tin dùng xe Nhật (cụ thể là Fortuner - Phò), từ đó ngầm khẳng định chất lượng, sức hút và độ uy tín của dòng xe này.",Positive
138,Fotuner cảm tưởng như chạy dịch vụ chứ gia đình chạy trong thành phố thỉnh thoảng đi phượt ai chạy xe ấy . trừ đi tỉnh nhiều,Fact-implied,Negative,"Đánh giá chiếc xe Fortuner chỉ phù hợp làm xe chạy dịch vụ hoặc đi đường tỉnh, không thích hợp cho gia đình sử dụng trong phố hay đi phượt, ngầm chê xe thô ráp và thiếu sự tiện nghi, tinh tế dành cho cá nhân/gia đình",Negative
139,Tai bác thính thế. Em thấy đi nhanh chỉ còn tiếng gió.,Metaphorical,Positive,"Câu nói ngầm phản bác lời chê bai về tiếng ồn bằng cách khẳng định xe cách âm động cơ và khung gầm rất tốt khi đi tốc độ cao, đến mức chỉ còn nghe thấy tiếng gió ngoài vỏ xe",Positive
140,Nếu để phục vụ gia đình thì cứ máy xăng mà chơi thôi ạ,Fact-implied,Positive,"Lời khuyên chọn xe máy xăng cho gia đình ngầm đề cao tính êm ái, không gây mùi khó chịu và sự thoải mái mà dòng động cơ này mang lại cho người sử dụng.",Positive
141,Xe này chạy xăng thì uống như uống bia,Metaphorical,Negative,"Dùng hình ảnh so sánh 'uống như uống bia' để ẩn dụ cho việc xe tiêu thụ nhiên liệu quá nhiều, ngầm chê bai khả năng tiết kiệm xăng rất kém của chiếc xe",Negative
142,"55tr/12 tháng ~ 4.6tr/tháng=1,15 tr/tuần vị chi gần tuần cụ đổ đầy bình 1 lần? cũng nhanh phết. em 2 tuần 1 bình thấy nhẹ tênh, chạy = nửa cụ.",Rhetorical-question,Negative,"Tính toán chi phí nhiên liệu ngốn gần 1,15 triệu/tuần và nhận xét 'cũng nhanh phết' để ngầm chê chiếc xe ngốn xăng, làm tốn kém chi phí vận hành cho người dùng",Negative
143,Hàng 3 thì chắc tầm tiền đấy xe nào cũng như nhau luôn. Muốn ngồi dc chắc chỉ lên Land to chứ Pra cũng ko hơn nhiều.,Fact-implied,Negative,"Ý kiến ngầm bênh vực và bào chữa cho kích thước hàng ghế thứ ba của chiếc xe bằng việc khẳng định đây là hạn chế chung của mọi xe trong cùng phân khúc giá, đồng thời cho rằng muốn rộng rãi hơn hẳn thì phải nâng cấp lên những dòng xe cao cấp đắt tiền hơn nhiều.",Positive
144,"Xe dầu đời mới bây giờ công nghệ Euro bốn rồi, nếu các bác dung dầu Do 0.001s  thì không có mùi gì giống hệt máy xăng.",Fact-implied,Positive,"Khen ngợi công nghệ xe dầu đời mới (Euro 4) khi sử dụng đúng nhiên liệu sẽ khắc phục hoàn toàn nhược điểm mùi hôi đặc trưng, mang lại trải nghiệm sạch sẽ và dễ chịu như xe máy xăng",Positive
145,"ù là đặc trưng muôn thuở của innova và fortuner xăng rồi cụ, ko giải quyết dc, nhất là những lúc cụ ép số nhiều nữa. e đi fortuner V 2009, e đã sống chung với ù gần chục năm nay rồi",Fact-implied,Negative,"Chỉ ra nhược điểm cố hữu về tiếng ù cabin trên các dòng xe Innova và Fortuner máy xăng là không thể khắc phục, đồng thời thể hiện sự ngán ngẩm khi người dùng buộc phải chấp nhận 'sống chung' với lỗi gây khó chịu này trong thời gian dài.",Negative
146,"các cụ so hàng 3 với fortuner thì phải là land cruiser, mấy con sedona, v class, turneo tuổi gì...",Fact-implied,Positive,"Dùng khẩu ngữ (""tuổi gì..."") để hạ thấp các dòng xe MPV rộng rãi nổi tiếng như Sedona, V-Class hay Tourneo, từ đó khen ngợi cực đại và đề cao không gian hàng ghế thứ 3 của Fortuner chỉ có thể so sánh với Land Cruiser",Positive
147,"Dầu vẫn có tiếng re re, chỉ là khi đi chậm tiếng nó lào xào, nhanh thì tròn tua hơn chút",Fact-implied,Negative,"Câu nói miêu tả tiếng ồn động cơ (tiếng re re, lào xào khi đi chậm) vẫn chưa được khắc phục triệt để và chỉ đỡ hơn một chút khi chạy nhanh, ngầm thể hiện sự không hài lòng về độ êm ái và khả năng cách âm của xe.",Negative
148,"E có 10 năm đi máy dầu nên lên xe dầu là e nghe biết liền, xe nào khác chứ fortuner nó cứ gào rú. Dầu êm thì êm chứ chưa đên đẳng cấp xăng được. Còn chuyện tiết kiệm thì vô địch rồi",Fact-implied,Negative,"Dù thừa nhận xe máy dầu có ưu điểm tiết kiệm nhiên liệu, người nói trực tiếp chê bai Fortuner vì động cơ gào rú, ồn ào và kém êm ái so với các dòng xe khác",Negative
149,"bản 2.4 có thay đổi gì đâu nhỉ , chắc xe mới cảm giác thế thôi",Rhetorical-question,Negative,"Nhận xét ngầm phủ nhận sự cải tiến của phiên bản mới (bản 2.4), cho rằng xe không có nâng cấp gì đáng giá và bất kỳ cảm giác tốt hơn nào chỉ là do yếu tố tâm lý 'xe mới'.",Negative
150,"chỉ có 2.8 mới cải tiến thôi bác, nhưng đó là trên quảng cáo . Tâm lý xe mới thôi chứ  2.4 chỉ thêm option, tay lái nhẹ hơn chút ,động cơ ko thay đổi, chắc chắn sẽ là bản chủ lực",Fact-implied,Negative,"Người nói tỏ ra hoài nghi về những cải tiến được quảng cáo trên bản 2.8 và đánh giá phiên bản 2.4 thay đổi quá ít, không có sự nâng cấp đột phá về động cơ, ngầm thể hiện sự thất vọng với dòng xe mới.",Negative
151,Thế cụ đưa thử xem con xe nào cùng phân khúc mà hàng 3 hơn phò tủn vậy ợ?,Rhetorical-question,Positive,"Dùng câu hỏi thách thức để ngầm khẳng định hàng ghế thứ 3 của dòng xe này (Fortuner) là rộng rãi và tốt nhất trong phân khúc, không đối thủ nào có thể vượt qua",Positive
152,đúng như cụ nói ạ ! máy công nông chính hiêu mà !,Metaphorical,Negative,"Việc so sánh động cơ chiếc xe với 'máy công nông' ngầm chê bai xe vận hành quá ồn ào, rung lắc mạnh, thô ráp và thiếu sự êm ái, tinh tế.",Negative
153,"Doanh số con MG5 này trên Thế Giới 6 tháng đầu năm 2022 là 99K xe. Rất cao đó, mà thương hiệu này VN k có chuộng, ai mua cũng can đảm lắm.",Fact-implied,Negative,"Dù ghi nhận doanh số xe ở thị trường quốc tế cao, việc nhận xét thương hiệu không được chuộng tại Việt Nam và cho rằng 'ai mua cũng can đảm lắm' ngầm thể hiện sự hoài nghi, chê bai chiếc xe chứa đựng nhiều rủi ro và không đáng mua.",Negative
154,"Bạn có tiền thì bạn cứ trải nghiệm, người đủ tiền sẽ có quyết định khác. Như xe Vin khen nhiều lắm nhiều hơn chê mà còn "" bỏ con giữa chợ"".  Xe phố thì được, xe cày dùng lâu thiếu tự tin lắm.",Metaphorical,Negative,"Người nói thể hiện sự thiếu tin tưởng vào độ bền và tính ổn định lâu dài của xe ('dùng lâu thiếu tự tin'), đồng thời chỉ trích thương hiệu thiếu cam kết dài hạn với sản phẩm ('bỏ con giữa chợ') và cho rằng những người mua khôn ngoan sẽ không lựa chọn dòng xe này.",Negative
155,"nó gắn cái logo brit dynamic lên xe để claim công nghệ Anh đó nói từ công nghệ thì cũng vô chừng, nó quảng cáo không sai, có chút công nghệ Anh là đúng rồi, còn công nghệ cụ thể gì thì chịu",Ironic,Negative,"Sử dụng giọng điệu mỉa mai về việc hãng xe gắn logo để lập lờ thông tin 'công nghệ Anh', chê bai quảng cáo mập mờ, thiếu thực chất và không minh bạch về công nghệ thực sự trên xe",Negative
156,Xe Tàu bẩn 99.99% còn tí nào của Anh Quốc. Thế mà quảng cáo chỗ nào cũng phải trương cái cờ Anh quốc to tướng để lùa gà. Đúng là lùa được khối gà tưởng xe Anh giá rẻ,Metaphorical,Negative,"Sử dụng các từ ngữ nặng nề ('Xe Tàu bẩn', 'lùa gà') để chỉ trích hãng xe giả mạo thương hiệu Anh Quốc nhằm lừa dối khách hàng, qua đó thể hiện sự chê bai gay gắt về nguồn gốc và chất lượng của chiếc xe",Negative
157,Ngu ngu như mình thì cứ hiểu thế này cho lành. Xe đúng Anh thì ko rẻ mà xe rẻ thì chả phải của Anh ..kkk,Ironic,Negative,"Sử dụng cách nói tự trào và so sánh mỉa mai để vạch trần sự lập lờ về nguồn gốc, ngầm chê bai chiếc xe mượn danh thương hiệu Anh Quốc chứ thực chất là xe giá rẻ không đúng giá trị thực",Negative
158,bóng hồng ơi bóng hồng... con xe tới Asean Ncap còn ko đạt mà vẫn có người mua đc. Tài thật,Fact-implied,Negative,Sử dụng giọng điệu mỉa mai ('tài thật') để chê bai chất lượng và độ an toàn kém cỏi của chiếc xe khi không đạt tiêu chuẩn đánh giá an toàn ASEAN NCAP nhưng vẫn có người xuống tiền mua.,Negative
159,"Quá ngon nếu mua xe kèm em [USERNAME], mua 600 về bán xe lại 300 rồi xài em [USERNAME] cỡ 5 năm thì tính ra quá hời. Chứ cưỡi bạn MG này lỡ lên cỡ 80÷120km/h mà nó bị lỗi khóa vô lăng bất tử thì xác định đi gặp tổ tiên.",Ironic,Negative,"Người nói dùng cách nói mỉa mai về việc bán tháo xe chịu lỗ một nửa giá và trực tiếp chỉ trích mối nguy hiểm chết người từ lỗi khóa vô lăng ở tốc độ cao, qua đó thể hiện sự chê bai gay gắt và mất niềm tin vào độ an toàn của chiếc xe MG",Negative
160,"Bài viết đáng tin vì có xe, biển số và chủ xe. Chủ xe nói: ""Thương hiệu Trung Quốc nhưng công nghệ vẫn của Anh và lắp ráp ở Thái Lan, ..."" hình như chưa đúng chỗ công nghệ vẫn của Anh. Theo tôi, chỉ có 2 chữ cái M và G là xuất xứ từ Anh. Còn công nghệ là TQ",Fact-implied,Negative,"Phản bác lại tuyên bố xe dùng công nghệ Anh và bóc trần việc xe thực chất hoàn toàn là công nghệ Trung Quốc mượn tên thương hiệu Anh, ngầm thể hiện sự hoài nghi và đánh giá thấp chất lượng cũng như giá trị thực của chiếc xe.",Negative
161,"Con này phụ nữ chạy là đúng bài vì nó cực an toàn. Mình đã có lần đèn đỏ sang xanh, chọn chế độ sport và đạp ga 1 nhát lút sàn nhưng xe thì.......bò lên từ từ",Ironic,Negative,"Dùng cách nói mỉa mai khen xe 'cực an toàn' để thực chất chê bai động cơ quá yếu và khả năng tăng tốc kém, dù đã bật chế độ Sport và đạp lút sàn nhưng xe vẫn chỉ 'bò lên từ từ'",Negative
162,"PR đồ tàu để làm gì nhỉ, ngon thì thiên hạ nhảy vô ầm ầm rồi haha",Ironic,Negative,"Dùng câu hỏi tu từ kết hợp với từ ngữ mỉa mai ('đồ tàu') và tiếng cười nhạo ('haha') để cho rằng chiếc xe không tốt như quảng cáo, ngầm chê bai chất lượng và sự đón nhận của thị trường đối với sản phẩm",Negative
163,Con này mà xài máy 1.5 thì mới làm trùm đc. Máy 1.0 đạp ga kêu như máy cày!,Metaphorical,Negative,"So sánh tiếng động cơ 1.0L khi tăng tốc 'kêu như máy cày' để chê bai sự ồn ào, thiếu êm ái, đồng thời ngầm đánh giá sức mạnh động cơ hiện tại chưa đủ tốt để cạnh tranh",Negative
164,"Ghế nỉ thì bằng ghế da, vỏ mỏng là để hấp thụ lực, kiến thức xe cộ cao siêu qá !?!? Các NSX xe Đức Mỹ nên cắp cặp sang học tập, xe gì mà vỏ dày cộp.",Ironic,Negative,"Sử dụng giọng điệu mỉa mai, châm biếm sâu sắc ('kiến thức cao siêu', khuyên các hãng xe Đức Mỹ 'cắp cặp sang học tập') để chê bai chiếc xe có trang bị nghèo nàn (ghế nỉ) và thân vỏ quá mỏng, kém an toàn.",Negative
165,Bắp tay to thế kia thì dù vô lăng không có trợ lực cũng trở thành nhẹ.,Ironic,Negative,"Dùng cách nói mỉa mai về lực tay của người lái ('bắp tay to') để ngầm chê bai vô lăng xe quá nặng, thiếu hệ thống trợ lực tốt khiến việc điều khiển xe trở nên vất vả",Negative
166,"Bác chủ xe cứ cầm thử 1 tờ giấy in khổ A4 và 1 tờ bìa cũng khổ A4 để trước quạt máy xem tờ nào rung nhiều hơn. Vỏ đã mỏng, trọng lượng nhẹ, đóng 128km/h mà vẫn đầm, có đầm vào mắt.",Ironic,Negative,"Dùng hình ảnh so sánh tờ giấy A4 trước quạt và từ ngữ mỉa mai ('đầm vào mắt') để chê thân vỏ xe quá mỏng, trọng lượng nhẹ và bác bỏ hoàn toàn ý kiến cho rằng xe chạy đầm chắc ở tốc độ cao.",Negative
167,Daihatsu trá hình mà ảnh tả như cam Mỹ kk,Ironic,Negative,"Dùng sự mỉa mai để chê bai chiếc xe thực chất chỉ là dòng xe giá rẻ mang nền tảng Daihatsu nhưng lại được tâng bốc, thổi phồng chất lượng như xe cao cấp (Camry Mỹ)",Negative
168,Câu kinh điển của sale xe nhật. Thế quái nào có mỗi kĩ sư bên nhật áp dụng kinh nghiệm này vào thiết kế xe nhỉ?,Rhetorical-question,Negative,"Dùng câu hỏi tu từ mang tính mỉa mai ('Thế quái nào...') để giễu cợt lý do bào chữa của sale xe Nhật, từ đó ngầm chê bai thiết kế của xe Nhật là lạc hậu hoặc vô lý chứ không phải ưu điểm vượt trội như quảng cáo.",Negative
169,"Nhìn mẹt và tay ảnh, là biết đang Phê chữ ê kéo dài",Metaphorical,Positive,Dùng cụm từ lóng 'Phê chữ ê kéo dài' qua quan sát nét mặt và tư thế của người lái để thể hiện sự phấn khích và vô cùng hài lòng với trải nghiệm chiếc xe,Positive
170,Con xe cỏ mà anh [USERNAME] tâng lên mây là chít,Metaphorical,Negative,"Sử dụng từ ngữ coi thường 'xe cỏ' và chỉ trích việc khen ngợi thổi phồng ('tâng lên mây là chít') để gián tiếp chê bai chất lượng thực tế của chiếc xe là kém cỏi, không xứng đáng với những lời quảng cáo hay tung hô",Negative
171,"Uh đúng rồi bác, con Raize của anh ấy còn đầm chắc hơn cả con xe tăng Abrams của Mỹ nữa kìa, chứ nói gì đến con Elantra của em",Ironic,Negative,"Sử dụng lối nói mỉa mai và so sánh quá đà chiếc xe SUV hạng A cỡ nhỏ (Raize) với xe tăng để giễu cợt sự tâng bốc vô lý, ngầm chê bai thực tế xe không hề đầm chắc.",Negative
172,"mém xíu là anh cũng có bàn tay vàng trong làng bốc biển rồi đó, [LICENSE PLATE]",Fact-implied,Positive,"Sử dụng lối nói đùa vui vẻ về việc suýt chút nữa đã bốc được biển số xe rất đẹp ('bàn tay vàng'), thể hiện cảm xúc hào hứng, phấn khởi và hài lòng trong trải nghiệm sở hữu chiếc xe mới",Positive
173,xe Hàn bồng bềnh thì có gì lạ đâu bạn,Fact-implied,Negative,"Coi đặc tính 'bồng bềnh' (kém ổn định, dễ gây lắc lư say xe) là chuyện đương nhiên, qua đó ngầm chê bai chất lượng khung gầm và hệ thống treo của xe Hàn.",Negative
174,"Nó làm tôn mỏng lét để tiết kiệm chi phí, chứ giảm trọng lượng với hấp thụ lực tốt cái nổi gì. Các dòng xe cao cấp họ làm xe vỏ dày cui, chắc hấp thụ lực kém khi xảy ra va chạm nhỉ Mà raize dạo này ế lắm hả các bác?",Ironic,Negative,"Chê bai gay gắt chất lượng thân vỏ xe mỏng dính do cắt giảm chi phí sản xuất, mỉa mai lý do 'hấp thụ lực' của hãng và đề cập đến việc xe bán ế.",Negative
175,"Hóng 3-5 năm sau, 1 bác khách nào đó review về bảo hành bảo dưỡng mấy xe li - mít - tịt này.",Ironic,Negative,"Sử dụng cách gọi mỉa mai 'li - mít - tịt' cùng thái độ hoài nghi về dịch vụ hậu mãi sau 3-5 năm để ngầm chê bai độ bền, sự thiếu hụt phụ tùng và chất lượng bảo hành kém của dòng xe này trong tương lai.",Negative
176,"Tóm lại là limited hay là xe collection ? thuộc hàng hiếm (cả châu âu , thế giới cũng không có) hay là hàng ..nửa chừng xuân ? phiên bản ...giới hạn như chủ thớt ... ?",Rhetorical-question,Negative,"Sử dụng các câu hỏi tu từ mang tính mỉa mai và hoài nghi để giễu cợt việc tống bốc chiếc xe là 'hiếm' hay 'sưu tầm', ngầm chê bai chiếc xe chỉ là hàng nửa vời, kém chất lượng và không có giá trị như quảng cáo",Negative
177,"Ông bạn gần nhà nôn nao chờ bảng nâng cấp Lux A, hy vọng sẽ hoàn thiện và tốt hơn bản hiện tại. Đùng cái không sản xuất nữa, thế là thanh niên phải chạy đi tìm mua LUX A hahahahaha",Ironic,Negative,"Việc người tiêu dùng vội vã chạy đi tìm mua ngay phiên bản Lux A hiện tại khi nghe tin ngừng sản xuất ngầm thể hiện sức hút lớn và giá trị của chiếc xe, cho thấy người dùng thực sự yêu thích và không muốn bỏ lỡ cơ hội sở hữu dòng xe này.",Positive
178,cái xe đã bỏ mẫu rồi còn đâm đầu mua làm gì,Rhetorical-question,Negative,"Sử dụng câu hỏi tu từ kèm cụm từ mang tính phê phán 'đâm đầu mua' để chỉ trích việc mua một chiếc xe đã bị khai tử (bỏ mẫu), ngầm đánh giá chiếc xe không còn đáng mua, dễ gặp rủi ro về phụ tùng và mất giá",Negative
179,"đứa e họ 9x của mình cũng rước em này, nó độ lại cái mâm nhìn đẹp. Nhưng không hiểu sao do xe nó hay toàn dòng này có cái cần gạt mưa kêu cục cục to ác, to hơn mấy con xe cỏ nhiều.",Fact-implied,Negative,"Dù đề cập đến việc bánh mâm độ lại nhìn đẹp, người nói sử dụng từ nối 'Nhưng' để tập trung chê bai nhược điểm cần gạt mưa kêu quá to, kém hơn cả những dòng xe rẻ tiền ('xe cỏ'), thể hiện sự không hài lòng về độ hoàn thiện của xe.",Negative
180,Bác ko hiểu rồi mazda 3 bán toàn thế giới và bán hàng triệu xe nên các hãng OEM bên Tung Của sẽ sản xuất linh kiện cho nó trong khi Vin chỉ bán ở việt nam khoảng 20.000 xe thì hãng OEM nào dám đầu tư dây chuyền sản xuất linh kiện cho Vin. Khả dĩ nhất là mang linh kiện BMW lắp vào nhưng đắt gấp 10 lần bác dám lắp ko?,Rhetorical-question,Negative,"Tác giả chỉ ra nhược điểm của xe VinFast do sản lượng thấp nên không có linh kiện OEM giá rẻ, dẫn đến chi phí thay thế phụ tùng đắt đỏ (phải dùng đồ BMW gấp 10 lần tiền), ngầm chê chi phí sử dụng và sửa chữa xe VinFast không hợp lý.",Negative
181,"Anh thấy mệt ko? khi mình anh chống lại bọn ko có tinh thần yêu nước ? Con xe chết thẳng cẳng rồi. Em chạy dream nha nên ko phải bọn chạy xe cỏ nên em comment được . Đừng nói 10 năm tới chỉ 3-5 năm nữa là biết ai khóc liền ah, bọn xe cỏ sẽ lên xe sang còn Lux SA mang lên thái nguyên bán phế liệu vì ko có linh kiện sửa chữa giống như điện thoại Vin mang làm cục chặn giấy  hiện nay thôi",Rhetorical-question,Negative,"Người viết sử dụng các từ ngữ mỉa mai và tiêu cực ('chết thẳng cẳng', 'bán phế liệu', 'cục chặn giấy') để chê bai dòng xe Lux SA, dự đoán xe sẽ nhanh hỏng hóc và không có linh kiện thay thế trong tương lai ngắn.",Negative
182,"Con xe đầu đời lúc nào chả ngon bác nhể , nhưng em muốn 3 năm sau bác chủ xe cho nhận xét thì chắc chính xác hơn. Mà thôi em phắn đây lớ ngớ bị xóa nick kaka.",Ironic,Negative,"Người viết mỉa mai yếu tố tâm lý 'xe đầu đời' để ngầm thể hiện sự nghi ngờ về độ bền và chất lượng lâu dài của chiếc xe, đồng thời cho rằng các đánh giá khen ngợi hiện tại là thiếu khách quan.",Negative
183,"Xe Vin chẳng may vỡ đèn, bác lấy hàng BMW qua thay ?",Rhetorical-question,Negative,"Câu hỏi ngầm khẳng định xe VinFast sử dụng chung nền tảng và có đẳng cấp, chất lượng linh kiện tương đồng với thương hiệu xe sang BMW, qua đó thể hiện sự đánh giá cao đối với chiếc xe",Positive
184,"Nếu a có nhiều tiền hoặc chiếc xe chạy suốt đời thì ko phải bàn,, còn vài năm mà đổi xe mà chiếc đang chạy bán lại giá rẻ mạt thì chua cho chủ ít tiền lắm,, đại gia ko bàn",Fact-implied,Negative,"Phản ánh thực tế xe bị trượt giá rất nặng ('bán lại giá rẻ mạt'), gây thiệt hại tài chính lớn ('chua') cho người dùng bình thường khi có nhu cầu đổi xe sau vài năm sử dụng",Negative
185,1.1 lấy CRV theo số đông cho chắc. Lấy em này lại mắc công nhận huy chương dũng cảm.,Metaphorical,Negative,"Dùng câu nói mỉa mai 'mắc công nhận huy chương dũng cảm' để ám chỉ việc mua chiếc xe này là một lựa chọn nhiều rủi ro, không đáng tin cậy và thua kém so với đối thủ (CR-V) trong cùng tầm giá 1,1 tỷ.",Negative
186,"Việt Nam mình thì khác gì Thái, ngoài SG HN DN ra thì có chỗ nào giàu? Du lịch + khách sạn phát triển là kết quả cuối của chuỗi vận hành kinh tế + giao thông, sao lại đưa nó lên surface. GDP mình bằng có 1 nửa của Thái à (245 bil vs 502 bil), nhìn con số là biết. Một con xe doanh số top ở 1 đất nước gấp đôi GDP của mình thì bác nghĩ nó hợp lý hay vô lý?",Rhetorical-question,Negative,"Dùng lập luận so sánh quy mô kinh tế (GDP Thái Lan gấp đôi Việt Nam) để ngầm khẳng định thành công và chất lượng của chiếc xe là hoàn toàn thuyết phục, đáng tin cậy khi đã đứng top doanh số ở một thị trường phát triển hơn",Positive
187,Nội thất em thấy cải lương quá các bác ạ.,Metaphorical,Negative,"Từ 'cải lương' được dùng theo nghĩa lóng để nhận xét thiết kế nội thất rườm rà, sến súa và thiếu tinh tế, thể hiện sự chê bai về mặt thẩm mỹ của chiếc xe.",Negative
188,"Mua cho gia đình dùng và vì thích thì nó khác, chứ cứ nghĩ đến chuyện bán lại thì suốt ngày bị mấy thằng Hàn Nhật o ép với mấy cái option trời ơi",Fact-implied,Negative,"Người nói ngầm khẳng định giá trị thực sự của chiếc xe (phục vụ gia đình và sở thích cá nhân) và chỉ trích tâm lý mua xe chỉ lo bán lại hoặc bị thu hút bởi các tính năng bề nổi ('option trời ơi') của xe Hàn/Nhật, qua đó thể hiện thái độ ủng hộ và hài lòng với sự lựa chọn chiếc xe này.",Positive
189,"Mỗi lần review con xe Hán Nô nào là fan Hán Nô vào tâng lên tận mây xanh, nào là ăn đứt Santafe, CRV không có cửa, CX5 xách dép,… chắc chỉ có xe Đức như GLC hay X3 mới so sánh được. Không biết được bao anh fan Hán Nô sẵn sàng mua hay chi dám khen các anh cảm tử quân khác.",Metaphorical,Negative,"Sử dụng ngôn từ mỉa mai ('fan Hán Nô', 'tâng lên tận mây xanh') và gọi người mua xe là 'cảm tử quân' để chế giễu việc thổi phồng chất lượng xe Trung Quốc, ngầm chê bai xe có chất lượng kém, thiếu tin cậy và chỉ mang tính lý thuyết chứ không đáng bỏ tiền mua",Negative
190,[LICENSE PLATE] không chừng vài bữa có con Logo Mer biển số y chang chạy ngoài đường!,Ironic,Positive,Dùng cách nói mỉa mai về hiện tượng nhân bản biển số giả (mẹ bế con) để ngầm hoài nghi về nguồn gốc pháp lý mập mờ và sự thiếu minh bạch của chiếc xe,Negative
191,nếu ko cá tính chả ai đi mua chiếc này cả tỉ,Ironic,Negative,"Câu nói hàm ý chê chiếc xe có định giá quá cao (cả tỷ đồng) và không mang lại giá trị tương xứng với số đông, cho rằng chỉ những ai thích sự khác biệt hoặc kỳ dị mới đưa ra lựa chọn mua xe này.",Negative
192,"Saic là quá to luôn chứ, nó là thằng nắm quyền sản xuất Wolkwagen , giá trị của nó chắc lớn hơn Vingroup cỡ 10 lần. xe thì e ko bàn, vì e ko đi xe Tàu, hoặc xe tàu đội lốt “ngoại quốc”",Fact-implied,Negative,"Người nói thừa nhận quy mô lớn của tập đoàn SAIC nhưng ngầm thể hiện sự chê bai, định kiến và từ chối dòng xe này bằng cụm từ mỉa mai 'xe Tàu đội lốt ngoại quốc' cùng lời khẳng định không bao giờ sử dụng.",Negative
193,"hay... Bộ Công Thương nên chỉnh sửa luật theo hướng, các cty muốn bán xe ở VN phải có đủ đk sửa chữa, và phụ tùng thay thế, tối thiểu 10 từ lúc dừng bán sản phẩm cuối cùng thì sẽ tránh được TH như LuxGen và các hãng xe tàu bán nhan nhản ở các tỉnh thành phía bắc",Fact-implied,Negative,"Đề xuất chính sách siết chặt quy định hậu mãi nhằm 'tránh' trường hợp như xe LuxGen và xe Trung Quốc, ngầm chỉ trích các dòng xe này thiếu linh kiện thay thế, dịch vụ sửa chữa kém và bỏ rơi người tiêu dùng sau khi bán.",Negative
194,"Cái này bác chủ đi bọc rồi bác ơi, bác đã thấy cái vô lăng nó ngoài đời thực chưa?",Rhetorical-question,Negative,"Người nói đang bảo vệ thiết kế nguyên bản của chiếc xe bằng cách đính chính rằng vô lăng trong hình đã được chủ xe bọc thêm, đồng thời ngầm khẳng định vô lăng thực tế ngoài đời của xe không xấu như đánh giá phiến diện của người khác.",Positive
195,Liệu sau này MG có trở thành 1 e Luxgen nữa không các bác?bán được vài năm rồi rút lui ko chào hỏi thượng đế luôn!!!,Rhetorical-question,Negative,"Dùng việc so sánh MG với Luxgen (hãng xe từng rút khỏi thị trường Việt Nam và bỏ rơi khách hàng) để thể hiện sự hoài nghi, thiếu tin tưởng vào cam kết lâu dài và dịch vụ hậu mãi của thương hiệu này.",Negative
196,"Quan trọng khi kg bán được xe như kỳ vọng, nó rút về thì sửa xe ở đâu? Xe TQ vào VN cữ 10 năm rồi nhưng có hãng nào tồn tại đâu.",Rhetorical-question,Negative,"Dùng câu hỏi hoài nghi về khả năng bảo dưỡng và dẫn chứng về lịch sử thất bại của các hãng xe Trung Quốc tại Việt Nam để thể hiện sự thiếu tin tưởng vào sự tồn tại lâu dài của hãng, cảnh báo rủi ro về dịch vụ hậu mãi đối với người mua.",Negative
197,"tưởng 500-600tr... tầm này thì mua Vinfast vừa yêu nước, vừa an toàn... 6-12 tháng sau nó quất ngựa truy phong khỏi VN thì lại có bài...",Metaphorical,Negative,Dùng lời mỉa mai về mức giá và cảnh báo rủi ro hãng xe sẽ sớm rời bỏ thị trường Việt Nam ('quất ngựa truy phong') để thể hiện sự chê bai và thiếu tin tưởng vào sản phẩm.,Negative
198,sau 1 vài lần đưa vô hãng để sửa chữa những lỗi vặt vãnh... sẽ thay đổi ngay cách suy nghĩ...,Fact-implied,Negative,"Ám chỉ việc xe gặp nhiều lỗi vặt phải đưa đi sửa chữa nhiều lần, gây phiền phức và làm người dùng vỡ mộng, lập tức thay đổi đánh giá ban đầu về chiếc xe.",Negative
199,"Úi giời anh quan tâm rì đám đi xe hèn nhụt với xe 2b ở đây, mình có tiền mình chơi, chục năm.nữa xe này chạy đầy đường VN thì mấy người kia biết nói rì cho ngầu",Ironic,Positive,"Người nói bênh vực chiếc xe và thể hiện sự tự tin lớn vào lựa chọn của mình, đồng thời khẳng định giá trị và dự đoán dòng xe này sẽ rất phổ biến trong tương lai bất chấp những lời chê bai.",Positive
200,"Có điều kiện hẳn thì chả ai bỏ hơn tỷ mua con xe tàu, ít nhất  cũng phải GLC250 hoặc 300 mà thẳng tiến",Fact-implied,Negative,"Sử dụng sự so sánh với các dòng xe sang (GLC250, GLC300) để ngầm hạ thấp giá trị và thương hiệu của chiếc xe Trung Quốc, khẳng định việc bỏ ra hơn 1 tỷ mua chiếc xe này là không xứng đáng.",Negative
201,ít tiền thì chịu thôi chứ người nhiều tiền người ta mua xe hàn xe nhật rồi,Ironic,Negative,"Câu nói thể hiện sự chê bai ngầm, ám chỉ chiếc xe đang được nhắc tới có chất lượng kém và chỉ là lựa chọn bất đắc dĩ do thiếu hụt tài chính ('ít tiền thì chịu'), còn người có điều kiện sẽ chọn các thương hiệu uy tín hơn.",Negative
202,"Có đâu mà review vì đi được 2-3 năm mình là chủ xe chắc tâm thần vì bị ảnh hưởng tâm lý lấy con xe ra đi uống cafe thì dòm dòm chỉ trỏ: anh ơi xe hãng gì đẹp dữ anh Xe mg em ạ Mg hãng mỹ hả anh Ko em tàu em ạ. rồi dắt xe ra đi làm, đi về quê, đi nhậu câu chuyện trên tiếp diễn .... xong cảm tưởng chịu hết nổi dán mẹ cái bảng lên kính xe: xe tàu hỏi lằn hỏi lốn xong đc 2-3 năm dư chút mua con toy chạy cho đỡ nhức đầu tiện hỏi luôn anh em trên hội: anh [USERNAME] mấy bữa nay ko chạy Bắc kinh x7 nữa ạ?? Thấy mới review sau 10v cây thì phải",Ironic,Negative,"Tác giả chia sẻ trải nghiệm áp lực, phiền phức khi sử dụng xe MG (thương hiệu Trung Quốc) do thường xuyên gặp định kiến và câu hỏi mỉa mai từ những người xung quanh, dẫn đến việc phải bán xe đổi sang Toyota cho 'đỡ nhức đầu'. Điều này thể hiện sự ngán ngẩm và đánh giá tiêu cực về trải nghiệm sở hữu dòng xe này.",Negative
203,"Xe này ở VN đi khá nhiều, show Nissan giờ chuyển đổi 1 phần qua bán MG rùi",Fact-implied,Positive,"Việc các showroom của hãng phải chuyển đổi một phần sang bán thương hiệu khác (MG) ngầm phản ánh tình hình kinh doanh kém hiệu quả, lượng xe tiêu thụ chậm và sự suy giảm vị thế của hãng tại thị trường Việt Nam.",Negative
204,"Bạn có thấy bài nào đánh giá xe TQ sau 5 năm sd, trên 100k km chưa? Riêng mình thì chưa! Thật thì mình cũng hóng để đánh giá 1 cách công bằng nhưng chưa thấy. Còn các kiểu review chỉ vài trăm vài K km thì chấp luôn mọi xe...hầu như thằng nào cũng như thằng nào khi cùng Level.",Rhetorical-question,Negative,"Người viết đặt nghi vấn về độ bền dài hạn của xe Trung Quốc khi chỉ ra sự thiếu vắng các bài đánh giá sau 5 năm hoặc 100.000 km, đồng thời phủ nhận giá trị của các bài review ngắn hạn, từ đó ngầm thể hiện sự hoài nghi và thiếu tin tưởng vào chất lượng lâu dài của dòng xe này.",Negative
205,"Xe lên vòng tua 2000 có gì mà sợ, mà xét nét nhỉ? Xin lỗi chứ xe em máy yếu, em đạp 3000 thì em cũng ko thấy vấn đề gì. Người ta thiết kế 7-800 mình đi 2-3000 thì có sao đâu. Mà nói chung em ko mua xe trung quốc, đồ điện tử trong nhà cũng hiếm có đồ trung quốc. Nhưng cho thì em nhận.",Fact-implied,Negative,"Tác giả giải thích việc vòng tua máy cao là bình thường, nhưng sau đó lại thể hiện thái độ kỳ thị và từ chối mua xe Trung Quốc (khẳng định không mua, chỉ nhận nếu được cho), ngầm thể hiện sự thiếu tin tưởng và đánh giá thấp dòng xe này.",Negative
206,"Nể bác chủ thớt, vận động bà cả cho mua xe TQ, lại còn trực tiếp nhận xe",Ironic,Negative,"Sử dụng từ 'nể' mang sắc thái mỉa mai, ngầm thể hiện định kiến tiêu cực và sự hoài nghi về chất lượng của xe Trung Quốc, coi việc mua và nhận dòng xe này là một quyết định mạo hiểm, liều lĩnh.",Negative
207,"Mua 1 xe tặng 20 liều vaccine phai dơ, mồ đế nà thì các anh có mua ko ?",Rhetorical-question,Negative,"Dùng câu hỏi mỉa mai về chính sách khuyến mãi phi thực tế (tặng vắc-xin) để ngầm chê bai chiếc xe kém hấp dẫn, khó bán và không đáng mua nếu không có các ưu đãi bất thường",Negative
208,"Khiếp quá, trên xe mà nghe ọt ẹt làm mình nghĩ ngay tới con đau bụng do đại tràng co thắt",Metaphorical,Negative,Dùng so sánh mỉa mai giữa tiếng động lạ 'ọt ẹt' trên xe với tiếng đau bụng đại tràng để thể hiện sự khó chịu và chê bai độ hoàn thiện nội thất cũng như khả năng cách âm kém của chiếc xe,Negative
209,"Vấn đề VN là thị trường thứ cấp ko quan trọng với nó nên nó vậy. Giống như Toyota VN vậy, bán nồi đồng cối đá mãi kkk",Metaphorical,Negative,"Sử dụng từ 'vấn đề' và so sánh mỉa mai với Toyota VN để chê bai hãng xe coi thường thị trường Việt Nam, chỉ lo bán các mẫu xe cắt giảm option, công nghệ lạc hậu ('nồi đồng cối đá') thay vì mang về sản phẩm chất lượng tốt hơn",Negative
210,Ráng công khai đi rùi không biết bị gõ mấy chục phần trăm taxiiiii chưa kể truy phạt. Đủ no đòn đấy. Tô thì một là vi ốc hai là chị cẩm. Dở dở khúc giữa không thầy cũng chẳng thợ.,Metaphorical,Negative,"Sử dụng các từ ngữ mỉa mai ('dở dở khúc giữa', 'không thầy cũng chẳng thợ') để chê bai phân khúc xe tầm trung của Toyota ('Tô') là nửa vời, kém hấp dẫn và không đáng mua so với hai cực giá rẻ (Vios) hoặc phân khúc cao hơn (Camry).",Negative
211,Maz 3 có cửa để so Altis đời này à?,Rhetorical-question,Negative,"Dùng câu hỏi tu từ kết hợp khẩu ngữ 'có cửa... à' để phủ nhận hoàn toàn khả năng của Mazda 3, ngầm chê bai chiếc xe này thua kém hơn hẳn so với Toyota Altis.",Negative
212,"Nói cho quá ko biết mắc cỡ! Con xe xăng nào mà sáng nổ máy, tối về làm phiền hàng xóm vậy ??? Con xe xăng cùi bắp của Tôi, sáng nổ máy đứng gần mà nhiều khi còn ko biết Nó đang nổ máy. Nhiều lúc Nó nổ rồi, đi vào nhà quên mất ra còn nhấn Start lần nữa!",Rhetorical-question,Positive,"Sử dụng lối nói mỉa mai, tự hạ thấp ('xe cùi bắp') kết hợp với hình ảnh nói quá (đứng gần không biết xe nổ máy, bấm nút Start 2 lần) để ngầm khen ngợi động cơ xe vận hành cực kỳ êm ái, cách âm tốt và không hề gây tiếng ồn.",Positive
213,nhìn cái cần số là hết muốn chạy rồi,Fact-implied,Negative,"Việc sử dụng cụm từ 'hết muốn chạy' ngay khi nhìn thấy cần số ngầm chê bai thiết kế hoặc thẩm mỹ của bộ phận này quá xấu, gây mất cảm hứng lái xe và thể hiện sự thất vọng rõ rệt.",Negative
214,"thêm cái hộp số CVT chỉ có các nước kém phát triển sài mà mấy thằng rừng rú, ăn cám xú cám heo như mày vẫn thẩm du hàng ngày đó. Con bò",Metaphorical,Negative,"Sử dụng ngôn từ miệt thị gay gắt để chê bai hộp số CVT là công nghệ kém chất lượng, lạc hậu (chỉ dành cho các nước kém phát triển), qua đó thể hiện thái độ chê bai và phủ nhận hoàn toàn giá trị của chiếc xe.",Negative
215,"mấy thằng trâu trẻ làm quá lên đó mà, em mới đổi con madaz 3 2022 nổ chả nghe thấy gì khi vào hẻm",Fact-implied,Positive,Người nói bác bỏ ý kiến chê bai của người khác và chia sẻ trải nghiệm thực tế để khen ngầm xe Mazda 3 2022 có động cơ vận hành cực kỳ êm ái và khả năng cách âm tốt ('nổ chả nghe thấy gì'),Positive
216,"Có gì mà ko có cửa hehe, năm sau Nissan và Subaru nhập thêm sedan cỡ C về bán cùng thì còn nhiều lựa chọn xe Nhật nữa",Fact-implied,Positive,"Người nói phản bác quan điểm cho rằng xe không có khả năng cạnh tranh ('ko có cửa'), đồng thời thể hiện sự lạc quan và kỳ vọng tích cực vào thị trường khi sắp có thêm nhiều lựa chọn sedan cỡ C chất lượng từ các hãng xe Nhật.",Positive
217,"Đấy là góc nhìn của số ít thôi. Chứ ngoài đường mazda 3 chạy nhiều hơn altis đấy, khoản tiền chênh lệch ~ 100tr do altis bán giá niêm yết cao hơn đó để mà đổ xăng và bảo dưỡng được 5 năm rồi đổi xe đấy =))",Fact-implied,Negative,"Dùng lập luận về sự phổ biến thực tế của Mazda 3 ngoài đường và phân tích bài toán kinh tế (tiết kiệm được 100 triệu đủ nuôi xe trong 5 năm) để ngầm đề cao Mazda 3 là sự lựa chọn hợp lý, kinh tế và đáng mua hơn.",Positive
218,Gạ thì phải Civic type R 300hp gạ với porsche già  10-15 năm tuổi,Fact-implied,Negative,Việc đề xuất đưa Honda Civic Type R 300 mã lực ra so kè với một thương hiệu xe thể thao hạng sang như Porsche (dù đã qua 10-15 năm tuổi) ngầm khen ngợi hiệu năng vận hành mạnh mẽ và sức mạnh động cơ ấn tượng của Civic Type R.,Positive
219,Con mình ngồi lên nóc xe bị lún luôn. Ngồi vớ vẩn hỏng hết đấy.,Fact-implied,Negative,"Chi tiết con trẻ ngồi lên nóc xe đã bị lún ngầm chê bai chất lượng vỏ xe quá mỏng, kém bền bỉ và thiếu chắc chắn.",Negative
220,5 năm sau còn dùng còn này mới là ngon,Fact-implied,Negative,"Sử dụng quan điểm thử thách thời gian để ngầm thể hiện sự hoài nghi về độ bền và chất lượng dài hạn của xe, ám chỉ xe khó có thể giữ được chất lượng tốt hoặc vận hành ổn định sau 5 năm sử dụng.",Negative
221,"Gớm có cái chữ supported by mà hít hà mãi, chả có cái vẹo gì Động cơ sản xuất hoàn toàn bởi trung quốc nhé, ngon thế nào thì nhìn doanh số bên ấy ắt rõ",Fact-implied,Negative,"Dùng giọng điệu mỉa mai và trào phúng để phủ nhận giá trị của chiếc xe, đồng thời xoáy vào nguồn gốc động cơ Trung Quốc và doanh số kém để chê bai chất lượng sản phẩm",Negative
222,"Anh bạn này du học TQ . Về VN mua xe tàu chạy.  Chắc ko nhiều người như anh bạn đâu. Xe hơi tàu giờ này đang đi theo cách làm của xe máy Longcin, Hongda... trước đây",Fact-implied,Negative,"Việc so sánh ô tô Trung Quốc hiện tại với các hãng xe máy Tàu giá rẻ, kém chất lượng ngày xưa (Loncin, Hongda...) ngầm chỉ trích ô tô Trung Quốc thiếu độ bền, chất lượng kém và đi theo lối mòn chiến lược không bền vững.",Negative
223,"Bởi, bán giá đó mà còn làm giọng cha như ban ơn, còn canh đúng ngày đúng giờ thì nhảy một bậc giá như bậc lương! Buồn đi toilet quá. Nước mình mà có nhiều người công tâm nói thẳng nói thật như bác đây thì dân Việt đã đi xe nhà giá tốt, đã chả có nhập xe TQ và đã chả có cái thớt này!",Ironic,Negative,"Bình luận chỉ trích và mỉa mai thái độ bán hàng trịnh thượng, chính sách tăng giá liên tục của hãng xe nội địa, qua đó ngầm chê bai xe đắt đỏ và không mang lại giá trị xứng đáng cho người tiêu dùng.",Negative
224,"Em cũng mê Vinh Phát lắm, xe như BMW đẹp thật luôn, đã được chạy thử cũng phải nói là thậm chí không thua gà mẹ! Nhưng đến khi sale báo giá cái sedan đến 1.450 (hình như chưa lăn bánh) thì hỏi bác chứ còn tình yêu tình ái gì đây nữa. Mang tiếng làm ngay trong nước đấy! Rồi bảo do BMW, rồi đến giờ có bằng chứng rõ ràng là con Brilliance vác đúng từ Tàu qua, BMW cổ phần trong đó luôn, thì bán ở nước nó 500t kể như 22.000 đô đi. Vậy ví dụ như Vinfast là một hãng xe ở Đức, sản xuất theo BMW mà bán giá tại chính quốc Đức 60.000 đô thì có phải hài không. P/S: em chạy thử Brilliance V7 rồi, gần như y chang BMW X3, từ chạy đến nội thất, và cũng hơi hẹp ghế phía sau y hệt mấy chiếc BMW. Mua chạy có cái che nắng mưa mà cũng chả thua một chút nào mấy cái xe khác.",Rhetorical-question,Negative,"Dù ban đầu có khen ngợi về ngoại hình và cảm giác lái, nhưng mục đích chính của bài viết là thể hiện sự bức xúc, mỉa mai định giá quá cao và bất hợp lý của dòng xe VinFast so với giá trị thực tế cũng như so với các xe dùng chung nền tảng công nghệ.",Negative
225,"Thôi xong. Mọi người VN nhờ @Jan Saker thông não vố này thì 2 năm rõ 10 rồi. Cảm ơn bác nhé. Vậy thì giờ em hiểu rõ thắc mắc bấy lâu rồi: BMW nhượng cho Brilliance cái động cơ lừng danh N20 của nó mấy năm trước, rồi mấy năm sau Brilliance nhượng cái động cơ hàng BMW ấy cho hero Vinh Phát vác về và chế ra 2 ông thần được David Beckham khen lấy khen để.",Ironic,Negative,"Dùng giọng điệu mỉa mai và châm biếm ('hero Vinh Phát', 'chế ra 2 ông thần') để hạ thấp nguồn gốc công nghệ chiếc xe, ám chỉ xe chỉ sử dụng lại động cơ công nghệ cũ được chuyển giao lại từ nhiều bên chứ không đẳng cấp như quảng cáo truyền thông rầm rộ.",Negative
226,"Không bác, nếu nói đúng thì em xài xe Chevrolet đang thuộc nhà Vin nhé. Nhưng chắc chắn là em mua xe Tàu kia, chẳng qua giờ cọc hết rồi không mua được thôi. Kể như em đang ăn mứt của Tàu đi, nhưng chắc chắn vẫn đỡ hơn ăn mứt của Nhật Hàn Mỹ. Vì dù sao đều là mứt, mứt Tàu vẫn đỡ tốn kém hơn, còn tiền cho con cái được ăn bò bít tết rồi mai mốt nó trả thù Tàu bù lại cho em sau!",Metaphorical,Positive,"Người nói thể hiện sự tiếc nuối vì không mua được chiếc xe Trung Quốc, đồng thời khẳng định đánh giá cao xe Trung Quốc nhờ lợi thế vượt trội về mặt kinh tế (đỡ tốn kém) so với các dòng xe Nhật, Hàn, Mỹ.",Positive
227,"Hì, đồng ý. Nếu bác nào nói đừng ủng hộ hàng tàu nữa thì có thể nói là muộn màng vì hàng tàu đã xâm nhập toàn bộ nước Việt Nam này rồi, các bác sẽ không có đồ để dùng nếu quyết tâm bài trừ hàng tàu. Ở nơi em ở sống bằng du lịch,Co Vy làm tàu nó không qua giờ thất nghiệp cả lũ, đói meo mốc ở nhà . Nếu có bác quyết định mua con xe tàu theo em nghĩ đó là quyết định của bác ấy vì để đi tới quyết định bỏ 800tr mua con xe  tàu thì phải đấu tranh tư tưởng lắm đây, phải chịu nhiều rủi ro , mua về nếu nó hắt hơi hay sổ mũi thì cũng khổ tâm lắm vì gia đình sẽ trách ""Đã bảo đừng mua con xe này rồi."". Nhớ hồi trước ai cũng chạy theo điện thoại xịn như iphone thì em cũng chỉ nhẹ nhàng mua cho em 1 chiếc điện thoại tàu rẻ vì hư thì bỏ, còn riêng bỏ 800tr để mua xe tàu thì em phục vì em không thể có được dũng khí đó. Thôi thì sướng hay khổ bác ấy chịu, em chỉ nhắc nhẹ là tại sao mấy con như Zoyte Baic Brilliance doanh số lại lẹt đẹt trên sân nhà, tại sao xe máy ở VN không có xe máy tàu nào mà chỉ toàn là Honda Yamaha",Rhetorical-question,Negative,"Người viết sử dụng giọng điệu mỉa mai ('phục dũng khí') và đưa ra nhiều rủi ro về độ bền ('hắt hơi sổ mũi'), sự phản đối từ gia đình, cùng các dẫn chứng thực tế như sự thất bại của xe máy Tàu tại Việt Nam và doanh số kém cỏi của các hãng xe này ngay tại thị trường nội địa để thể hiện sự hoài nghi và chê bai việc bỏ ra 800 triệu mua xe Tàu.",Negative
228,"Ta nói có 2 vấn đề kg nên tranh cãi vì nó kg bao giờ đi đến hồi kết, đó là chính trị và tôn giáo. Chuyện thích tàu hay bài tàu là quan điểm cá nhân của mỗi ng. ng van minh thì nêu ra ý kiến của mình và biết tôn trọng ý kiến ng khác. Không nên đả kích người ta chỉ vì ng ta kg cùng quan điẻm với mình. Nhưng nói gì nói, tụi tây lông hay nước nào đó nó sài hàng tàu thì kệ cha nó vì nó ở xa tàu lắm lắm. Còn mình đây sát nách nó và có hơn 1000 năm đau thương thì nên biết làm thế nào có lợi cho đất nước mình. Còn làm thế nào thì lại tuỳ thuộc vào kiến thức, đạo đức và cả sự tiếp thu giáo dục của từng ng nữa.",Fact-implied,Negative,"Dù viện dẫn sự tôn trọng quan điểm cá nhân, người viết ngầm thể hiện thái độ tẩy chay xe/hàng Trung Quốc bằng cách viện dẫn yếu tố địa chính trị và lịch sử đau thương, đồng thời gắn việc hạn chế mua đồ Tàu với lòng yêu nước và nhận thức.",Negative
229,"Xóm tôi có nhiều nhà, nhưng nổi nhất có 2 nhà. 1 nhà giàu sang quý tộc từ xưa, 1 nhà giàu mới nổi kiểu trưởng giả học làm sang. Cả 2 nhà đều bán bánh mỳ. Cái nhà mới nổi sát vách nhà tôi tối ngày dành đất sân trước và kiếm chuyện với nhà tôi suốt. Họp tổ khu phố nhà giàu quý tộc nêu ý kiến về chuyện dẹp chó chạy rông ỉa đái khắp nơi nhưng thằng cạnh tôi nó cứ nói ngược lại nhà quý tộc mặc kệ khu phố dơ bẩn. Thằng con nhà nó qua sân nhà tôi đánh con tôi bể đầu mà tôi hèn quá kg dám nói nó 1 tiếng. Nó biết vậy nên chõ mõm qua chửi tôi kg biết dạy để con tôi húc vào con nó. Vậy mà con tôi có đứa vẫn thích mua bánh mỳ nhà nhó ăn. Con tôi nói vì bánh mỳ nhà nó giống y bánh mỳ nhà quý tộc nhưng dc cái rẻ hơn. Tôi chửi mẹ mày ngu vừa thôi, có ngày nó cho thuốc độc vô bánh cho cả nhà này chết để nó thoải mái qua nhà này ở mà kg phải mang tiếng chiếm cái sân đằng trước.",Metaphorical,Negative,"Sử dụng lối nói ẩn dụ về nhà 'trưởng giả học làm sang' chuyên nhái bánh mì của nhà 'quý tộc' để mỉa mai và chỉ trích gay gắt một hãng xe mới nổi (thường chỉ các thương hiệu nhái thiết kế xe sang), cảnh báo về chất lượng kém và độ an toàn không đảm bảo.",Negative
230,Ông này đang có kế hoạch bán xe. Leo đèo mà máy 2.4 của Mit mà đuối thì chịu.,Ironic,Positive,"Sử dụng cách nói mỉa mai 'thì chịu' đối với người đánh giá, ngầm khẳng định động cơ 2.4L của Mitsubishi vốn rất khỏe khi leo đèo và việc chê xe bị đuối là hoàn toàn vô lý.",Positive
231,"Mua con xe Thaco vừa tạo việc làm trong nước, vừa khỏi làm giàu cho Tàu",Fact-implied,Positive,Việc nhấn mạnh các lợi ích như tạo việc làm trong nước và hỗ trợ thương hiệu nội địa ngầm thể hiện thái độ ủng hộ và khuyến khích mọi người mua xe Thaco.,Positive
232,"Bác có hiểu gì không? Ai kêu bác phải mua xe Vinfast, có đủ khả năng thì thử nghiệm Vinfast, không đủ thì mua xe Hàn xe Nhật. Rõ ràng bác nói cái xe che mưa che nắng, chẳng lẽ không có chiếc xe hơi nào rẻ hơn mấy cái xe Tàu đó hả? Bác muốn hỏi có tội với đất nước hay không thì tự nghĩ xem bác có thằng hàng xóm chuyên ức hiếp bác thì bác có bỏ tiền mua đồ của nhà nó không dù nó bán rẻ hơn chỗ khác.",Rhetorical-question,Negative,Người nói đang lên tiếng bênh vực thương hiệu VinFast và phản đối việc mua xe Trung Quốc. Việc khẳng định nếu có đủ khả năng thì nên trải nghiệm xe VinFast cùng lập luận mang tính lòng yêu nước thể hiện thái độ ủng hộ và đánh giá tích cực đối với xe VinFast,Positive
233,"Bác nói được vậy thì với tình hình hiện tại, nhấn mạnh là hiện tại bây giờ ngay lúc này chứ không phải chuyện quá khứ, là có nên mua xe Tàu không. Góc nhìn chung của cả nước chứ không phải của cá nhân em nhé bác, nhưng thời nào cũng vậy, luôn có 1 bộ phận vì tiền hoặc lợi ích cá nhân mà bất chấp tự tôn dân tộc.",Fact-implied,Negative,"Sử dụng lập luận chỉ trích việc mua hoặc cổ xúy xe Tàu là 'bất chấp tự tôn dân tộc' vì lợi ích cá nhân, qua đó ngầm thể hiện thái độ bài trừ và quan điểm rất tiêu cực đối với dòng xe này.",Negative
234,"Chả muốn nói, bác tự hiểu biết thêm quan điểm làm gia công dễ, thương hiệu xây dựng mới khó. Mấy đồ rẻ tiền công nghê thấp thương hiệu Tàu không đáng bận tâm, nhưng xe hơi là công nghệ cao, thương hiệu một hãng xe là thành tựu chục năm trăm năm. Mua xe THƯƠNG HIỆU Tàu là góp 1 viên gạch để nó xây thương hiệu của nó trên đất VN.",Fact-implied,Negative,"Người viết ngầm chỉ trích và tẩy chay việc mua xe hơi thương hiệu Trung Quốc khi cho rằng các thương hiệu này thiếu bề dày lịch sử công nghệ, đồng thời cảnh báo việc mua xe Tàu là tiếp tay cho thương hiệu ngoại phát triển tại Việt Nam",Negative
235,Người biết chuyện sẽ biết lựa món mà mua chứ không phải thấy rẻ là đâm đầu vô bất chấp nhé bác.,Fact-implied,Negative,Dùng lời khuyên về việc người dùng thông thái không nên ham rẻ để ngầm cảnh báo và chê bai chất lượng/độ tin cậy của chiếc xe rất kém dù có mức giá rẻ,Negative
236,"Đồ rẻ tiền ok vì nó không tạo ra giá trị công nghệ nào cho bọn Tàu, còn xe hơi là câu chuyện công nghệ cao của nền công nghiệp định hướng giá trị mỗi quốc gia, đi cùng hệ thống cung ứng sâu rộng, thương hiệu mạnh sẽ quyết định chuỗi cung ứng ở đâu, cũng như tiền thu về để cải tiến và nghiên cứu vật liệu, động cơ, điện tử, phần mềm và cả thiết kế. Chưa kể phản hồi từ người dùng là cơ sở để cải thiện sản phẩm. Bác hiểu rồi chứ?",Fact-implied,Negative,"Dùng lập luận về giá trị công nghệ và sự phát triển công nghiệp quốc gia để phân tích, từ đó ngầm phản đối và thể hiện thái độ tiêu cực đối với việc lựa chọn/ủng hộ các dòng xe hơi đến từ Trung Quốc.",Negative
237,"Nói mãi nhiều bác không hiểu, kinh tế chính trị luôn đi chung với nhau, cái nào bất đắc dĩ và rẻ tiền thì mua đồ TQ (vì có mua nhiều cỡ nào nó cũng chỉ giúp TQ là công xương của thế giới), còn cái nào có nhiều lựa chọn khác, đồ cao cấp công nghệ cao (như xe hơi) thì mắc gì phải mua đồ của bọn Tàu để bọn nó phát triển thành trùm công nghệ. Vì sao Huyndai được như bây giờ, vì người Hàn họ chấp nhận mua xe Hàn dù chất lượng bèo hơn ở thời kì đầu. Cái lý nào để người Việt mua xe Tàu để bọn Tàu mạnh hơn. Xe Tàu bán rẻ vì nó bán mắc không ai mua, còn số tiền các bác thấy rẻ hơn là tụi nó dùng để mua con người các bác đó. Nó mua cái lòng tự tôn để các bác Chạy xe Tàu bị người khác nói này nói nọ vẫn dày mặt bảo “xe rẻ” thì mua thôi bất chấp tụi nó làm đủ trò ác ôn với nước mình.",Fact-implied,Negative,"Tác giả thể hiện quan điểm phản đối gay gắt và bài trừ xe Trung Quốc, cho rằng xe Tàu có giá rẻ chỉ vì không bán đắt được cho ai, đồng thời chỉ trích việc mua xe Tàu là làm mất lòng tự tôn dân tộc.",Negative
238,"Cái thằng Tàu cần không phải là lắp xe cho Nhật Mỹ Đức Hàn, mà tụi nó muốn xây dựng thương hiệu xe của riêng nó, dân nó ủng hộ thì không nói, dân Việt mà cũng ủng hộ mới đáng nói.",Fact-implied,Negative,"Câu nói sử dụng sắc thái mỉa mai, phê phán việc người tiêu dùng Việt Nam ủng hộ xe Trung Quốc, qua đó ngầm thể hiện sự định kiến và đánh giá tiêu cực đối với chất lượng cũng như giá trị của các thương hiệu xe Tàu.",Negative
239,"Mình không có tiền nhưng mình biết nó như điện thoại từ TQ, tính năng gì cũng vô đối mà 1-2 năm là móp mép giờ!",Fact-implied,Negative,"So sánh chiếc xe với các sản phẩm điện thoại Trung Quốc để ngầm mỉa mai độ bền và chất lượng hoàn thiện kém, xe sẽ nhanh chóng xuống cấp và tàn tạ chỉ sau 1-2 năm sử dụng dù sở hữu nhiều option/tính năng.",Negative
240,Pin có bao nhiêu watt đâu mà chạy hoài. Pin dùng khi depart là chủ yếu.... thui. Thay thế cho ideling máy xăng thui....,Fact-implied,Negative,"Dùng các từ ngữ xem nhẹ ('có bao nhiêu... đâu', 'chủ yếu... thui') để hạ thấp dung lượng và vai trò của hệ thống pin trên xe, ngầm đánh giá công nghệ này yếu kém, ít tác dụng và không mang lại giá trị thực tế.",Negative
241,"Tuổi thọ pin phụ thuộc vào số lần của chu kỳ nạp xả. Xả hết nạp lại đầy...mà nhiều lần trong thời gian ngắn đi trong phố do hay dừng. Thì pin mau chết...nên bảo hành 3 năm, chứ Toy dại gì 10_năm. Còn ở mẽo pin xe lai thọ hơn vì, quảng đường dài, ít dừng...chu ky nạp xả ít hơn. Toy nó biết rỏ hành vi tiêu dùng mỗi xứ. Nên chỉ có dại mà tâng bốc quá đáng thui...hè hè..",Fact-implied,Negative,"Người viết giải thích việc pin xe hybrid mau hỏng khi đi trong phố ở Việt Nam và mỉa mai chính sách bảo hành ngắn (3 năm so với 10 năm ở Mỹ) của Toyota, từ đó chê bai những người tâng bốc chất lượng pin và xe của hãng này.",Negative
242,"Đi đường dài, thì biết rỏ hè.",Ironic,Negative,"Câu nói sử dụng trải nghiệm thực tế 'đi đường dài' để ngầm khẳng định giá trị vượt trội của chiếc xe (sự đầm chắc, cảm giác lái tốt và độ êm ái không gây mệt mỏi) mà khi đi phố ngắn không thể thấy rõ hết được.",Positive
243,"Xe cỏ em chắc nó gian lận quá hè, Sg_CĐ 500 km, mà chưa tới 25l....",Fact-implied,Positive,Dùng từ ngữ đùa giỡn 'gian lận' để ngầm khen ngợi khả năng tiết kiệm nhiên liệu tuyệt vời của chiếc xe khi di chuyển quãng đường dài 500 km mà tiêu thụ chưa đến 25 lít xăng (trung bình dưới 5L/100km).,Positive
244,"Đã bảo gùi...vịt chạy đồng thì xài cỡ đó, chỉ vậy thui là chúng thần tượng gùi hè hè",Metaphorical,Negative,"Sử dụng ẩn dụ 'vịt chạy đồng' và giọng điệu mỉa mai ('chỉ vậy thui', 'thần tượng gùi') để chê bai chiếc xe thuộc phân khúc bình dân/kém chất lượng nhưng vẫn được nhiều người dễ dắt và tung hô quá đà.",Negative
245,Chưa ai kịp vào chê thì cụ phán cái phủ đầu!!!,Ironic,Positive,"Thao tác chỉ ra việc người khác phải vội vàng 'phủ đầu' trước khi bị chê mang tính mỉa mai, ngầm khẳng định chiếc xe có nhiều điểm yếu hoặc chất lượng kém đến mức luôn bị cộng đồng chờ chê bai",Negative
246,"Nó còn ăn xăng hơn bình thường ấy chứ bác ( 1.8 chắc phải ăn bằng 2.5), vì nó còn phải lai máy phát điện nạp cho cái cục pin hybrid to tướng kia nữa bác.",Metaphorical,Negative,"Dùng phép so sánh phóng đại việc động cơ 1.8L tiêu thụ nhiên liệu ngang với động cơ 2.5L để chê bai khả năng tiết kiệm nhiên liệu kém, đồng thời mỉa mai hệ thống hybrid phản tác dụng làm xe ngốn xăng hơn.",Negative
247,"Sau hành trình 800km, thấy hiển thị trên đồng hồ thường là 3,3l/100km.",Fact-implied,Positive,"Mức tiêu thụ nhiên liệu 3,3l/100km sau hành trình dài 800km là một con số rất thấp đối với xe ô tô, ngầm khen ngợi chiếc xe có khả năng tiết kiệm nhiên liệu vượt trội.",Positive
248,"Xăng tăng giá 3 lít/100km, quá đã cho 1 cuộc tình!",Ironic,Positive,"Dù đề cập đến bối cảnh giá xăng tăng, việc xe chỉ tiêu thụ vỏn vẹn 3 lít/100km cùng cảm xúc 'quá đã' thể hiện sự vô cùng hài lòng và khen ngợi khả năng tiết kiệm nhiên liệu vượt trội của chiếc xe.",Positive
249,nhưng bác phải đổ xăng thì động cơ điện này mới làm việc đc,Fact-implied,Negative,"Câu nói chỉ ra hạn chế của xe (thường là dòng xe hybrid/e-Power), ngầm mỉa mai hoặc chê bai việc quảng cáo động cơ điện nhưng thực chất xe vẫn phụ thuộc hoàn toàn vào việc đốt nhiên liệu xăng để vận hành chứ không phải xe thuần điện.",Negative
250,"Hôm qua chính thức được ngồi Cross HV đi tỉnh, cả đi cả về tầm 3 tiếng. Nói chung đi xong thì xác nhận lại luôn là xe này chỉ dành cho fan Toyota chính hiệu, kiểu kết hơn kết bồ nhí ngực nở mông to ấy. Ra giấy hơn 1 tỏi to. Đi thì thấy đồng hồ báo 4,1L/100km, ngồi nhẩm thì đi cỡ 200-300k km mới hồi vốn tiền xăng chưa kể thay pin. Trừ xe dịch vụ thì ai chạy 1 năm 20k km là nhiều rồi, như vậy tầm 10 năm hồi vốn tiền xăng. Vẫn chốt lại nếu mua Cross thì mua bản thấp nhất là hợp lý, chứ bản này thì ạ.",Fact-implied,Negative,"Người dùng phân tích tính kinh tế của xe Cross HV, cho rằng mức giá hơn 1 tỷ là quá cao và mất tới 10 năm mới hoàn vốn tiền xăng (chưa tính phí thay pin), từ đó chê xe không đáng giá so với số tiền bỏ ra và chỉ dành cho fan cuồng thương hiệu.",Negative
251,Sao ko bảo hành cục pin 10 năm cho dân tin tưởng để xuống tiền. Vì như pác nói 10 năm nó có hư đâu?. 3 năm hết bảo hành mà hư pin về xin vợ trăm triệu đi thay cục pin chắc vợ nó mừng lắm,Rhetorical-question,Negative,"Dùng giọng điệu mỉa mai ('xin vợ trăm triệu... chắc vợ mừng lắm') và câu hỏi vặn lại để thể hiện sự nghi ngờ về độ bền thực tế của pin, đồng thời ngầm chê bai chính sách bảo hành quá ngắn và chi phí thay pin vô cùng đắt đỏ.",Negative
252,"Thế sao Thái, Mã, Indo, Âu, Mỹ toy nó đều bảo hành pin 10 năm còn VN 3 năm? Ủa vậy là toy nó ít tên tuổi ở thị trường đó à?",Rhetorical-question,Negative,"Dùng câu hỏi tu từ so sánh chính sách bảo hành pin (10 năm ở các nước khác nhưng chỉ 3 năm tại Việt Nam) để mỉa mai và chỉ trích sự phân biệt đối xử, coi thường người tiêu dùng Việt Nam của hãng xe",Negative
253,Kỹ thuật toy xác định là đang chạy pin lăn ra hỏng thì có thể lếch tiếp tới hãng để thay pin. Còn nếu pin lăn ra chết khi máy chưa nổ thì chỉ còn thuê xe thớt chở vô hãng thôi. Mà mấy ảnh trên kia nói là pin bền dữ lắm méo hư đâu. Mỗi tội bảo hành có 3 năm. Mà thôi mấy ảnh nói k mua xe Hybrid là k có tiền nên hok dám bàn.,Ironic,Negative,"Sử dụng giọng điệu mỉa mai, châm biếm để chỉ ra rủi ro và sự phiền phức khi pin xe hỏng (phải gọi xe cứu hộ), thời gian bảo hành ngắn (3 năm), đồng thời giễu cợt những ý kiến tâng bốc quá đà về độ bền của dòng xe Hybrid này",Negative
254,"Cái vấn đề càng hiện đại thì sẽ càng hại điện chưa bao giờ sai nha bác. So với yếu tố tiết kiệm nhiên liệu/ giá cao hơn bản thường thì e sẽ ko bao h mua hybrid. Trừ khi nhà nước có kế hoạch ưu tiên xe xanh, bảo vệ môi trường thì đó là lúc ta xài hybrid/ electric. Chưa kể cái máy hybrid chỉ tối ưu nhất khi đi trong phố, đi đg trường vẫn ăn uống bt",Fact-implied,Negative,"Người nói phủ nhận giá trị thực tế của xe Hybrid bằng cách chỉ ra giá bán cao không tương xứng với khả năng tiết kiệm nhiên liệu, hoài nghi độ bền của công nghệ mới ('hại điện') và chỉ ra hạn chế tiêu thụ nhiên liệu không ấn tượng khi đi đường trường.",Negative
255,"khác nhau con số, còn thực tế ko biết vì chưa gặp xe nào phải bảo hành thay pin sau 3 năm !",Fact-implied,Positive,"Người nói chỉ ra rằng dù thông số lý thuyết có khác nhau thì trên thực tế pin xe rất bền bỉ, chưa từng gặp trường hợp nào phải thay pin bảo hành sau 3 năm sử dụng, qua đó ngầm khen ngợi độ bền và chất lượng của xe.",Positive
256,"Hôm trước có coi 1 clip của tipcar TV phân tích là không xăng không chạy được, suy ra là điện chỉ để bổ trợ 1 phần nhỏ chứ không phải dưới 40 chạy điện đâu bác",Fact-implied,Negative,"Người dùng dẫn chứng phân tích kỹ thuật để bác bỏ khả năng chạy thuần điện ở tốc độ thấp của xe, chỉ ra động cơ điện chỉ hỗ trợ một phần rất nhỏ, ngầm thể hiện sự thất vọng và chê bai hiệu quả thực tế không như kỳ vọng/quảng cáo.",Negative
257,Mấy hãng ít tên tuổi mới nâng thời hạn bảo hành để lấy lòng khách hàng thôi. Còn những thương hiệu lớn. Ai dại mà bỏ tiền túi ra bù chi phí cho Khách hàng. Ngày trước Huyndai và Kia cũng áp dụng bảo hành 5 năm ở Mỹ( các hãng khác chỉ 3 năm) . Nhưng giờ Huyndai và Kia đã có chỗ đứng ở Mỹ thì bảo hành lại về 3 năm,Fact-implied,Negative,"Bình luận thể hiện thái độ hoài nghi và coi thường chính sách bảo hành dài hạn, cho rằng đây chỉ là chiêu trò 'lấy lòng' của các hãng xe chưa có tên tuổi chứ không phải do chất lượng vượt trội. Việc dẫn chứng Hyundai/Kia giảm thời hạn bảo hành khi đã vững chân ngầm chê bai chiến lược của các hãng xe mới.",Negative
258,"Khác nhau nhiều lắm bác. Cục bảo hành 3 năm thì sang năm thứ 4 khả năng móc ví 100tr là có, còn cục bảo hành 10 năm thì chắc bán xe mất rồi. Nhớ ngày xưa thời sinh viên mua cục nguồn PC của anh hàng xóm, bảo hành 1 năm, đến lúc nó lăn ra die bất đắc kỵ tử, mở thùng máy xem tem bảo hành thì vừa hết bảo hành chưa đầy 1 tháng",Fact-implied,Negative,"Người nói so sánh giữa hai chính sách bảo hành, cảnh báo rủi ro tốn chi phí sửa chữa lớn (100 triệu) của lựa chọn bảo hành 3 năm và khẳng định sự yên tâm tuyệt đối với lựa chọn bảo hành 10 năm. Qua đó, người nói ngầm đánh giá cao và thể hiện sự ủng hộ với mẫu xe/linh kiện có thời gian bảo hành dài hạn.",Positive
259,"Bác nào đã từng chạy Vespa nhập khẩu rồi sẽ thấy, CVT nhiều khi nó còn giật hơn cả số 4 cấp của Fortuner. : )))",Fact-implied,Negative,"So sánh mỉa mai hộp số CVT của Vespa nhập khẩu còn giật hơn cả hộp số 4 cấp vốn nổi tiếng là lạc hậu và thiếu mượt mà của Fortuner, ngầm chê bai trải nghiệm vận hành kém chất lượng của xe.",Negative
260,"Uh, nhưng tại sao nó lại đứng đầu phân khúc cho đến giờ?!",Rhetorical-question,Positive,"Dùng câu hỏi tu từ để phản bác lại những ý kiến chê bai, ngầm khẳng định chất lượng và sự vượt trội của chiếc xe dựa trên thực tế nó vẫn luôn dẫn đầu phân khúc.",Positive
261,"Rush ko có lọc gió, bó tay anh Toy thiệt",Fact-implied,Negative,"Chỉ ra việc xe Toyota Rush thiếu cả bộ phận cơ bản là lọc gió và sử dụng cụm từ 'bó tay' để chê bai sự cắt gọt trang bị quá đà, thiếu tôn trọng người dùng của hãng.",Negative
262,Avanza với Innova đều 7 chỗ vậy Innova hơn gì nhỉ,Rhetorical-question,Negative,"Câu hỏi đặt ra sự so sánh hoài nghi giữa hai dòng xe cùng 7 chỗ của Toyota, ngầm thể hiện sự chê bai và nghi vấn về giá trị thực sự của Innova khi không thấy có điểm gì vượt trội rõ rệt để xứng đáng với mức giá đắt hơn đáng kể so với Avanza.",Negative
263,"Avanza xác xe to nặng, hộp số CVT thì có đáp ứng đằng trời cũng không thể ăn được Focus gầm thấp dáng thể thao dùng ly hợp kép. Ông nào lái Focus đều đã trải qua cảm giác dính ghế rồi, Civic còn chưa ăn lại nói gì Avanza.",Fact-implied,Negative,"So sánh trực diện để chê bai Avanza có xác xe to nặng, hộp số CVT chậm chạp và không thể có được khả năng tăng tốc mạnh mẽ ('dính ghế') hay cảm giác lái thể thao như Ford Focus",Negative
264,"Giờ 8/10 chiếc Taxi/Grab là Xpander còn gì. Em vẫn không chọn các dòng nhiều chổ ngồi, ít túi khí, nếu phục vụ gia đình mình (cho người ta thuê thì được, hehe).",Fact-implied,Negative,"Tác giả nhận xét chiếc xe chủ yếu chạy dịch vụ/taxi, đồng thời chê bai yếu tố an toàn (ít túi khí) nên không thích hợp để mua phục vụ cho gia đình.",Negative
265,Su thì ngoại hình chua lét Mà ai ăn chua được lại thấy nó ngon,Metaphorical,Negative,"Sử dụng hình ảnh ẩn dụ vị giác 'chua' - 'ngon' để nhận xét về ngoại hình xe: tuy thiết kế có phần độc lạ, kén khách (chua) nhưng với những ai đã hợp gu thì lại cảm nhận được vẻ đẹp rất riêng và chất lượng (ngon).",Positive
266,chắc ảnh chạy chế độ giả lập. CVT sao lại giật được nhỉ???,Rhetorical-question,Positive,"Bày tỏ sự hoài nghi trước lời chê xe bị giật bằng cách khẳng định đặc tính vận hành mượt mà vốn có của hộp số CVT, đồng thời quy nguyên nhân cho người lái dùng chế độ giả lập cấp số chứ không phải do chất lượng xe.",Positive
267,1.5 CVT 7 chỗ thì lấy đâu ra nhạy chân ga chứ,Fact-implied,Negative,Sử dụng câu hỏi tu từ 'lấy đâu ra' để mỉa mai và khẳng định một chiếc xe 7 chỗ sử dụng động cơ 1.5L nhỏ kết hợp hộp số CVT thì chắc chắn phản hồi chân ga sẽ yếu và độ tăng tốc kém.,Negative
268,Bác cứ nhìn biển vàng là hiểu nhỉ,Fact-implied,Negative,"Cụm từ 'biển vàng' chỉ các xe đăng ký kinh doanh vận tải (taxi, xe dịch vụ). Việc đề cập 'nhìn biển vàng là hiểu' ngầm mang ý mỉa mai, chê bai dòng xe thiếu đẳng cấp, bình dân và chỉ thích hợp làm xe chạy dịch vụ chứ không sang trọng.",Negative
269,"Cuồng thì cũng vừa thôi bác nhể, 1.5CVT so với 1.5turbo (công suất ngang 2.5) 6AT thì có lẽ khỏi tranh cãi làm gì cho mệt người.",Fact-implied,Negative,"Người nói dùng lời lẽ mỉa mai việc thần tượng quá đà một dòng xe động cơ 1.5CVT, cho rằng hiệu năng của nó hoàn toàn yếu kém và không thể so sánh với động cơ 1.5Turbo 6AT, qua đó thể hiện sự chê bai rõ rệt đối với mẫu xe này.",Negative
270,Thằng này lái ngang Ford Focus thì em thua .Thằng Focus vs Civic bảng sport mai ra . Chứ Civic  bảng đèn tròn đèn vuông ko có cửa đụng với Focus .Lái ly hợp kép xong qua lái CVT 1.5 là muốn vứt mẹ nó cái xe rồi .,Fact-implied,Negative,"Người viết chê bai gay gắt cảm giác lái của dòng xe dùng động cơ 1.5 CVT, khẳng định không thể so sánh với hộp số ly hợp kép của Ford Focus và thể hiện sự thất vọng đến mức 'muốn vứt xe'.",Negative
271,Xpander thì thôi kinh khủng rồi. Đánh bại Innova thì đủ biết cỡ nào. Giờ không biết còn hiếm hàng như 4/2021 không nhỉ,Fact-implied,Positive,Dùng từ 'kinh khủng' theo nghĩa tích cực kết hợp với việc nhấn mạnh thành tích đánh bại 'tượng đài' Innova và sự khan hàng do sức mua quá lớn để ngầm khen ngợi sức hút cực kỳ mạnh mẽ của Xpander.,Positive
272,Toàn tập lái vào tâng bốc cho con veloz bia kèm lạc không,Metaphorical,Negative,Dùng từ 'tập lái' để phủ nhận uy tín của những người khen xe và nhắc đến thuật ngữ 'bia kèm lạc' nhằm mỉa mai việc chiếc xe đang được tâng bốc quá đà so với thực tế.,Negative
273,Xe yếu hay không là do tiền chi cho PR nhiều hay ít thôi. chứ cái thể loại rì viu như HL gì gì đó thì cục c cũng thành xúc xích cao cấp ah.,Metaphorical,Negative,"Dùng ngôn từ mỉa mai gay gắt về công tác PR và reviewer để ngầm chê bai chiếc xe thực tế rất yếu và kém chất lượng, chỉ được tâng bốc nhờ chi nhiều tiền quảng cáo",Negative
274,"Hôm cầm con này đi đồi chè cầu đất gặp anh XL7, đường phẳng ổng vượt mình chạy mất tiêu. Tới đoạn đèo lại gặp ổng đang bò bò lên, hài vãi nồi .Ông Xpander thì cứ bu bu sau đích mình , không vượt cũng không biết định làm gì",Fact-implied,Negative,"So sánh trải nghiệm thực tế khi đi đường đèo, chiếc xe của người nói vượt qua XL7 (chỉ chạy nhanh ở đường bằng nhưng phải 'bò' khi lên đèo) và bỏ xa Xpander phía sau, qua đó ngầm khen ngợi động cơ mạnh mẽ và khả năng leo dốc vượt trội của xe mình so với các đối thủ.",Positive
275,"Lậy thánh bugi,lậy dây pha nguồn,lậy thầy ắc quy. cho con đề được. Amen! chắc ảnh khấn vại.",Ironic,Negative,"Dùng lời nói mỉa mai việc cầu khấn các linh kiện điện và động cơ (bugi, ắc quy, dây pha) để ngầm chê bai chiếc xe quá kém bền, hay hỏng hóc và rất khó khởi động.",Negative
276,E lái con outlander 2.0cvt đi đèo bình thường không sao chứ có xe vượt kiểu lưng chừng dốc còn thấy đuối đừng nói chi 1.5cvt.,Fact-implied,Negative,"Người dùng chia sẻ trải nghiệm thực tế và chê xe Outlander 2.0 CVT bị 'đuối' (yếu máy) khi cần tăng tốc vượt trên dốc, ngầm thể hiện sự thất vọng về khả năng vận hành và sức mạnh động cơ của xe.",Negative
277,Sao khi xem xong bài đánh giá tôi đã quyết định kêu vợ đặt cọc....Tháng 9 này lấy xe ko có kèm lạc còn tặng từa lưa hột dưa.,Metaphorical,Positive,"Hành động quyết định đặt cọc mua xe ngay sau khi xem đánh giá, kết hợp với sự hài lòng khi mua được xe đúng giá (không bị ép mua thêm 'lạc') và nhận nhiều ưu đãi ngầm thể hiện sự yêu thích và đánh giá rất tích cực đối với chiếc xe.",Positive
278,"hôm bữa có ngồi con Vê lờ này full tải đi cao tốc Trung Lương 1 lần, tởn tới già luôn ! xe ko yếu, nhưng em nó nhấn ga 1 cái y như sắp cất cánh luôn !",Metaphorical,Negative,"Sử dụng từ ngữ biểu cảm mạnh 'tởn tới già' kết hợp với hình ảnh ví von nhấn ga 'y như sắp cất cánh' để chê bai tiếng gầm động cơ quá lớn, máy gào và mang lại cảm giác kém êm ái, thiếu an toàn khi xe chạy full tải trên cao tốc.",Negative
279,"Lạy mấy ông đòi giá mấy trăm. Mua xe tào đi mấy đứa, với bớt nhoi lại cái. Chưa ngồi lên, chưa sờ mó, chưa chạy thử mà chém như đúng roài. . Mình đi quay tào, éo dám chém",Rhetorical-question,Positive,"Người viết chỉ trích những bình luận chê bai và đòi hỏi giá rẻ vô lý từ những người chưa từng trải nghiệm thực tế, qua đó ngầm thể hiện sự ủng hộ và bảo vệ giá trị thực sự của chiếc xe.",Positive
280,"Oh, vậy 1 con Vinfast lúc xa lúc gần gì = 4-5 con Bim 320 lận à? Vậy chửi đắt cũng có lý nhỉ .",Rhetorical-question,Negative,"Sử dụng cách nói mỉa mai (chơi chữ tên dòng xe) và so sánh mức giá của chiếc xe VinFast đắt bằng 4-5 chiếc BMW 320i để ngầm thể hiện sự đồng tình với những nhận xét chê bai xe bị định giá quá cao, không hợp lý.",Negative
281,"Đặt đợt đầu thì mâm nằm trong gói option đâu 20tr, mà quả mâm đấy sau thay lốp thì vỡ alo luôn",Metaphorical,Negative,"Sử dụng khẩu ngữ 'vỡ alo' để phản ánh sự đắt đỏ, tốn kém vượt mức mong đợi khi phải thay lốp cho bộ mâm option, ngầm chê chi phí sử dụng và bảo dưỡng xe quá cao.",Negative
282,"ý bác ấy là con này có đáng tỷ rưỡi đang bán ko, hay chỉ đáng 1 tỷ, hoặc 700 thôi bác ạ =))) với cả nhà máy nó khoe công suất 250k xe 1 năm cơ ko phải lo SX ko kịp đâu quy mô thị trường 2020 chỉ là 296000 xe thôi =))",Rhetorical-question,Negative,"Sử dụng giọng điệu mỉa mai để ngầm chê chiếc xe bị định giá quá cao so với giá trị thực (chỉ đáng 700 triệu đến 1 tỷ thay vì 1,5 tỷ), đồng thời giễu cợt việc hãng xe khoe khoang công suất sản xuất phi thực tế so với nhu cầu toàn thị trường.",Negative
283,Bán mà ko dám cho ngta coi hang thì lạ lắm à nhen ),Fact-implied,Negative,"Thể hiện sự nghi ngờ và mỉa mai việc người bán giấu giếm, không cho kiểm tra thực tế, ngầm ám chỉ chiếc xe có khuyết điểm hoặc kém chất lượng nên mới thiếu minh bạch.",Negative
284,"Giá 700 sedan, 850 SUV thi cháy hàng. Còn lại thì chia tay hoàng hôn.",Metaphorical,Negative,"Người nói đưa ra điều kiện mức giá tối đa để xe có thể bán tốt và dùng cụm từ 'chia tay hoàng hôn' để mỉa mai rằng nếu định giá cao hơn mức này thì xe sẽ hoàn toàn thất bại và không ai mua, ngầm chê xe đang bị định giá quá cao so với giá trị thực.",Negative
285,Xe vin nhìn đẹp chủ yếu mọi người lăn tăn về giá thôi...mà giá của vin thì toàn trên mây...nên nằm ngoài tầm với của rất nhiều anh em...,Metaphorical,Negative,"Dù mở đầu bằng lời khen về thiết kế đẹp, bình luận tập trung chỉ trích và mỉa mai mức giá xe quá đắt đỏ ('trên mây'), khiến chiếc xe khó tiếp cận với đa số người dùng.",Negative
286,Thì chất lượng nó đi với giá bác ah...mua một con xe mà chưa được kiểm chứng thì cũng căng,Fact-implied,Negative,"Người nói thể hiện sự nghi ngại và e ngại rủi ro ('căng') khi mua một chiếc xe chưa được kiểm chứng trên thị trường, ngầm đánh giá chiếc xe thiếu sự uy tín và chưa đáng tin cậy về mặt chất lượng.",Negative
287,hóng cắt lỗ 500 chai,Ironic,Negative,"Cụm từ 'hóng cắt lỗ 500 chai' mang tính mỉa mai, ngầm chê bai chiếc xe bị định giá quá cao, khó bán hoặc mất giá thảm hại khiến người mua/chủ xe phải chịu khoản lỗ lớn.",Negative
288,"Theo em ngầm hỉu chủ ý của bác thớt là đi xe VF phải có thật nhiều tiền trong..xe, không thì không yên tâm như đi mấy con xe thông dụng khác..kkk",Ironic,Negative,"Sử dụng lời mỉa mai khi so sánh xe VF với các dòng xe thông dụng khác, ngầm chê xe hay gặp sự cố và không mang lại cảm giác an tâm, khiến người đi luôn phải chuẩn bị sẵn nhiều tiền để ứng phó rủi ro.",Negative
289,Màn hình đậm chất tàu Việt hóa quá,Ironic,Negative,"Sử dụng cụm từ 'đậm chất tàu' và 'Việt hóa quá' để chê bai màn hình hiển thị của xe có giao diện thiếu tinh tế, hoàn thiện kém và mang lại cảm giác rẻ tiền, kém chất lượng.",Negative
290,"cuối cùng thiếu câu chốt, con này đáng giá bao nhiêu?  giá trị đang bán hay 1 tỏi hay 700",Rhetorical-question,Negative,"Đặt câu hỏi nghi vấn về giá trị thực của chiếc xe và đưa ra các mức giá thấp hơn hẳn so với giá đang bán ngầm thể hiện sự hoài nghi, chê bai xe bị định giá quá cao so với giá trị thực tế.",Negative
291,Giá này thì mua Hybrid cho lành.,Ironic,Negative,"Người nói nhận xét mức giá của chiếc xe không xứng đáng và khuyên nên chọn mua xe Hybrid để an tâm hơn, ngầm chê bai giá bán quá cao hoặc giá trị mang lại kém hấp dẫn của chiếc xe.",Negative
292,"Cá nhân t ngoại thất bình thường, đường nét lai mỗi xe khác 1 chút, trong khi kích thước xe hạn mà nhồi nhét quá nhiều đường gân dập nổi",Fact-implied,Negative,"Người nói chê thiết kế ngoại thất xe thiếu cá tính (lai tạp từ nhiều mẫu xe khác) và rườm rà, nhồi nhét quá nhiều đường gân trên một kích thước xe nhỏ, thể hiện sự không hài lòng về thẩm mỹ của chiếc xe.",Negative
293,"p/s: mới gặp vài hôm trước, chuẩn bị xuống hầm thủ thiêm (nghe anh chủ nói với anh phân luồng là đỏng đảnh, không chịu chạy)",Metaphorical,Negative,"Cụm từ 'đỏng đảnh, không chịu chạy' miêu tả việc chiếc xe gặp sự cố chết máy bất ngờ, ngầm chê bai xe thiếu tin cậy, vận hành không ổn định và hay hỏng vặt.",Negative
294,Đường nào thì cũng Tàu cả mua hẳn con Tàu chính hãng cho nó ngon đỡ phải đi fix lỗi.,Ironic,Negative,"So sánh và khẳng định việc mua xe 'Tàu chính hãng' tốt hơn ('ngon') và ít gặp sự cố ('đỡ phải đi fix lỗi') so với các dòng xe khác, qua đó ngầm khen ngợi chất lượng và độ ổn định của dòng xe này.",Positive
295,"BYD vừa giới thiệu con Atto3 cùng phân khúc với VF7, mà giá bản full kèm pin chỉ hơn 8 trăm thôi. Không giảm giá sớm thì thành “Bại liệt tinh thần Việt” luôn",Ironic,Negative,"Sử dụng lối nói mỉa mai thông qua cụm từ 'Bại liệt tinh thần Việt' (nhại lại slogan của VinFast) để chê bai định giá của VF7 quá cao, thiếu tính cạnh tranh so với đối thủ cùng phân khúc.",Negative
296,Tôi đã đi được hơn 4 vạn nhưng phải công nhận Wigo có mỗi nhược điểm: hơi ồn.,Fact-implied,Positive,"Người dùng đã trải nghiệm thực tế hơn 4 vạn km và khẳng định chiếc xe 'chỉ có duy nhất một nhược điểm' nhỏ là hơi ồn, qua đó gián tiếp khen ngợi xe vận hành tốt, bền bỉ và hầu như không có điểm gì đáng chê khác.",Positive
297,Wigo cách âm kém có ưu điểm đấy chứ… còi tàu sẽ làm cụ giật mình và đạp thắng.,Ironic,Negative,"Dùng cách nói mỉa mai khi ví việc 'cách âm kém' là ưu điểm giúp nghe thấy còi tàu để phanh, thực chất là ngầm chê bai khả năng chống ồn rất tệ của chiếc xe.",Negative
298,Ngoài việc bền ra thực sự ko có yếu tố nào để khách hàng xuống tiền,Fact-implied,Negative,"Mặc dù thừa nhận chiếc xe có ưu điểm là bền, câu nói lại nhấn mạnh sự thiếu hụt về thiết kế, tính năng cũng như trải nghiệm người dùng, ngầm chê chiếc xe quá nghèo nghèo nghèo nghèo nghèo nghèo nghèo nghèo nàn và không đáng để bỏ tiền mua.",Negative
299,"Khi Vin ra xe, e đã bảo để sau 5 năm xem thế nào thì hẵng mua.",Fact-implied,Negative,"Việc khuyên nên chờ tới 5 năm để kiểm chứng mới quyết định mua ngầm thể hiện sự nghi ngờ, thiếu tin tưởng vào chất lượng và độ bền lâu dài của dòng xe này",Negative
300,"Bác lái thử… nếu vẫn thấy ‘rất đầm’… thì em đăng ký mua 2 chiếc, 1 chiếc biếu bác luôn.",Ironic,Negative,"Dùng câu thách thức đầy mỉa mai (lái thử mà vẫn thấy xe 'đầm' thì sẵn sàng mua tặng luôn một chiếc) để phủ nhận nhận định tốt về chiếc xe, ngầm chê bai xe có cảm giác lái rất kém, bồng bềnh và không hề ổn định.",Negative
301,"Fortuner thì vẫn cày cuốc phục vụ chủ nhân mà không đổ bệnh, đòi tiền.",Metaphorical,Positive,"Câu nói sử dụng hình ảnh 'cày cuốc' và 'không đổ bệnh, đòi tiền' để ngầm khen ngợi độ bền bỉ, tính tin cậy cao và chi phí sử dụng, bảo dưỡng rất tiết kiệm của chiếc xe.",Positive
302,Thực tế qua clip này thì Fortuner đúng là thánh lật rồi.,Metaphorical,Negative,Sử dụng biệt danh mỉa mai 'thánh lật' để khẳng định và chê bai khả năng cân bằng cũng như độ an toàn yếu kém của xe khi chứng kiến thực tế trong video clip,Negative
