Id,Text,Implicit type,Sentiment,explanation,predicted_sentiment
1,Phải thêm cái Danh hiệu xe điện sang tay của Năm mới đủ.,Ironic,Negative,"Câu nói mỉa mai rằng chiếc xe điện này đáng được trao thêm danh hiệu 'sang tay của năm', ngầm ám chỉ xe bị bán lại nhiều, người dùng không muốn giữ lâu hoặc mất giá/khó hài lòng sau khi mua.",Negative
2,Lụm mịa nó hết các vị trí nhất bảng hé hé,Fact-implied,Positive,"Câu nói mang giọng điệu phấn khích, khoe rằng xe đã giành hết các vị trí đứng đầu bảng xếp hạng. Cách nói 'lụm hết' và 'hé hé' thể hiện sự tự hào, hài lòng về thành tích vượt trội của xe.",Positive
3,"limo nào mà nhiều chắc ở cửa hàng, trong khi book grab 7 chỗ toàn BYD 7",Ironic,Negative,"Câu nói dùng giọng mỉa mai rằng xe 'limo' nếu có nhiều thì chỉ nhiều ở cửa hàng, không phổ biến ngoài thực tế. Việc so sánh với Grab 7 chỗ 'toàn BYD 7' ngầm cho thấy mẫu limo bị chê là ít người dùng, kém phổ biến hoặc không được thị trường đón nhận.",Negative
4,"Xe dịch vụ của năm là XL, xe điện của năm còn phải xét lại , ngoài đường con BYD 7 chỗ chạy đầy đường",Fact-implied,Negative,Câu nói mỉa mai rằng xe này chỉ xứng đáng là 'xe dịch vụ của năm' chứ danh hiệu 'xe điện của năm' thì còn gây tranh cãi. Việc so sánh với BYD 7 chỗ chạy đầy đường ngầm cho thấy người nói đánh giá xe không nổi bật hoặc không thuyết phục bằng đối thủ.,Negative
5,"Ẹc mồm thì quang quác mà tay vẫn nhặt hàng, khầy đỉnh quá",Ironic,Positive,"Câu này mỉa mai việc ngoài miệng thì chê bai, la lối nhưng hành động lại vẫn mua/nhặt xe. Điều đó ngầm cho thấy chiếc xe vẫn có sức hút hoặc đáng mua, nên thái độ thực chất đối với xe là tích cực.",Positive
6,BYD7 chắc doanh số chưa bằng 1/10 con limo,Fact-implied,Negative,"Câu nói so sánh doanh số BYD7 có thể còn chưa bằng 1/10 một mẫu xe khác, ngầm chê mẫu xe này bán kém, ít được thị trường đón nhận và sức hút thấp.",Negative
7,"Limo Green thì ok, thấy chạy đầy đường dù mới ra mắt... còn 2 con ở mục 2, 3... phải nói là nhìn lòi mắt may ra thấy được chiếc; bgk chấm điểm nhìn vào tờ polyme à!?!?",Rhetorical-question,Negative,"Người nói thừa nhận Limo Green ổn vì mới ra mắt đã chạy nhiều ngoài đường, nhưng lại mỉa mai hai mẫu xe ở mục 2, 3 là rất hiếm gặp, 'nhìn lòi mắt may ra thấy được chiếc'. Câu hỏi 'bgk chấm điểm nhìn vào tờ polyme à' ngầm ám chỉ việc được chấm cao là không xứng đáng, thậm chí có yếu tố tiền bạc chi phối. Tổng thể thể hiện thái độ chê bai và nghi ngờ giá trị thực của các xe được nhắc đến.",Negative
8,bài này nên để tiêu đề QUẢNG CÁO để người đọc đỡ buồn cười,Ironic,Negative,Người nói mỉa mai rằng bài viết giống quảng cáo hơn là đánh giá khách quan; các lời khen hoặc thông tin về xe bị cho là phóng đại đến mức khiến người đọc buồn cười. Điều này ngầm thể hiện sự không tin tưởng và đánh giá tiêu cực về chiếc xe hoặc nội dung ca ngợi xe.,Negative
9,"Đây là một ví dụ điển hình về kết quả bình chọn trong giới xe biz, ko hiểu các bác bình chọn nghĩ gì",Rhetorical-question,Negative,Người nói mỉa mai kết quả bình chọn và cho rằng những người bình chọn thiếu hợp lý hoặc không có cơ sở. Điều này ngầm thể hiện chiếc xe được bình chọn không xứng đáng với kết quả đó.,Negative
10,"Chấm điểm phải có tính quốc tế môt chút thì giải thưởng mới có giá trị. Chiếc Limo Green này đem ra quốc tế ai mua? Xe vinfast bán nhiều thật, nhưng do cơ sở hạ tầng tốt chứ không phải bản thân chiếc xe. Nếu mình chấm thì chỉ chấm chiếc VF3 là cao lắm.",Rhetorical-question,Negative,"Người nói cho rằng giải thưởng thiếu tính quốc tế và đặt câu hỏi mỉa mai 'đem ra quốc tế ai mua?' để phủ nhận sức hấp dẫn của Limo Green. Việc xe VinFast bán nhiều được quy cho hạ tầng hỗ trợ chứ không phải chất lượng bản thân xe, đồng thời chỉ đánh giá cao VF3 chứ không phải mẫu xe này.",Negative
11,Em chỉ chờ kia nó ra bán tải có ghế sau ngã được là quất thôi,Fact-implied,Positive,Người nói thể hiện sự mong chờ và sẵn sàng mua ngay nếu Kia ra mẫu bán tải có ghế sau ngả được. Cụm 'là quất thôi' cho thấy ý định mua mạnh và sự yêu thích đối với mẫu xe kỳ vọng này.,Positive
12,Mời các anh chê Hilux vào điểm danh nào. Em không dám khen nữa đâu,Ironic,Positive,"Câu nói mang tính mỉa mai, thách thức những người hay chê Hilux vào bình luận. Việc nói 'không dám khen nữa' ngầm cho thấy người nói thực ra có thiện cảm và đánh giá tốt về Hilux, nhưng bị nhiều người phản đối nên dùng cách nói ngược để bảo vệ xe.",Positive
13,Thế bác chưa cập nhật tin tức à. Ford nó tuyên bố bảo hành xì dầu đến khi nào chữa hết bệnh mới thôi.,Fact-implied,Negative,"Câu nói mang tính mỉa mai về việc Ford phải bảo hành lỗi 'xì dầu' cho đến khi chữa hết 'bệnh', ngầm cho thấy xe có lỗi kỹ thuật dai dẳng, phổ biến và chưa được xử lý triệt để.",Negative
14,"Nói thế thôi, Bác ko bật Power lên đạp nó gào lên ầm ĩ điếc cả tai, sót cả ruột, Bật Power lên nhẹ nhàng như 1 cơn gió.",Fact-implied,Positive,"Câu nói thừa nhận nếu không bật chế độ Power thì xe gào máy lớn, gây khó chịu. Tuy nhiên ý chính là khi bật Power lên, xe vận hành nhẹ nhàng, êm ái như 'một cơn gió', ngầm khen khả năng tăng tốc và độ mượt khi dùng đúng chế độ.",Positive
15,Hilux mà đi đường trường tiêu thụ như con vios bác nhé.,Fact-implied,Positive,"So sánh mức tiêu thụ nhiên liệu của Hilux trên đường trường với Vios, một mẫu xe nổi tiếng tiết kiệm xăng, ngầm khen Hilux dù là bán tải nhưng rất tiết kiệm nhiên liệu.",Positive
16,))) Ai có thời gian mà đi bảo hành như thế hả bác?,Rhetorical-question,Negative,"Câu hỏi tu từ 'Ai có thời gian mà đi bảo hành như thế' thể hiện sự khó chịu vì việc bảo hành quá mất thời gian hoặc xe có vấn đề phải đi bảo hành nhiều, ngầm chê trải nghiệm sử dụng và độ tin cậy của xe",Negative
17,"Con 331k km Con 300k km Con 230k km Con 205k km Con 2017 gần 100k km Xe đi cày nên khi nào hết 25 năm mỗi con mần 1 triệu km là đủ sở hụi, hehe",Fact-implied,Positive,"Người nói liệt kê nhiều xe đã chạy số km rất cao và vẫn tiếp tục dùng để 'đi cày', thậm chí kỳ vọng mỗi xe đạt 1 triệu km sau 25 năm. Điều này ngầm khen xe bền bỉ, chịu tải tốt và có giá trị sử dụng lâu dài.",Positive
18,Hình như theo luật các con bán tải chỉ chở max tầm 600kg lên trên phải cải biên lại thì thành xe tải. 600 ký đường lanh quanh mấy tỉnh Sài gòn thì là muỗi. Cái nào mình thua và yếu hơn người khác thì nhận đi.,Fact-implied,Negative,"Người nói cho rằng khả năng chở tải tối đa khoảng 600kg của xe bán tải là quá thấp, chỉ như 'muỗi' khi chạy đường tỉnh quanh Sài Gòn. Câu 'yếu hơn người khác thì nhận đi' thể hiện sự chê bai trực tiếp về năng lực tải và sự thua kém của xe so với đối thủ hoặc nhu cầu thực tế.",Negative
19,"Ủa vậy Ford nó ko làm đc à a!? Mình từng đi 860km với 1 bình dầu, còn dư 1/4 nấc nè! Loanh quanh 5-6l/100km cho cái xác 2 tấn đấy thôi! Cứ thần thánh nó lên làm ji!",Rhetorical-question,Positive,"Người nói đưa ra trải nghiệm đi 860km chỉ với một bình dầu mà vẫn còn dư, mức tiêu hao khoảng 5-6l/100km cho xe nặng 2 tấn. Điều này ngầm khen khả năng tiết kiệm nhiên liệu rất tốt của xe Ford, dù câu cuối có ý phản bác việc thần thánh hóa một mẫu xe khác.",Positive
20,Chất lượng còn lâu mới bì được với Innova. Tiền nào của đó thôi.,Metaphorical,Negative,"Câu nói so sánh trực tiếp rằng chất lượng xe còn kém xa Innova, đồng thời dùng câu 'tiền nào của đó' để ngầm khẳng định xe rẻ hơn nên chất lượng thấp hơn, không đáng kỳ vọng",Negative
21,"Ông anh rể em có 2 chiếc xe, một con Tucson và mới mua thêm một con Avanza để chạy dịch vụ. Ông này cũng thuộc dạng tài cứng với khoảng gần 20 năm cầm lái, vậy mà ổng không ""thông thái"" gì cả. Cứ mỗi lần chở vợ con đi chơi hay đi đám tiệc thì ổng lùa lên con Tucson hết, còn con Avanza ""ngon"" vậy mà ổng toàn để chở khách, chẳng hiểu nổi...",Ironic,Negative,"Câu nói dùng giọng mỉa mai: dù gọi Avanza là ""ngon"" nhưng thực tế người tài xế lâu năm lại chỉ dùng để chạy dịch vụ, còn khi chở vợ con đi chơi hay đi tiệc thì luôn chọn Tucson. Điều này ngầm cho thấy Avanza bị đánh giá thấp hơn về sự thoải mái, chất lượng hoặc trải nghiệm sử dụng cho gia đình.",Negative
22,"Innova quên là đúng, xe gì bồng bềnh như đi ghe Avanza của Daihatsu gắn mác Toy cũng lõm không kém cạnh...",Metaphorical,Negative,"Người nói chê Innova có cảm giác lái bồng bềnh, thiếu ổn định như đi ghe; đồng thời mỉa mai Avanza chỉ là xe Daihatsu gắn mác Toyota và cũng kém chất lượng không kém. Các hình ảnh so sánh và từ ngữ như 'lõm' thể hiện sự đánh giá tiêu cực về xe.",Negative
23,"Bên Creata thì cắt bớt là do hãng nghiên cứu kỹ thị trường VN, Avanda thì cắt bớt để cho xe bớt sang lại Ôi thôi tôi cũng đến lạy với cách hành văn của OS mình hiện tại quá.",Ironic,Negative,"Người nói dùng giọng mỉa mai khi nhắc việc xe bị 'cắt bớt' trang bị, đặc biệt câu 'cắt bớt để cho xe bớt sang' hàm ý chê xe bị giảm tiện nghi/giá trị. Dù cũng phê phán cách hành văn của người viết, nội dung liên quan đến xe mang sắc thái tiêu cực.",Negative
24,Dọn kho hả mấy anh? Giờ làm xe như nông dân cấy lúa nhẫy. Cắt lúa xong đốt gốc rạ là xóa bàn. Rút êm.,Metaphorical,Negative,"Câu hỏi 'Dọn kho hả mấy anh?' ngầm nghi ngờ hãng/đại lý đang xả hàng tồn. Các hình ảnh 'cắt lúa xong đốt gốc rạ', 'xóa bàn', 'rút êm' mang tính mỉa mai, ám chỉ làm xe bán xong là phủi trách nhiệm, rút lui, không tạo cảm giác tin cậy về chất lượng và hậu mãi.",Negative
25,"Cụ nói thế nào chứ ""Việt Nam làm gì làm được đinh vít"" ... .",Fact-implied,Positive,"Câu nói dùng cụm 'Cụ nói thế nào chứ' để phản bác lại nhận định mỉa mai rằng Việt Nam không làm nổi cả đinh vít. Trong ngữ cảnh bình luận về xe, người nói đang bênh vực năng lực sản xuất trong nước, ngầm thể hiện thái độ tích cực với xe/khả năng làm xe của Việt Nam.",Positive
26,"Cụ cứ đổ oan cho người Việt, em thấy chỉ một số ít cụ như cụ nói thôi mà. Mà có khi các cụ ấy đang kiếm cơm từ nhãn hiệu ô tô khác. Chứ em nghĩ người thường ai rảnh thế. Suốt ngày ăn trực nằm chờ ở box vinfast để chửi Còn ngoài kia thì vinfast 1 hãng mới của Việt, có mỗi 3 mẫu xe mà mẫu nào cũng top 1 2 phân khúc.",Fact-implied,Positive,"Người nói phản bác các ý kiến chê bai VinFast, cho rằng chỉ một số ít người cố tình vào chửi hoặc có thể vì lợi ích từ hãng xe khác. Đồng thời nhấn mạnh VinFast là hãng mới của Việt nhưng chỉ có 3 mẫu xe mà mẫu nào cũng đứng top 1-2 phân khúc, ngầm khen xe được thị trường đón nhận và có năng lực cạnh tranh tốt.",Positive
27,Viết rõ ràng thế rồi mà cụ vẫn ko hiểu. Trả lời cho cụ các câu trên cũng chả để làm gì. Ae có nhu cầu sx & mua sản phẩm xe điện có công nghễ lõi đỉnh cao thì cứ triển khai thôi.,Ironic,Negative,"Người nói tuy có giọng bực bội với người đối thoại, nhưng khi nhắc đến xe điện lại gọi là sản phẩm có “công nghệ lõi đỉnh cao”, hàm ý đánh giá cao công nghệ và ủng hộ việc sản xuất, mua xe.",Positive
28,"Haha, e copy lại tiêu đề thớt thôi. VF & các cụ fan/antil VF cũng đừng nghĩ về từ Đỉnh Cao nhiều quá bởi nước ta là nơi sinh ra của khẩu hiệu: Nhất Thế Giới, Dẫn Đầu, Đình Cao, Cường quốc ... còn làm lại là một chuyện khác.",Ironic,Negative,"Câu nói mỉa mai việc dùng các khẩu hiệu như 'Đỉnh Cao', 'Nhất Thế Giới', 'Dẫn Đầu' để quảng bá, nhưng nhấn mạnh rằng nói thì dễ còn làm được hay không là chuyện khác. Điều này ngầm phủ nhận hoặc nghi ngờ chất lượng/thực lực của VF so với những lời tung hô.",Negative
29,"Thành cường quốc nông nghiệp thì có gì xấu? Nhất là mùa dịch bệnh này? Công nghệ cao thế giới bỏ quá xa mình? Hay công nghệ lõi của Vin mua đồ 5 cha ba họ về lắp thành mãnh liệt tinh thần việt, mới đc 2,3 năm thì giải tán? Dần thế giới loài người cũng phân chia cv thôi: thằng dốt đi cày chan tay, thằng giỏi nghiên cứu đầu óc",Rhetorical-question,Negative,"Bình luận mang giọng mỉa mai, cho rằng Vin không có công nghệ lõi thực sự mà chỉ mua linh kiện từ nhiều nguồn về lắp ráp rồi gắn với khẩu hiệu tinh thần Việt. Việc nhắc 'mới được 2,3 năm thì giải tán' còn ngầm chê sự thiếu bền vững và năng lực công nghệ yếu của hãng/xe.",Negative
30,"Cụ này nói đúng này. Tên thớt là: ""Công nghệ lõi"" của Xe điện Vinfast - đỉnh cao. Cụ nào thấy đúng công nghệ xe điện VF là đỉnh cao hãy vào bình luận nhé. Cụ nào không thấy thế thì nên lập thêm thớt mới, đại loại ""bình luận thẳng thắn về công nghệ lõi của xe điện Vinfast"" để mà bình luận.",Ironic,Negative,"Người viết nhấn mạnh tiêu đề thớt là công nghệ lõi xe điện VinFast “đỉnh cao” và kêu gọi những ai đồng ý với nhận định này vào bình luận. Dù có tính định hướng thảo luận, nội dung vẫn ngầm ủng hộ quan điểm công nghệ xe điện VinFast là cao cấp, đáng khen.",Positive
31,Con xe nào của Vin lúc sắp ra hoặc mới ra chả được khen đứt lưỡi .Cái nguy hiểm nhất là các công nghệ liên quan đến xe điện tiến rất nhanh nên tôi vẫn nghĩ cuộc chơi này vượt tầm a Vượng,Fact-implied,Negative,"Người nói cho rằng việc xe Vin được khen nhiều lúc sắp ra mắt chỉ là hiện tượng quen thuộc, không phản ánh chắc chắn chất lượng thực tế. Đồng thời nhấn mạnh công nghệ xe điện tiến rất nhanh và nhận định cuộc chơi này 'vượt tầm' ông Vượng, thể hiện sự hoài nghi về năng lực cạnh tranh và triển vọng của xe Vin.",Negative
32,"Cái mục cuối cùng trí tuệ của xe đấy do Vin phát triển, thiếu nó không thể vận hành được mà cụ bảo chả nghĩ được cái gì. Chửi thì cũng phải đọc, nghĩ rồi mới phát ngôn cụ ạ",Fact-implied,Positive,"Người nói đang phản bác ý kiến chê bai rằng xe không có gì đáng kể, nhấn mạnh phần 'trí tuệ' do Vin phát triển là thành phần quan trọng, thiếu nó xe không thể vận hành. Điều này ngầm đánh giá cao công nghệ và năng lực phát triển của chiếc xe.",Positive
33,"Chẳng tư thù gì, họ cho xe đâm vào tường rồi đo mức chấn thương của người nộm. Nói chung là tèo sạch, cả lái cả phụ, cả đằng sau.",Fact-implied,Negative,"Câu nói mô tả kết quả thử nghiệm va chạm khi xe đâm vào tường và mức chấn thương của người nộm rất nghiêm trọng. Cụm 'tèo sạch, cả lái cả phụ, cả đằng sau' ngầm chê khả năng bảo vệ hành khách của xe cực kỳ kém, không an toàn khi xảy ra tai nạn.",Negative
34,"Qua đây có thể thấy khung MG5 rất cứng, nên hấp thụ lực không tốt, cho nên khung xe thì ổn định, mà người lái thì tèo. 0 sao NCAP chứng tỏ xe rất cứng, cụ nào thích khung cứng thì nhào dô.",Ironic,Negative,"Câu nói dùng giọng mỉa mai: 'khung rất cứng' tưởng là khen nhưng thực chất chê khả năng hấp thụ lực va chạm kém, khiến người lái chịu nguy hiểm. Chi tiết 'người lái thì tèo' và '0 sao NCAP' nhấn mạnh mức độ an toàn rất tệ của xe.",Negative
35,"Cụ nói quá , e xem bài test đâm tường thấy túi khí lái và phụ vẫn bung mà, cả mẫu sedan và SUV, tuy nhiên hàng sau không có túi khí, chỉ có dây an toàn",Fact-implied,Positive,"Người nói phản bác ý kiến chê quá mức bằng việc dẫn chứng túi khí trước vẫn bung trong bài test va chạm, cho thấy xe không hoàn toàn tệ về an toàn. Tuy nhiên, phần sau nhấn mạnh hàng ghế sau không có túi khí, chỉ có dây an toàn, đây là một thiếu sót đáng kể về trang bị an toàn. Ý chê ở cuối câu làm cảm nhận chung nghiêng về tiêu cực.",Negative
36,Asian Ncap mà cũng tư thù cá nhân trong công việc thế á ???,Rhetorical-question,Negative,"Câu hỏi mang tính mỉa mai, ngụ ý không tin việc một tổ chức đánh giá an toàn như Asian NCAP lại vì “tư thù cá nhân” mà chấm điểm bất công. Điều này thường nhằm bác bỏ lý do bao biện cho kết quả đánh giá kém, qua đó ngầm thừa nhận xe có vấn đề về chất lượng/an toàn.",Negative
37,"Để SX xe giá thành rẻ thì; Cắt chi phí R&D, cắt chi phí mang mẫu thiết kế thử nghiệm an toàn trước SX, vật liệu (mác thép thấp) thép chế tạo loại rẻ tiền....đem thử không đạt kêu thù oán là sao",Fact-implied,Negative,"Người nói cho rằng xe có giá rẻ là do hãng cắt giảm các chi phí quan trọng như R&D, thử nghiệm an toàn và dùng vật liệu thép rẻ tiền, chất lượng thấp. Việc 'đem thử không đạt' ngầm chê xe không đảm bảo an toàn, chất lượng kém và nhà sản xuất còn đổ lỗi khi bị đánh giá không đạt.",Negative
38,"Xe này ""không sao"". 0 Sao đúng nghĩa luôn",Ironic,Negative,"Cụm 'không sao' ban đầu nghe như xe ổn, không có vấn đề, nhưng câu sau '0 Sao đúng nghĩa luôn' lật nghĩa thành đánh giá 0 sao, tức là chê xe rất tệ.",Negative
39,"Ô thế đâm vào tường hình nộm tèo sạch , ăn điểm 0 hay dạng dạng như kiểu học dốt xơi trứng cụ thớt lại quy vào thù ghét với hận thù gì à, vui thật",Ironic,Negative,"Câu nói mỉa mai việc xe thử va chạm mà hình nộm 'tèo sạch', bị 'ăn điểm 0' như học sinh dốt, ngầm chê khả năng an toàn/va chạm của xe rất kém. Phần sau còn chế giễu việc người khác quy chê bai này thành 'thù ghét', cho thấy người nói coi lỗi của xe là rõ ràng.",Negative
40,"45 khách mà ít video ảnh ọt cụ nhỉ. Em đếm mãi chưa đủ 1 bàn tay. Team media làm ăn chán thế Mà hôm nay là đc thêm 2 ngày rồi, mỗi ngày ""bàn giao"" đc thêm bao nhiêu cái cụ nhỉ?",Ironic,Negative,"Người nói mỉa mai việc hãng công bố có 45 khách/bàn giao xe nhưng hình ảnh, video thực tế lại rất ít, đếm chưa đủ một bàn tay. Câu hỏi về số xe bàn giao mỗi ngày cũng mang ý nghi ngờ doanh số và độ quan tâm thực tế của thị trường đối với mẫu xe.",Negative
41,Ít ra nhiều thương hiệu xe ở Việt Nam phải tăng bảo hành kể từ khi Vin tăng bảo hành. Xe thu hồi để sửa lỗi thì trên thế giới họ làm thường xuyên. Ở Việt Nam hiếm thấy vì sao? Chắc không phải do xe bán ở Việt Nam tốt hơn các thị trường khác,Rhetorical-question,Negative,"Câu nói cho rằng việc Vin tăng thời gian bảo hành đã tạo áp lực tích cực khiến nhiều hãng khác ở Việt Nam phải nâng chính sách bảo hành theo. Đồng thời, tác giả coi việc thu hồi xe để sửa lỗi là bình thường và thể hiện sự minh bạch, không phải điều quá tiêu cực. Ý mỉa mai cuối câu còn ngầm chỉ ra rằng các hãng ở Việt Nam ít thu hồi không hẳn vì xe tốt hơn, mà có thể vì thiếu minh bạch.",Positive
42,"Tại sao chị CEO nhỡ mồm xe ""tiếp thị"" ? Tại sao xe chỉ cho thuê mà không bán đứt ? Bàn giao để Customer Oriented Test Bảo hiểm cũng chỉ bán 2 tháng (từ 01/03 đến 01/05) và chỉ bảo hiểm trách nhiệm dân sự (Liability Insurance) không phải dạng Full cover. Có rating FMVSS (hoặc tương đương) bảo hiểm nó bán full mà không cần deal lẻ như này. Cái anh Andrew này làm ăn cũng lởm khởm, dặn kỹ thế rồi mà vẫn hớ hàng, gà nó chạy hết bây giờ PS: tài khoản sau khi đưa thông tin trên lập tức bị oánh sập một cách bí hiểm",Fact-implied,Negative,"Bình luận đặt nhiều câu hỏi nghi ngờ về việc xe chỉ được cho thuê, không bán đứt, bảo hiểm chỉ là trách nhiệm dân sự trong thời gian ngắn chứ không phải full cover. Người viết ngầm cho rằng xe chưa đủ chuẩn an toàn/rating như FMVSS nên bảo hiểm không dám bán đầy đủ, đồng thời mỉa mai cách làm ăn 'lởm khởm' và che giấu thông tin. Tổng thể thể hiện sự hoài nghi và đánh giá rất tiêu cực về chất lượng, độ an toàn và độ tin cậy của xe.",Negative
43,"AE media nâng cấp bài gì mới đi, mãi bài tủ nghe riết cũng chán Xe xăng: tôi đang đi BMW, MEC... bla...bla... Xe điện: tôi đang đi TESTA... bla...bla... anh bạn Andrew thì khoe có tay Porsche Taycan gạ đua...bla.. Nghĩ cũng tủi thân cho ae tâng ball, cứ anti nói gì là hôm sau phải đẩy bài bằng được giải thích lọ chai... Trích clip: A mua bảo hiểm 1 chiều hay 2 chiều ? Mua 2 chiều nhé. 1 tháng hay 1 năm? 1 năm Xe thì không tập trung thử nghiệm, fix lỗi trước khi bán chỉ tập trung make color và trả lời anti",Ironic,Negative,"Bình luận dùng giọng mỉa mai để chê đội truyền thông và cách quảng bá xe lặp đi lặp lại. Quan trọng hơn, câu cuối cho rằng hãng/xe không tập trung thử nghiệm và sửa lỗi trước khi bán, mà chỉ lo 'make color' và phản ứng với anti. Điều này ngầm đánh giá chiếc xe còn nhiều lỗi, chất lượng chưa được hoàn thiện và cách bán hàng thiếu nghiêm túc.",Negative
44,"Nói như thánh phán, cái Usb của tôi có chứa dữ liệu bất thường gây xung đột thì sao, hàng nghìn anh em cắm usb khác có bị không? Mà thôi, tôi block ông cho vào list mấy thành phần không tiếp chuyện cho đơn giản",Ironic,Negative,"Người nói phản bác ý kiến đổ lỗi hoặc kết luận chắc chắn về lỗi xe, cho rằng nếu USB cá nhân có dữ liệu bất thường gây xung đột thì đó chỉ là trường hợp riêng, vì rất nhiều người khác cắm USB không gặp vấn đề. Hàm ý lỗi không phổ biến và không thể quy chụp chất lượng xe kém.",Positive
45,"Khách quan mà nói thì hầu hết những gì cụ nêu ban đầu, là do cụ chưa quen, chưa biết,... Chứ cụ chạy 1 vạn thì lại đã chẳng có gì mấy để kêu. Những người chưa chạy đc 1 vạn thì hay nêu những vấn đề trên lắm, âu cũng là do lạ xe thôi...",Fact-implied,Positive,"Người nói cho rằng các vấn đề được nêu ra không phải lỗi thực sự của xe mà chủ yếu do người lái chưa quen, chưa hiểu xe. Việc chạy đến 1 vạn km thì 'chẳng có gì mấy để kêu' ngầm khẳng định xe vận hành ổn định và không có vấn đề đáng kể.",Positive
46,"Nếu đi đâu muốn lãng mạn không phải suy nghĩ về xe thì cụ cứ bật máy lên,gọi con xe cứu hộ kéo lên thùng sau đó mợ ngồi trên xe vừa ngắm phố vừa thưởng thức ly coffee.cháu thấy ý đó không tồi.",Ironic,Negative,"Câu nói mang tính mỉa mai: muốn đi chơi lãng mạn mà không phải lo về xe thì phải gọi xe cứu hộ chở đi, còn người ngồi trong xe để ngắm phố. Điều này ngầm chê chiếc xe không đáng tin cậy, dễ hỏng hoặc không thể tự vận hành bình thường.",Negative
47,Cứ đi 1 vạn thì thành vino 100%,Metaphorical,Positive,"Câu nói dùng cách diễn đạt 'đi 1 vạn thì thành vino 100%' để ám chỉ rằng sau khi trải nghiệm xe đủ lâu, người dùng sẽ bị thuyết phục và trở thành người ủng hộ xe. Dù từ 'vino' có sắc thái trêu chọc, hàm ý chính là xe vận hành tốt đến mức khiến người dùng yêu thích.",Positive
48,Em thấy trong video cụ ấy bấm tắt máy mà màn hình có thay đổi gì đâu nên ko cho rằng cái “đỏ loè” đấy là báo lỗi. Đến khi nổ máy lại thì nó lại sang màu khác chắc do A.I Cứ tháo dây an toàn là phải tắt máy khởi động lại ? Thế tháo dây an toàn để với ra lấy thẻ hay thanh toán ở trạm thu phí xong rồi phải tắt máy đi đề lại thì quá là A.I Cắm cái USB “bị lỗi” vào mà hệ thống xe bị reset & Xe không xịt lốp mà cứ báo do hệ thống “nhạy quá” thì đuổi việc mịa nó thằng coding đi nhỉ,Rhetorical-question,Negative,"Người nói dùng giọng mỉa mai để chỉ trích các lỗi phần mềm/hệ thống điện tử của xe: tháo dây an toàn có vẻ gây bất tiện bất hợp lý, cắm USB lỗi làm hệ thống reset, xe không xịt lốp vẫn báo lỗi do hệ thống quá nhạy. Câu 'đuổi việc thằng coding' thể hiện sự bực bội và đánh giá rất tiêu cực về chất lượng phần mềm/AI của xe.",Negative
49,Nghe qua đã thấy mùi thum thủm rồi,Metaphorical,Negative,"Cụm 'mùi thum thủm' mang nghĩa chê bai, ám chỉ chiếc xe hoặc thông tin về xe có dấu hiệu không ổn, đáng nghi hoặc chất lượng kém ngay từ đầu.",Negative
50,"Em chỉ thấy ông đi VF chê nội thất thiết kế thô, chứ chưa thấy kêu về vận hành...",Fact-implied,Positive,"Câu nói thừa nhận một điểm bị chê là nội thất thiết kế còn thô, nhưng dùng cấu trúc 'chỉ... chứ chưa...' để giới hạn vấn đề ở phần thiết kế nội thất và ngầm bảo vệ khả năng vận hành của xe, cho thấy xe không bị phàn nàn về độ chạy hay trải nghiệm lái.",Positive
51,Em nghe bảo MG ZS bản Comfort k thể lắp được camera lùi nữa do cấu hình gì đó thấp hơn cấu hình của tất cả camera trên thị trường. Không biết có phải không? Nếu mà như thế thì quá củ chuối!,Fact-implied,Negative,"Người nói bày tỏ lo ngại rằng MG ZS bản Comfort có cấu hình quá thấp đến mức không thể lắp camera lùi, một trang bị khá cơ bản. Cụm từ 'quá củ chuối' thể hiện sự chê bai, cho rằng xe thiếu tiện ích và bất tiện so với nhu cầu sử dụng.",Negative
52,MG giờ còn mỗi cái Logo là từ thời Anh thôi.,Metaphorical,Negative,"Câu nói ngầm mỉa mai rằng MG hiện tại không còn giữ được chất Anh hay giá trị thương hiệu Anh như trước, chỉ còn cái logo để gợi nhớ nguồn gốc cũ. Điều này thể hiện sự hoài nghi và đánh giá thấp thương hiệu/chiếc xe hiện nay.",Negative
53,"Xe Tàu khựa bác ạ, xe Tàu nhưng không phò. Em mua MG HS 2.0 trophy đi được 5000km chạy cao tốc 9-10l Chạy hỗn hợp 13-15 tuỳ giao thông",Fact-implied,Positive,"Người nói thừa nhận xe có xuất xứ Trung Quốc với cách gọi hơi định kiến 'Tàu khựa', nhưng ngay sau đó lại khẳng định 'xe Tàu nhưng không phò', tức là không rẻ tiền, không kém chất lượng như định kiến. Việc chia sẻ đã chạy 5000km và mức tiêu thụ nhiên liệu cụ thể mang tính trải nghiệm thực tế, không có ý chê mạnh. Tổng thể câu này đang bênh vực và đánh giá chiếc MG HS là ổn dù mang mác xe Trung Quốc.",Positive
54,Tàu thì tàu chứ dạo này cũng nhiều cụ đi phết.,Fact-implied,Positive,"Câu nói thừa nhận xe 'Tàu' thường bị định kiến, nhưng vế sau 'dạo này cũng nhiều cụ đi phết' cho thấy xe đang được nhiều người sử dụng hơn, ngầm thể hiện sự chấp nhận và độ phổ biến tăng lên.",Positive
55,"xe sang do giá sau thuế thôi cụ, với các hãng cũng tranh thủ làm tiền do bên mình chỉ người giàu mới mua được xe oto",Fact-implied,Negative,"Người nói cho rằng xe bị xem là 'sang' chủ yếu vì giá sau thuế quá cao chứ không hẳn do bản thân xe có giá trị hay chất lượng vượt trội. Đồng thời còn nói các hãng 'tranh thủ làm tiền', ngầm chê xe bị bán overpriced và không xứng đáng với mức giá.",Negative
56,Em thấy thiết kế nó cứ ôm nguyên của Mazda thì kiểu gì chẳng vừa mắt. Nhưng nhìn kỹ vẫn thấy dại dại các cụ ạ,Metaphorical,Negative,"Người nói thừa nhận xe nhìn qua có thể vừa mắt vì thiết kế gần như bê nguyên phong cách của Mazda. Tuy nhiên, vế sau 'nhìn kỹ vẫn thấy dại dại' mới là ý chính, ngầm chê thiết kế thiếu tinh tế, kém sang và chưa được hoàn thiện tốt.",Negative
57,"vậy sao doanh số SAIC MG chỉ đứng 20 Trung quốc, doanh số MG ZS chỉ đứng 50 TQ zậy cụ",Rhetorical-question,Negative,"Người nói viện dẫn thứ hạng doanh số thấp của SAIC MG và MG ZS tại Trung Quốc để chất vấn, ngầm cho rằng xe không được thị trường ưa chuộng, sức hút kém hoặc chất lượng chưa thuyết phục.",Negative
58,"Nguồn ngốc English nhưng đã chuyển giao cho China, nên thương hiệu cũng đi theo",Fact-implied,Negative,"Câu nói nhấn mạnh thương hiệu tuy có nguồn gốc Anh nhưng đã được chuyển giao cho Trung Quốc, hàm ý rằng giá trị, đẳng cấp hoặc uy tín thương hiệu Anh đã không còn như trước. Việc gắn với Trung Quốc trong ngữ cảnh này mang sắc thái chê bai, nghi ngờ chất lượng và hình ảnh thương hiệu.",Negative
59,Nếu Tàu mua MG bao gồm các patent mà MG sở hữu thì yên tâm là chất của nó không giảm sút nhiều. Còn chỉ độc cái tên thì cũng chẳng biết thế nào.,Fact-implied,Negative,"Người nói đặt chất lượng MG sau khi bị hãng Trung Quốc mua lại trong trạng thái có điều kiện: nếu mua cả bằng sáng chế thì chất lượng có thể không giảm nhiều, nhưng nếu chỉ mua cái tên thương hiệu thì rất khó tin tưởng. Cách nói này thể hiện sự hoài nghi và lo ngại về chất lượng thực sự của xe.",Negative
60,"Không chỉ Thái đâu, nó vào tốp 10 bên Úc rồi (đứng thứ 7,8 gì đó), top 10 ở India (hơn cả Honda,Nissan, Ford), UAE,Saudi Arabia, Chile.  Ở Úc nó có 2 bản Mg3 và ZS đứng No1 phân khúc luôn. ZS cũng đứng No1 ở Chile, Trong lúc người Việt đang mải mê chê người Trung Quốc thì họ chẳng quan tâm đến VN nói gì. Trong ngành ô tô, họ đã  chiếm thị phần lớn trong nước và quốc tế, mua lại các thương hiệu lớn như Volvo, MG,... Đồng thời cũng có nhiều công nghệ mới trong xe điện như Blade Batterry của BYD, Lidar giá rẻ của Xpeng. Hiện giờ họ chỉ miệt mài làm việc để có thể cạnh tranh với Mỹ, Âu, Nhật thôi.  Còn người Việt thì chỉ ngồi đó và chê người khác.",Fact-implied,Positive,"Câu nói liệt kê việc các mẫu xe Trung Quốc/MG lọt top bán chạy ở nhiều thị trường quốc tế, đứng số 1 phân khúc tại Úc và Chile, đồng thời nhấn mạnh các hãng Trung Quốc đã có thị phần lớn, mua lại thương hiệu lớn và sở hữu công nghệ mới như pin Blade Battery, Lidar giá rẻ. Việc đối lập với thái độ 'ngồi đó và chê' của người Việt càng cho thấy người nói đang bênh vực và đánh giá cao năng lực, chất lượng, sức cạnh tranh của xe Trung Quốc.",Positive
61,"Vin mà họ dc phát triển trong môi trường công  nghệ của China, trình độ lao động cao như China thì cũng chưa biết tnao đâu cụ",Fact-implied,Positive,"Người nói đang bảo vệ Vin, cho rằng nếu được phát triển trong môi trường công nghệ và trình độ lao động cao như Trung Quốc thì kết quả có thể rất khác, hàm ý Vin có tiềm năng và không nên bị đánh giá thấp hoàn toàn.",Positive
62,Môi trường sống tạo nên tính cách ! Bố mẹ trí thức đẻ con rồi đem cho anh bán chuối nuôi thì tính cách sẽ là của anh bán chuối thôi !,Metaphorical,Negative,"Câu nói dùng phép ví von 'bố mẹ trí thức nhưng con được anh bán chuối nuôi' để nhấn mạnh môi trường sản xuất/nuôi dưỡng quyết định bản chất. Trong ngữ cảnh xe, đây là cách mỉa mai rằng dù xe có nguồn gốc, thiết kế hay thương hiệu tốt thì khi được sản xuất/lắp ráp trong môi trường kém chất lượng, tính cách/chất lượng xe cũng sẽ bị ảnh hưởng xấu.",Negative
63,Tàu chém nó cũng rất chi là Tàu,Ironic,Negative,"Câu nói dùng từ 'Tàu' với sắc thái mỉa mai, định kiến tiêu cực về hàng Trung Quốc; 'chém' ám chỉ quảng cáo/nói quá. Ý ngầm là chiếc xe hoặc hãng xe bị cho là phô trương, thiếu đáng tin và mang chất lượng/kiểu cách bị chê bai.",Negative
64,Cái map cứ đường lưỡi bò thì cái kết đã định sẵn từ đầu rồi các cụ,Fact-implied,Negative,"Câu này ám chỉ bản đồ trên xe có hiển thị 'đường lưỡi bò', một lỗi/chi tiết rất nhạy cảm và khó chấp nhận tại Việt Nam. Cụm 'cái kết đã định sẵn từ đầu' ngầm nói rằng xe sẽ bị phản ứng, tẩy chay hoặc thất bại ngay từ đầu vì vấn đề này.",Negative
65,Đi cái xe tàu mất tư cách.,Metaphorical,Negative,"Cụm 'xe tàu' mang sắc thái miệt thị xe Trung Quốc, kết hợp với 'mất tư cách' cho thấy người nói đánh giá chiếc xe thấp kém, làm giảm hình ảnh/người dùng khi sử dụng.",Negative
66,"Thời em ra trường mà không có xe máy tầu thì chỉ có đạp xe đạp đi làm cụ ạ. Mẹ cái xe dim việt cũng phải hơn 2 chục củ, tiền đâu mà mua, không có xe tầu bọn honda, ya nó đẩy giá trên giời.",Fact-implied,Positive,"Người nói nhấn mạnh rằng xe máy Trung Quốc ('xe tầu') từng giúp người mới đi làm có phương tiện đi lại khi các xe Honda, Yamaha quá đắt và bị đẩy giá rất cao. Dù cách nói bình dân, ý chính là xe tầu có lợi thế giá rẻ, dễ tiếp cận và tạo cạnh tranh cho thị trường.",Positive
67,"Các Hãng xe Tàu muốn thành công ở thị trường VN thì phải bỏ cái đường lưỡi bò đi, tuyệt đối không để nó xuất hiện trên bản đồ. Chứ vẫn ""tham-sân-si"" cái vùng nước lịch sử hình lưỡi bò thì......à mà thôi....",Ironic,Negative,"Người nói đặt điều kiện để các hãng xe Trung Quốc có thể thành công ở Việt Nam: phải loại bỏ hình ảnh 'đường lưỡi bò' trên bản đồ. Cụm 'tham-sân-si' và cách bỏ lửng 'à mà thôi' thể hiện thái độ mỉa mai, không thiện cảm và phản đối các hãng xe này nếu tiếp tục gắn với vấn đề chủ quyền gây tranh cãi.",Negative
68,Động cơ tàu là cái mà làm cho người ta suy nghĩ cùng với cái lưỡi bò nũa mà ngóc lên thế nào được,Metaphorical,Negative,"Người nói nhắc đến 'động cơ tàu' và 'lưỡi bò' như những yếu tố gây ác cảm, khiến người dùng phải cân nhắc và mất niềm tin vào chiếc xe. Cụm 'ngóc lên thế nào được' ngầm cho rằng mẫu xe/hãng xe khó có thể phát triển hoặc được đón nhận vì các vấn đề này.",Negative
69,"Xe MG bây giờ có tiếng trên toàn cầu rồi. Trên nhiều nước, MG đã vượt lên top 10, qua mặt nhiều hãng của Nhật, Hàn. Thị trường VN thì bé, chắc họ chưa quan tâm nhiều lắm. Cụ nào thích thì cứ mua, cụ nào ăn chắc thì thôi.",Fact-implied,Positive,"Người nói nhấn mạnh MG hiện đã có danh tiếng toàn cầu, đạt top 10 ở nhiều nước và vượt qua nhiều hãng Nhật, Hàn, qua đó ngầm khẳng định chất lượng và vị thế thương hiệu đang tốt lên. Câu 'cụ nào thích thì cứ mua, cụ nào ăn chắc thì thôi' chỉ thể hiện sự trung lập với người còn e dè, không phải chê xe.",Positive
70,MG cứ giảm nửa giá nữa đi thì mới bán chạy,Fact-implied,Negative,"Câu nói mỉa mai rằng MG phải giảm thêm tới một nửa giá thì mới bán chạy, ngầm chê xe/ thương hiệu chưa đủ hấp dẫn và giá trị không xứng với mức giá hiện tại.",Negative
71,Xe Tàu thì đấu đá cái gì?,Rhetorical-question,Negative,"Cụm 'Xe Tàu' mang sắc thái định kiến, coi thường; câu hỏi tu từ 'đấu đá cái gì?' ngầm phủ nhận khả năng cạnh tranh hoặc giá trị của chiếc xe, cho rằng xe không đáng để so sánh.",Negative
72,"Màn hình mà bị lỗi, hỏng thì còn mệt nữa Nghĩ tới cảnh giữa mùa hè ko bật được điều hòa thì ối giời ơi Nhưng con MG này em vẫn thấy có nút vật lý ở dưới màn hình mà",Fact-implied,Positive,"Người nói ban đầu lo ngại việc màn hình lỗi có thể gây bất tiện lớn, đặc biệt nếu không bật được điều hòa vào mùa hè. Tuy nhiên, câu sau nhấn mạnh rằng mẫu MG này vẫn có nút vật lý dưới màn hình, tức là xe không phụ thuộc hoàn toàn vào màn hình cảm ứng và vẫn có cách thao tác tiện lợi hơn khi có sự cố. Ý chính nghiêng về việc đánh giá tốt thiết kế có nút vật lý của xe.",Positive
73,"MG vẫn bán dc, rồi các cụ xem. Nó chả khác gì Jaguar land rover của Tata cả! Thương hiệu cũ nó là cái gì đó rất khó tả.",Fact-implied,Positive,"Người nói dự đoán MG vẫn sẽ bán được, đồng thời so sánh với Jaguar Land Rover thuộc Tata để nhấn mạnh rằng dù đổi chủ hay có yếu tố gây tranh cãi, giá trị thương hiệu cũ vẫn tạo sức hút đặc biệt. Cụm 'thương hiệu cũ... rất khó tả' hàm ý di sản thương hiệu có sức hấp dẫn riêng, giúp xe dễ được đón nhận.",Positive
74,vẫn còn cái mác xe tàu thì 550 triệu cũng vẫn ế,Fact-implied,Negative,"Câu nói cho rằng dù giá 550 triệu nhưng vì mang 'mác xe tàu' nên xe vẫn khó bán, ngầm chê thương hiệu/nguồn gốc kém hấp dẫn và giá trị thị trường thấp.",Negative
75,"Xe tầu ở VN chắc chỉ mấy con xe điện VF là đc ưu ái, chứ dân mình nghe mác tàu là đã gờn gợn rồi.",Ironic,Negative,"Câu nói cho rằng xe mang mác Trung Quốc ở Việt Nam thường khiến người dùng e ngại, có cảm giác không tin tưởng ngay từ đầu; chỉ vài mẫu xe điện VF mới được ưu ái hơn. Cụm 'nghe mác tàu là đã gờn gợn' thể hiện định kiến và cảm nhận tiêu cực về chất lượng/độ tin cậy của xe.",Negative
76,tên RX... nghe như lexus ấy nhỉ. Nhưng gì thì anh tàu này cũng tèo như mẫu sedan đấy giá tụt đến gót mà có đấu đc M3 đâu.,Fact-implied,Negative,"Người nói mỉa mai tên xe 'RX' nghe giống Lexus nhưng sau đó dự đoán xe Trung Quốc này sẽ thất bại như mẫu sedan trước đó, bị rớt giá mạnh và không thể cạnh tranh với M3. Điều này thể hiện sự đánh giá thấp về thương hiệu, giá trị và năng lực cạnh tranh của xe.",Negative
77,"Eo ôi, ngày xưa em giấc mơ pê đê đắt ngang mảnh đất phố đấy ạ",Fact-implied,Negative,"Cụm 'giấc mơ' cho thấy chiếc xe từng là niềm ao ước, biểu tượng đáng thèm muốn. Việc nói xe 'đắt ngang mảnh đất phố' nhấn mạnh giá trị cao và độ sang/đẳng cấp của xe ngày xưa, không phải chê chất lượng xe.",Positive
78,650 mà bản full phè phè thì may ra có cơ ạ,Fact-implied,Negative,Câu nói ngầm cho rằng chiếc xe chỉ đáng cân nhắc nếu bản full option có giá khoảng 650 triệu; nếu cao hơn hoặc cấu hình thấp hơn thì khó hấp dẫn. Điều này thể hiện sự chê bai về giá bán/giá trị của xe hiện tại.,Negative
79,"Có lần e xem video trên reddit có quả mustang thì phải, chạy lùi với xe có cam, “nháy mắt” cái rồi quay mông phóng mất",Metaphorical,Positive,"Người nói kể lại cảnh chiếc Mustang chạy lùi ngang xe quay phim, có hành động 'nháy mắt' mang tính biểu diễn rồi quay đầu phóng đi rất nhanh. Cách mô tả này thể hiện sự thích thú, ấn tượng với độ ngầu, khả năng tăng tốc và phong cách của xe.",Positive
80,"Vãi, ngang CX5 luôn à?? tưởng 650 còn có cửa",Rhetorical-question,Negative,"Người nói bất ngờ vì mức giá của xe lại ngang với CX-5, một mẫu xe được xem là đáng giá hơn trong cùng tầm. Câu 'tưởng 650 còn có cửa' ngầm cho thấy nếu giá khoảng 650 triệu thì còn cân nhắc, còn mức hiện tại là quá cao và khó cạnh tranh.",Negative
81,"MG em thấy ruột công nghệ tàu cả, còn jaguar land rover vẫn là công nghệ của hãng, chỉ chủ là tàu.",Fact-implied,Negative,"Người nói cho rằng MG chỉ mang vỏ thương hiệu nhưng phần lõi công nghệ đều là Trung Quốc, hàm ý nghi ngờ chất lượng và giá trị công nghệ của xe. Việc so sánh với Jaguar Land Rover càng nhấn mạnh MG bị đánh giá thấp hơn vì không còn giữ được bản sắc/công nghệ riêng đáng tin cậy.",Negative
82,"Ở VN được cái sỹ diện, gắn mác xe tàu mấy em hot girl không bao giờ ngồi đâu",Ironic,Negative,"Câu nói mỉa mai tâm lý sính thương hiệu ở Việt Nam, cho rằng xe mang mác 'xe tàu' sẽ bị coi thường và thiếu sức hút, đến mức 'hot girl không bao giờ ngồi'. Điều này ngầm chê hình ảnh thương hiệu và độ sang/uy tín của chiếc xe kém.",Negative
83,Khiếp thế.đâm phát là các bộ phận rồi máy đi chu du khắp nơi luôn.Không biết khung gầm làm bằng gì nữa...,Metaphorical,Negative,"Người nói dùng giọng mỉa mai và phóng đại rằng chỉ cần va chạm là các bộ phận, thậm chí cả máy văng ra khắp nơi, từ đó ngầm chê xe có kết cấu yếu, khung gầm kém chắc chắn và độ an toàn thấp.",Negative
84,"Thôi xin cụ, xe Tầu chưa bao giờ có cửa ở Ta, nói gì đến đấu này đấu nọ.",Metaphorical,Negative,"Câu nói dùng giọng phủ định và coi thường: 'xe Tầu chưa bao giờ có cửa ở Ta' ngầm khẳng định xe Trung Quốc không có khả năng cạnh tranh hoặc được chấp nhận tại thị trường Việt Nam, 'nói gì đến đấu này đấu nọ' càng nhấn mạnh việc không đủ tầm để so sánh hay đối đầu với đối thủ khác.",Negative
85,"Chỉ có xe đạp và đạp điện là nhiều xe tau thôi, đến xe máy còn hiếm huống chi Oto.",Fact-implied,Negative,"Câu nói nhấn mạnh rằng xe Trung Quốc chỉ phổ biến ở phân khúc xe đạp, xe đạp điện; đến xe máy còn hiếm thì ô tô lại càng hiếm hơn. Hàm ý là ô tô loại này không được thị trường ưa chuộng hoặc ít được tin dùng, mang sắc thái đánh giá tiêu cực về độ phổ biến và sức hút của xe.",Negative
86,MG chắc cạnh tranh được về giá,Ironic,Negative,"Câu nói cho rằng MG có khả năng cạnh tranh nhờ mức giá, ngầm thể hiện lợi thế về giá bán/độ hấp dẫn kinh tế so với đối thủ, dù chưa khen các yếu tố khác của xe.",Positive
87,"Mazda CX5 có lẽ đã thiết lập lại mặt bằng cho ô tô phổ thông ở VN. Cùng phân khúc cao hơn ko có cửa đấu lại rồi, phân khúc thấp hơn hoặc dòng sedan phổ thông cũng ngắc.",Fact-implied,Positive,"Người nói cho rằng Mazda CX5 đã nâng chuẩn chung của ô tô phổ thông tại Việt Nam, khiến các xe cùng phân khúc, thậm chí phân khúc cao hơn cũng khó cạnh tranh, còn phân khúc thấp hơn hoặc sedan phổ thông cũng bị lép vế. Đây là cách khen ngầm CX5 có giá trị, trang bị và sức cạnh tranh rất mạnh.",Positive
88,"Xe Nhật, Hàn đang và sẽ  rẻ hều thế sao phải đi mua xe Tàu. Có tiền mua mới ko thì cũ mà múc.",Rhetorical-question,Negative,"Người nói so sánh xe Trung Quốc với xe Nhật, Hàn và cho rằng khi xe Nhật, Hàn đã rẻ thì không có lý do gì phải mua xe Tàu. Câu 'có tiền mua mới không thì cũ mà múc' ngầm khuyên nên chọn xe Nhật/Hàn mới hoặc cũ thay vì xe Tàu, thể hiện sự đánh giá thấp và thiếu tin tưởng vào xe Tàu.",Negative
89,Xe tàu mà rẻ hơn có 100tr thì ai mua,Rhetorical-question,Negative,"Cụm 'xe tàu' mang sắc thái xem thường, kết hợp với ý 'rẻ hơn có 100tr thì ai mua' cho thấy người nói cho rằng chiếc xe không đủ hấp dẫn, giá chưa tương xứng với định kiến về chất lượng và thương hiệu",Negative
90,Giờ các cụ các mợ cứ phải là màn hình thật to mới là oách ! Trên VFe34 rồi VF8 em nhìn đã thấy khủng lắm rồi mà con này màn hình còn to hơn  . Công nhận thời nay mốt xe là cứ chơi cái màn to tổ chảng vào táp lô dân mới thích thì phải . Ko mấy người quan tâm đến mục đích chính của cái xe để làm gì .,Ironic,Negative,"Người nói mỉa mai xu hướng trang bị màn hình quá to trên xe, cho rằng hãng chỉ chạy theo thị hiếu 'oách' bằng cách đặt màn hình khổng lồ vào táp lô thay vì tập trung vào mục đích chính và giá trị cốt lõi của chiếc xe. Điều này thể hiện sự không hài lòng với thiết kế/định hướng sản phẩm.",Negative
91,"Cái này thì A V đã nói rõ rồi, bơm đến khi a ấy hết tiền, còn mua xe thì quan tâm cái xe chứ quan tâm cổ cánh làm gì cho mệt, mới đây thôi thì mua xe kèm lạc ầm ầm giờ VF3 thì các cụ được giao sớm thì bán lạc cho a khác máu hơn, đúng là thị trường cái nào cũng có thể xảy ra",Fact-implied,Positive,"Người nói tách chuyện cổ phiếu/hãng ra khỏi việc mua xe, nhấn mạnh nên quan tâm bản thân chiếc xe. Việc VF3 được giao sớm có thể bán lại suất/xe kèm chênh lệch cho người khác cho thấy mẫu xe đang rất hot, có nhu cầu cao và được thị trường săn đón. Dù câu nói mang tính bình luận thị trường, hàm ý đối với chiếc xe là tích cực vì xe có sức hút lớn.",Positive
92,Thấy đài báo đưa tin là anh mình chuyển sang xây nhà máy ở Indo với Ấn độ rồi mà ! Mà chả cần xây thêm thì nhà máy Cát Hải chạy cỡ 50% công suất giai đoạn 1 (125k chiếc/năm) đã thoải mái bán toàn cầu rồi !,Fact-implied,Negative,"Câu nói mỉa mai việc hãng nói xây thêm nhà máy ở Indonesia và Ấn Độ trong khi nhà máy Cát Hải hiện tại còn chưa chạy hết công suất. Ý ngầm là xe bán không đủ nhiều, nhu cầu thị trường yếu, nên kế hoạch mở rộng sản xuất là phô trương hoặc không thực tế.",Negative
93,"Xe nào mới ra của anh ấy chả hót hòn họt hả cụ, Toàn chục với trăm nghìn đơn, quy mô cuốc tế luôn nhé.",Ironic,Negative,"Câu nói nhấn mạnh rằng xe nào mới ra cũng 'hót hòn họt', có rất nhiều đơn đặt hàng và quy mô được nói là mang tầm quốc tế. Dù giọng điệu có chút cường điệu, nội dung chính vẫn ngầm thể hiện xe được quan tâm, thu hút và có sức bán tốt.",Positive
94,"Cái này tôi đồng ý với ông. Sống trên đất nước có chế độ và nền tư pháp tuyệt vời ông mặt trời như này thì làm gì có chuyện trái pháp luật. Ko nên lôi 2 thằng quái vật kia vào so sánh làm gì. đơn giản mấy thằng ấy ko có tuổi gì so với vinfet nhà mình, nhất là so về giá cổ cánh lúc mở bán. Thân.",Ironic,Negative,"Bình luận dùng giọng mỉa mai khi khen 'chế độ và nền tư pháp tuyệt vời' và nói 'làm gì có chuyện trái pháp luật', đồng thời gọi VinFast là 'vinfet' và so sánh kiểu châm biếm rằng các hãng khác 'không có tuổi', đặc biệt về giá cổ phiếu lúc mở bán. Ý chính là chế giễu sự thổi phồng, định giá cổ phiếu và hình ảnh của hãng/xe VinFast, nên cảm xúc ngầm là tiêu cực.",Negative
95,"chắc phải làm ăn thế nào mới nhìn anti thế chứ, ko có lửa sao có khói , do ăn ở thế nào",Metaphorical,Negative,"Câu nói dùng các cụm như 'không có lửa sao có khói' và 'do ăn ở thế nào' để ám chỉ hãng/xe bị anti là có nguyên nhân, ngầm chê cách làm ăn hoặc chất lượng/dịch vụ có vấn đề nên mới bị phản ứng tiêu cực.",Negative
96,"ôi ko, bán qua Mỹ ko bán được thì giá nó mới rẻ, chứ chỉ phục vụ thị trường nội địa rồi lại kể một câu chuyện hay, kêu gọi yêu nước xây dựng uy tín rồi áp đặt mức giá cao lên dân mình à",Ironic,Negative,"Người nói mỉa mai rằng xe không bán được ở Mỹ nên mới rẻ, còn nếu chỉ bán trong nước thì hãng dùng câu chuyện yêu nước để xây dựng uy tín rồi áp giá cao cho người Việt. Điều này thể hiện sự bất mãn về chiến lược giá và nghi ngờ giá trị thực của xe.",Negative
97,Đi rồi mà vẫn còn vớt vát mấy câu vf3,Ironic,Negative,"Cụm 'vớt vát mấy câu' mang sắc thái mỉa mai, ám chỉ chiếc VF3 có nhiều điểm không ổn nên người nói hoặc người khác phải cố nói thêm vài câu để gỡ gạc, biện minh. Điều này thể hiện đánh giá không tích cực về xe.",Negative
98,Cũng đúng còn anti là còn fan,Fact-implied,Positive,Câu nói mang tính bênh vực/nhìn tích cực: việc có người anti được xem là dấu hiệu xe hoặc hãng vẫn có nhiều người quan tâm và ủng hộ. Hàm ý không chê xe mà phản bác sự tiêu cực từ anti-fan.,Positive
99,Có thằng làm trạm sạc cho BYD sạc ké thì Vìn chỉ có chạy Taxi chứ ko lại dc đâu . Sẽ đến lúc A Vượng được công nhận làm dc xe thì a ý sẽ dừng vì lỗ hoặc lãi quá ít . Mục đích của a ý cũng để khẳng định bản thân thôi .,Fact-implied,Negative,"Câu bình luận cho rằng xe của Vin chỉ phù hợp để chạy taxi, không thể cạnh tranh nếu BYD có hệ thống trạm sạc hỗ trợ. Việc dự đoán sẽ phải dừng vì lỗ hoặc lãi quá ít cũng ngầm phủ nhận tính bền vững và sức hấp dẫn thương mại của xe. Dù có thừa nhận 'làm được xe', tổng thể vẫn là đánh giá tiêu cực về khả năng cạnh tranh và tương lai của hãng xe.",Negative
100,"Cạnh tranh ở thị trường tự do như Mỹ khó lắm. Bên đó đầy hãng xe điện. Lỗ biết bao nhiêu tỉ rồi. Thôi về ao làng mà câu, ít cá nhưng toàn cá con, ko có cá mập.",Metaphorical,Positive,"Người nói cho rằng cạnh tranh ở thị trường Mỹ rất khốc liệt vì có nhiều hãng xe điện mạnh, trong khi hãng/xe này đã thua lỗ rất lớn. Hình ảnh 'về ao làng mà câu' và 'không có cá mập' mang tính mỉa mai, ngầm chê năng lực cạnh tranh yếu, chỉ phù hợp ở thị trường nhỏ ít đối thủ mạnh.",Negative
101,Vừa rồi Vinfast mở cửa nhà máy. Một dây chuyền sản xuất nhiều kiểu xe của Vinfast là có thật. Và Vinfast là 1 trong số rất ít nhà máy ô tô trên thế giới có được dây chuyền như vậy. Vì họ đầu tư đồng bộ công nghệ mới nhất. Cụ tài thật nhỉ?,Fact-implied,Positive,"Câu nói nhấn mạnh Vinfast có dây chuyền sản xuất hiện đại, có thật và thuộc số ít nhà máy ô tô trên thế giới sở hữu công nghệ như vậy. Việc 'đầu tư đồng bộ công nghệ mới nhất' thể hiện sự đánh giá cao về năng lực sản xuất và mức độ hiện đại của hãng.",Positive
102,Ngon nhưng lỗ nặng. Marketing vậy đủ rồi,Ironic,Negative,"Câu nói mở đầu bằng 'ngon' có vẻ khen, nhưng ngay sau đó phủ định bằng 'lỗ nặng' và đặc biệt câu 'Marketing vậy đủ rồi' mang ý mỉa mai, cho rằng những lời khen về xe chỉ là quảng cáo/thổi phồng chứ không thật sự thuyết phục.",Negative
103,Các cụ tranh luận mà kiến thức uyên thâm quá! Em hóng thôi chứ ko có tiền mua xe điện hay xe vin phét!,Metaphorical,Negative,"Người nói tỏ vẻ chỉ đứng ngoài xem tranh luận, nhưng cách gọi mỉa mai 'xe vin phét' thay vì tên hãng thể hiện thái độ châm biếm, thiếu thiện cảm và ngầm chê bai xe Vin/xe điện.",Negative
104,con bắc kinh X7 nó cũng đầy hàng hiệu đấy. Chắc nó cũng ko phải xe tào. Tào theo kiểu làm đc mỗi cái lô gô dán vào thì là xe Việt. Quá đỉnh,Ironic,Negative,"Người nói dùng giọng mỉa mai khi so sánh với Bắc Kinh X7 cũng có nhiều linh kiện/hàng hiệu, rồi chê chiếc xe được gọi là 'xe Việt' thực chất chỉ làm được mỗi cái logo để dán lên. Cụm 'Quá đỉnh' ở cuối là lời khen ngược, nhằm châm biếm việc xe thiếu giá trị tự phát triển thực chất.",Negative
105,E rằng còn lẩu còn lâu Pin còn chưa biết độ trâu thế nào Xe dù đã được bàn giao Khách đang thử nghiệm nháo nhào chưa xong Sạch xanh nghe cũng nức lòng Sợ 3 năm lại tiễn vong thêm lần...kkk,Ironic,Negative,"Câu nói mỉa mai xe điện: dù được quảng bá là sạch và xanh, người nói vẫn nghi ngờ độ bền của pin, cho rằng khách hàng đang như người thử nghiệm và lo sau vài năm xe/pin sẽ xuống cấp phải thay hoặc bỏ. Điều này thể hiện sự thiếu tin tưởng vào chất lượng và độ bền của xe.",Negative
106,"Kkk...sau 1 hồi cụ phán như đúng rồi , nào là R&D nào là công nghệ Mỹ... bla bla , cuối cùng vẫn lại câu : Có Thể có thị phần bên Tàu thôi à cụ ?",Ironic,Negative,"Người nói dùng giọng mỉa mai để phủ nhận các lập luận quảng bá như R&D hay công nghệ Mỹ. Cụm 'cuối cùng vẫn lại câu: Có Thể có thị phần bên Tàu thôi' cho thấy sự hoài nghi, cho rằng chiếc xe/ thương hiệu không thật sự có sức cạnh tranh hay giá trị như được nói, chỉ có thể bán được ở thị trường Trung Quốc.",Negative
107,"Cụ cò không tiến ...kiêng khem Đừng hô hào giục anh em xuống tiền Toàn là : chắc sẽ ...lên tiên Bây giờ khách vẫn đảo điên test giùm PR quảng cáo ...bèng rum Hiện thời khách cổ đeo cùm thuê pin Cục pin chẳng khác khối mìn Bảo hiểm không có , cụ tin không nào ? Chắc là , chắc sẽ ...không sao Tinh thần mãnh liệt cứ ào ào ...mua ...kkk",Ironic,Negative,"Câu nói dùng giọng mỉa mai để chỉ trích việc hô hào mua xe dựa trên những lời hứa kiểu 'chắc sẽ' và PR quảng cáo ồn ào. Các hình ảnh như 'khách cổ đeo cùm thuê pin', 'cục pin chẳng khác khối mìn', 'bảo hiểm không có' ngầm nhấn mạnh rủi ro lớn về pin, chi phí thuê pin và sự thiếu an toàn/bảo vệ cho khách hàng. Tổng thể thể hiện thái độ hoài nghi, chê bai và cảnh báo không nên xuống tiền mua xe.",Negative
108,"Chắc cũng còn phải nhập khẩu nhiều thứ nhưng chắc chắn là phần thân vỏ Lux A, SA, Fadil đều đang được dập ở Cát Hải đấy cụ ợ !",Fact-implied,Positive,"Câu nói thừa nhận xe vẫn còn phải nhập khẩu nhiều linh kiện, nhưng nhấn mạnh phần thân vỏ của các mẫu Lux A, SA, Fadil đã được sản xuất/dập trong nước tại Cát Hải. Điều này ngầm thể hiện sự công nhận năng lực sản xuất và mức độ nội địa hóa của hãng xe.",Positive
109,"Bây giờ vở đã sang trang Chuyển sang xe điện, làm hàng sạch/ xanh Không còn xăng nhớt hôi tanh Chờ xem thắng lợi lưu danh toàn cầu",Ironic,Positive,"Câu thơ thể hiện sự ủng hộ việc chuyển sang xe điện vì sạch, xanh, không còn mùi xăng nhớt khó chịu; đồng thời kỳ vọng xe sẽ thành công và được ghi nhận trên toàn cầu.",Positive
110,"Cứ mua đừng có phân vân Người ta chắc sẽ tính phần bền lâu Pin thì chắc sẽ rất trâu Bảo hành bảo dưỡng đi lâu ngại gì Bà con hãy cứ mua đi Em ""cò không tiến"" thôi thì ... đứng xem kkk",Ironic,Negative,"Câu nói khuyên mọi người cứ mua, nhấn mạnh xe được tính toán để bền lâu, pin 'rất trâu', bảo hành bảo dưỡng lâu dài nên không phải ngại. Phần cuối 'đứng xem' chỉ là đùa rằng bản thân không có tiền mua, không phải chê xe.",Positive
111,"Phải phục đội nhà Vanh, nói sai nhiều thành đúng, vẫn nhiều cụ có niềm tin mãnh liệt là xe động cơ bê em đúp Đức sản xuất lắm, đi cái xe cứ sướng rần rần",Ironic,Negative,"Câu nói mang tính mỉa mai: tác giả chê việc truyền thông/ủng hộ hãng lặp lại thông tin sai đến mức nhiều người tin rằng xe dùng động cơ BMW Đức sản xuất. Cụm 'đi cái xe cứ sướng rần rần' cũng là giọng chế giễu niềm tin quá đà, ngầm phủ nhận giá trị thực của xe.",Negative
112,"Xe điện thì tháng 7 bàn giao được 62 chiếc mà ngồi đây khua môi múa mép không biết ngượng . Tên tuổi lớn đang chưa thể cấu trúc ngay mà doanh số 1 ngày đang hơn cả ông nói phét cả mấy tháng , không đỡ được",Ironic,Negative,"Người nói mỉa mai việc xe điện chỉ bàn giao được 62 chiếc trong tháng 7 nhưng vẫn quảng bá, khoe khoang quá mức. Việc so sánh doanh số vài tháng còn thua doanh số một ngày của các hãng lớn ngầm chê xe/ hãng có sức bán yếu, không được thị trường đón nhận và chỉ giỏi nói phét.",Negative
113,Mart … bán Tivi … bứt Điện thoại … bẹp Đốt trong … bỏ …,Fact-implied,Negative,"Câu nói liệt kê các mảng kinh doanh bị bán, thất bại hoặc bỏ dở như Mart, Tivi, Điện thoại, xe động cơ đốt trong. Hàm ý mỉa mai hãng thiếu ổn định, dễ khai tử sản phẩm, khiến người dùng mất niềm tin vào xe và dịch vụ lâu dài.",Negative
114,chính sách cố định giá trọn đời hẳn hoi tăng gì mà tăng. chờ người mua xe kiện xong rồi tăng,Ironic,Negative,"Câu nói mang tính mỉa mai về việc hãng/đơn vị bán xe có chính sách 'cố định giá trọn đời' nhưng vẫn có ý định tăng giá. Việc nhắc đến 'người mua xe kiện' cho thấy sự bất mãn, nghi ngờ tính minh bạch và uy tín của chính sách giá liên quan đến chiếc xe.",Negative
115,"Em nhà nghèo k ham hố mấy đồ này, mua con xe đắng đo lắm chứ k phải như mua đồ chơi cho con, 2-3 hôm nó k làm nữa mua món khác, mặc dầu yêu nc nhưng để mua đồ cùa Vin thì không thể không suy nghĩ, nhìn mấy cái đt, tivi, vaccine covid, gần đây xe chạy xăng nữa…không đùa được đâu.",Fact-implied,Negative,"Người nói nhấn mạnh mua xe là quyết định lớn, không thể tùy tiện như mua đồ chơi. Dù nói yêu nước, họ vẫn bày tỏ sự nghi ngại khi mua sản phẩm của Vin, dẫn chứng các sản phẩm trước đây như điện thoại, tivi, vaccine, xe xăng để ám chỉ sự thiếu ổn định hoặc không đáng tin cậy. Hàm ý là không yên tâm về chất lượng và cam kết lâu dài của xe Vin.",Negative
116,"Muốn nhận xe sớm thì cứ làm vài ba cái video xàm xàm up lên mạng, xong ra showroom đặt xe, nhận mình là reviewer có kênh diu túp, tích tốc các kiểu nha các bác Tuần sau là có xe liền Đằng sau ông quay phim có sẵn mấy chú Pờ Lít thì thằng nào dám chê",Ironic,Negative,"Câu nói mang tính mỉa mai, ám chỉ việc muốn nhận xe sớm thì phải giả làm reviewer có kênh mạng xã hội, đồng thời cho rằng các đánh giá về xe không khách quan vì có sự ưu ái hoặc gây áp lực khiến người khác không dám chê. Điều này ngầm thể hiện thái độ hoài nghi, chê bai cách bán hàng/quảng bá và chất lượng thực sự của xe.",Negative
117,Ai chê cứ chê. Từ 1/5 giá cà rốt lại tăng 16 trẹo. Bà con bớt mua con này chứ giờ ra đường nhiều cứ như lợn con.,Ironic,Positive,"Câu nói 'ai chê cứ chê' thể hiện người nói không đồng tình với các ý kiến chê bai. Việc xe tăng giá thêm 16 triệu và xuất hiện rất nhiều ngoài đường ngầm cho thấy mẫu xe này đang bán chạy, được nhiều người mua. Dù có chút than phiền vì xe quá phổ biến, ý chính vẫn là khen ngầm sức hút và độ được ưa chuộng của xe.",Positive
118,"ở tỉnh xe về chậm hơn phải ko cụ, trọng hội cross thấy mấy bác ở hn với đà nẵng nhận xe đăng ảnh khoe rầm rầm, e ở tỉnh sale báo từ giờ đến cuối tháng ko biết ngày nào @@",Fact-implied,Negative,"Người viết so sánh việc khách ở Hà Nội và Đà Nẵng đã nhận xe, khoe ảnh nhiều trong khi mình ở tỉnh vẫn bị sale báo chưa rõ ngày giao. Điều này thể hiện sự sốt ruột và không hài lòng về tiến độ giao xe/phân phối xe chậm ở tỉnh.",Negative
119,Safety Sense nó làm cho loa của cụ...bất lực đó,Ironic,Negative,Câu nói dùng từ 'bất lực' nhưng ngữ cảnh nhắc đến Safety Sense cho thấy hệ thống an toàn chủ động can thiệp/cảnh báo hiệu quả đến mức khiến người dùng không còn phải dùng 'loa' để nhắc nhở hay phản ứng. Đây là cách nói nửa đùa nửa khen về tính năng an toàn của xe.,Positive
120,mấy xe đời mới nâng cấp mấy chức năng mà ít sài tới ở điều kiện giao thông VN mà phải móc tiền trả thêm cũng tiếc phải không các cụ,Rhetorical-question,Negative,"Người nói cho rằng các xe đời mới được nâng cấp thêm nhiều chức năng nhưng lại ít hữu dụng trong điều kiện giao thông Việt Nam, trong khi người mua vẫn phải trả thêm tiền. Điều này ngầm chê xe không đáng tiền và các nâng cấp thiếu thực tế.",Negative
121,"hơi nhiều nhựa cụ nhỉ, e 26/10 này nhận xe mà vẫn thấy hơi nhựa",Fact-implied,Negative,"Người nói nhận xét xe có 'hơi nhiều nhựa' và 'vẫn thấy hơi nhựa', ngầm chê chất liệu nội thất/hoàn thiện chưa cao cấp, tạo cảm giác rẻ tiền hoặc kém sang dù sắp nhận xe.",Negative
122,Chắc cách âm tốt nên ko cần loa to đấy cụ,Ironic,Negative,Câu nói cho rằng xe có khả năng cách âm tốt nên không cần hệ thống loa phải quá lớn vẫn nghe ổn. Đây là lời khen ngầm về độ yên tĩnh trong khoang cabin và chất lượng cách âm của xe.,Positive
123,Cụ nào chán cross thì ới cháu. Cháu mua cho bà xã,Fact-implied,Positive,"Người nói sẵn sàng mua lại xe Cross cho vợ nếu ai đó muốn bán, cho thấy họ đánh giá xe phù hợp, đáng mua và có thiện cảm với mẫu xe này.",Positive
124,Vậy là dùng máy công nghệ lạc hậu chằng thêm viên pin 100 triệu “khó có vấn đề trong 5 năm đâu” vào để bán à máy cũ à? các xe hybrid khác không biết có thế không: camry hybrid hay lexus hybrid ý?,Rhetorical-question,Negative,"Người nói dùng các cụm như 'công nghệ lạc hậu', 'chằng thêm viên pin 100 triệu', 'máy cũ' để mỉa mai rằng xe hybrid chỉ là động cơ cũ được gắn thêm pin đắt tiền chứ không thực sự hiện đại hay đáng giá, thể hiện sự nghi ngờ và chê bai công nghệ của xe.",Negative
125,Fiesta cũ bán chắc 250 kịch 300 .rush 630 chưa biển . hơn gấp đôi mà gần đủ,Fact-implied,Negative,"Người nói so sánh Fiesta cũ chỉ khoảng 250-300 triệu với Rush giá 630 triệu chưa ra biển, tức đắt hơn hơn gấp đôi. Cách nói 'hơn gấp đôi mà gần đủ' hàm ý mức giá của Rush quá cao so với giá trị/độ trang bị nhận lại, chưa thật sự xứng đáng.",Negative
126,"Chân ga a khéo quá có 5,5lit/100km",Fact-implied,Positive,"Câu nói khen cách đạp ga khéo và nhấn mạnh mức tiêu thụ chỉ 5,5 lít/100km, ngầm thể hiện xe vận hành tiết kiệm nhiên liệu, chi phí sử dụng thấp.",Positive
127,Bản TRD đó đang được giảm 165tr đấy ạ. Còn hơn 1 tỷ à. a mua 1 chiếc về lấy bộ tem zin xịn dán cho Rush nhé,Ironic,Negative,"Người nói mỉa mai rằng dù bản TRD đã giảm tới 165 triệu nhưng vẫn còn hơn 1 tỷ, không đáng mua. Câu 'mua 1 chiếc về lấy bộ tem zin xịn dán cho Rush' ngầm chê bản TRD chủ yếu chỉ hơn ở bộ tem/trang trí, giá cao nhưng giá trị thực không tương xứng.",Negative
128,"XL7 là nâng cấp của Ertiga nên tốn tiền hơn kakaka, do đó khác gì Rush đâu Thế kỉ 21 từ đời nào zồi mà các cụ còn khen cái xe với 2 túi khí nhỉ Em tháo trần xe, cột A-B và ghế xe Rush ra thì thấy nó có cả túi khí ở trong luôn, đánh giá là xe Toyota đã vượt lên tầm cao mới hoàn toàn khác.",Ironic,Negative,"Người nói mỉa mai những mẫu xe ở thế kỷ 21 vẫn chỉ có 2 túi khí, ngầm chê độ an toàn kém. Ngược lại, khi nhắc đến Rush, người nói nhấn mạnh xe có túi khí ở nhiều vị trí như trần, cột A-B và ghế, rồi đánh giá Toyota 'vượt lên tầm cao mới', thể hiện sự khen ngợi về trang bị an toàn.",Positive
129,"Đặc điểm của xe có thiết kế body on frame đấy cụ. Lại thêm cái hệ thống treo thiết kế có hơi hướng off road, cộng với gầm cao nữa, thì đi tròng trành là phải. Thế nhưng nó lại chỉ có 1 cầu Kể ra nó mà 2 cầu thì lại là một xe off road nhẹ rất hay.",Fact-implied,Negative,"Người nói giải thích việc xe đi tròng trành là hệ quả của thiết kế body-on-frame, treo thiên hướng off-road và gầm cao. Tuy nhiên, điểm chê chính là xe chỉ có 1 cầu, khiến khả năng off-road không tương xứng với kiểu thiết kế; câu 'nó mà 2 cầu thì...' thể hiện sự tiếc nuối vì xe chưa đủ tốt như kỳ vọng.",Negative
130,"Đúng rùi cụ, Toyota phải quảng cáo là mua tem khuyến mãi xe đê",Metaphorical,Negative,"Câu nói mỉa mai rằng khách hàng mua Toyota chủ yếu là mua cái 'tem' thương hiệu, còn chiếc xe chỉ như đồ khuyến mãi đi kèm. Điều này ngầm chê xe Toyota bị đội giá vì thương hiệu, giá trị thực của xe không tương xứng.",Negative
131,"Đi nhẹ, nói khẽ, cười duyên vẫn là phẩm chất tốt mà cụ to xác mà nốc có hơn 6l/100km thì đòi hỏi gì hơn, tổng quãng đường cỡ 1200km hết 1,3tr A95 thôi ợ",Fact-implied,Positive,"Câu nói nhấn mạnh chiếc xe tuy 'to xác' nhưng mức tiêu thụ nhiên liệu chỉ hơn 6l/100km, đi khoảng 1200km hết 1,3 triệu tiền xăng A95. Đây là cách khen ngầm xe vận hành tiết kiệm, chi phí sử dụng thấp so với kích thước, nên không còn gì để đòi hỏi thêm.",Positive
132,"Xpander hôm trc e ngồi đc 8 ng 7 valy xách tay + 1 kiện 20kg ra sân bay cụ ợ rẻ hơn ỉn 30 hay 40k gì đấy. Thế ỉn mới chết. Đc tài mới mua xe gặp đúng dịch đói 8 tháng, còn chưa biết xếp ng và hàng ntn để lên đc hết.",Fact-implied,Positive,"Câu nói nhấn mạnh Xpander chở được 8 người cùng nhiều hành lý ra sân bay mà giá còn rẻ hơn Innova. Việc so sánh 'ỉn mới chết' và chê tài mới mua xe chưa biết xếp người/hàng càng làm nổi bật ưu điểm rộng rãi, thực dụng và kinh tế của Xpander.",Positive
133,nhanh hơn tí mà dc gì nhỉ,Rhetorical-question,Negative,"Câu nói cho rằng xe chỉ 'nhanh hơn tí' nhưng không mang lại lợi ích đáng kể nào, thể hiện sự xem nhẹ và hoài nghi về giá trị của ưu điểm tốc độ này",Negative
134,Vậy bác phải đọc thêm xem toy thay đổi những gì khá nhiều đấy.,Fact-implied,Positive,"Câu này khuyên người khác tìm hiểu thêm vì Toyota đã có khá nhiều thay đổi, ngầm phản bác ý kiến cho rằng xe không đổi mới và hàm ý xe đã được cải tiến đáng kể.",Positive
135,"Sedona cạnh tranh với Sienna & Odyssey, Innova tuổi gì mà giống Sedona.",Metaphorical,Negative,"Câu nói đặt Sedona ngang hàng với các mẫu MPV cao cấp hơn như Sienna và Odyssey, đồng thời dùng cách nói mỉa mai 'Innova tuổi gì' để nhấn mạnh Innova không cùng đẳng cấp với Sedona. Điều này ngầm khen Sedona ở phân khúc cao hơn, chất lượng và vị thế tốt hơn.",Positive
136,"Mối dòng xe đánh vào 1 phân khúc riêng, ở SG e thấy Sedona chạy đầy đường.",Fact-implied,Positive,"Người nói cho rằng mỗi dòng xe có phân khúc riêng và nhận xét Sedona xuất hiện rất nhiều trên đường ở Sài Gòn. Việc xe được chạy phổ biến ngầm thể hiện mẫu xe này được nhiều người lựa chọn, có sức hút và phù hợp nhu cầu thị trường.",Positive
137,Lắm ông cứ ác cảm chứ cả tụi Hàn sống ở VN cũng đầy thằng đi xe Nhật. Lên BD gặp tụi Tây đi Phò bỉm NN ko ít,Fact-implied,Positive,"Câu nói phản bác những người có ác cảm với xe Nhật/xe được nhắc tới bằng cách đưa dẫn chứng rằng cả người Hàn sống ở Việt Nam và nhiều người Tây cũng chọn đi các dòng xe này. Hàm ý là xe không tệ, vẫn được nhiều người nước ngoài tin dùng nên đáng tin cậy.",Positive
138,Fotuner cảm tưởng như chạy dịch vụ chứ gia đình chạy trong thành phố thỉnh thoảng đi phượt ai chạy xe ấy . trừ đi tỉnh nhiều,Fact-implied,Negative,"Người nói cho rằng Fortuner tạo cảm giác giống xe chạy dịch vụ hơn là xe gia đình, không phù hợp để đi trong thành phố hay thỉnh thoảng đi phượt; chỉ hợp nếu thường xuyên đi tỉnh nhiều. Cách nói này ngầm chê xe kém phù hợp với nhu cầu gia đình đô thị.",Negative
139,Tai bác thính thế. Em thấy đi nhanh chỉ còn tiếng gió.,Metaphorical,Positive,"Người nói cho rằng khi đi nhanh gần như không nghe thấy tiếng động cơ hay tiếng ồn khó chịu nào khác, chỉ còn tiếng gió là âm thanh tự nhiên ở tốc độ cao. Câu này ngầm khen xe vận hành êm và cách âm khá tốt.",Positive
140,Nếu để phục vụ gia đình thì cứ máy xăng mà chơi thôi ạ,Fact-implied,Positive,"Câu nói đưa ra lời khuyên chọn phiên bản máy xăng nếu mục đích là phục vụ gia đình, ngầm thể hiện máy xăng phù hợp, tiện dụng và đáng tin cậy cho nhu cầu sử dụng gia đình.",Positive
141,Xe này chạy xăng thì uống như uống bia,Metaphorical,Negative,"Cụm 'uống như uống bia' là cách nói ví von để chê xe tiêu thụ xăng rất nhiều, hao nhiên liệu và tốn chi phí vận hành.",Negative
142,"55tr/12 tháng ~ 4.6tr/tháng=1,15 tr/tuần vị chi gần tuần cụ đổ đầy bình 1 lần? cũng nhanh phết. em 2 tuần 1 bình thấy nhẹ tênh, chạy = nửa cụ.",Rhetorical-question,Negative,"Người nói quy đổi chi phí xăng ra theo tuần và nhận xét gần như mỗi tuần phải đổ đầy bình một lần là 'cũng nhanh phết'. So sánh với xe của mình 2 tuần mới hết một bình càng ngầm cho thấy chiếc xe được nhắc tới tiêu hao nhiên liệu nhanh, chi phí vận hành cao.",Negative
143,Hàng 3 thì chắc tầm tiền đấy xe nào cũng như nhau luôn. Muốn ngồi dc chắc chỉ lên Land to chứ Pra cũng ko hơn nhiều.,Fact-implied,Negative,"Người nói cho rằng hàng ghế thứ 3 của xe trong tầm tiền này đều không thực sự thoải mái; muốn ngồi được thì phải lên dòng xe lớn hơn như Land Cruiser, còn Prado cũng không cải thiện nhiều. Điều này ngầm chê không gian hàng 3 chật và kém tiện dụng.",Negative
144,"Xe dầu đời mới bây giờ công nghệ Euro bốn rồi, nếu các bác dung dầu Do 0.001s  thì không có mùi gì giống hệt máy xăng.",Fact-implied,Positive,"Người nói nhấn mạnh xe dầu đời mới dùng công nghệ Euro 4 và nếu sử dụng loại dầu phù hợp thì không còn mùi khó chịu, vận hành sạch và dễ chịu như máy xăng. Đây là cách phản bác định kiến xe dầu hôi, ngầm khen công nghệ và trải nghiệm của xe.",Positive
145,"ù là đặc trưng muôn thuở của innova và fortuner xăng rồi cụ, ko giải quyết dc, nhất là những lúc cụ ép số nhiều nữa. e đi fortuner V 2009, e đã sống chung với ù gần chục năm nay rồi",Fact-implied,Negative,"Người nói mô tả tiếng ù là vấn đề cố hữu, kéo dài của Innova và Fortuner máy xăng, không thể giải quyết được, đặc biệt khi ép số. Việc phải 'sống chung với ù gần chục năm' ngầm chê xe có độ ồn/vọng khó chịu và chất lượng vận hành chưa tốt.",Negative
146,"các cụ so hàng 3 với fortuner thì phải là land cruiser, mấy con sedona, v class, turneo tuổi gì...",Fact-implied,Positive,"Người nói cho rằng nếu muốn so sánh hàng ghế thứ 3 với Fortuner thì phải lấy mẫu cao cấp như Land Cruiser, còn các xe như Sedona, V-Class, Tourneo đều không đủ tầm. Cách nói thô nhưng thể hiện sự đề cao không gian/độ thoải mái hàng ghế 3 của Fortuner.",Positive
147,"Dầu vẫn có tiếng re re, chỉ là khi đi chậm tiếng nó lào xào, nhanh thì tròn tua hơn chút",Fact-implied,Negative,"Người nói mô tả xe vẫn phát ra tiếng 're re', khi đi chậm còn nghe 'lào xào', cho thấy động cơ hoặc hệ truyền động có tiếng ồn khó chịu, thiếu độ êm ái. Dù chạy nhanh thì vòng tua có mượt hơn một chút, ý chính vẫn là phàn nàn về tiếng ồn bất thường.",Negative
148,"E có 10 năm đi máy dầu nên lên xe dầu là e nghe biết liền, xe nào khác chứ fortuner nó cứ gào rú. Dầu êm thì êm chứ chưa đên đẳng cấp xăng được. Còn chuyện tiết kiệm thì vô địch rồi",Fact-implied,Negative,"Người nói thừa nhận xe dầu/Fortuner có ưu điểm rất tiết kiệm nhiên liệu, nhưng phần lớn câu lại nhấn mạnh nhược điểm về độ ồn và độ êm: 'cứ gào rú', máy dầu chưa đạt độ tinh tế như máy xăng. Vì vậy cảm nhận chính về trải nghiệm vận hành của xe là chê nhiều hơn khen.",Negative
149,"bản 2.4 có thay đổi gì đâu nhỉ , chắc xe mới cảm giác thế thôi",Rhetorical-question,Negative,"Người nói cho rằng bản 2.4 hầu như không có thay đổi thực chất, cảm giác khác biệt chỉ là do xe còn mới chứ không phải cải tiến đáng kể. Điều này thể hiện sự hoài nghi và đánh giá không cao về phiên bản xe.",Negative
150,"chỉ có 2.8 mới cải tiến thôi bác, nhưng đó là trên quảng cáo . Tâm lý xe mới thôi chứ  2.4 chỉ thêm option, tay lái nhẹ hơn chút ,động cơ ko thay đổi, chắc chắn sẽ là bản chủ lực",Fact-implied,Negative,"Người nói tỏ ra hoài nghi về các cải tiến của xe, cho rằng phần lớn chỉ là quảng cáo và tâm lý xe mới. Bản 2.4 bị nhận xét là chỉ thêm vài option, tay lái nhẹ hơn chút nhưng động cơ không thay đổi, ngầm chê xe không có nâng cấp đáng kể.",Negative
151,Thế cụ đưa thử xem con xe nào cùng phân khúc mà hàng 3 hơn phò tủn vậy ợ?,Rhetorical-question,Positive,Câu hỏi mang tính phản biện: người nói thách đối phương chỉ ra mẫu xe cùng phân khúc có hàng ghế thứ 3 tốt hơn Fortuner. Điều này ngầm khẳng định hàng ghế thứ 3 của Fortuner rộng rãi/thoải mái và có lợi thế so với đối thủ.,Positive
152,đúng như cụ nói ạ ! máy công nông chính hiêu mà !,Metaphorical,Negative,"Câu này đồng tình với nhận xét trước đó và ví động cơ xe như “máy công nông chính hiệu”, hàm ý động cơ thô, ồn, rung hoặc kém tinh tế như xe nông nghiệp. Đây là cách chê bai chất lượng vận hành của xe.",Negative
153,"Doanh số con MG5 này trên Thế Giới 6 tháng đầu năm 2022 là 99K xe. Rất cao đó, mà thương hiệu này VN k có chuộng, ai mua cũng can đảm lắm.",Fact-implied,Negative,"Người nói thừa nhận doanh số MG5 trên thế giới khá cao, nhưng sau đó nhấn mạnh thương hiệu này không được chuộng ở Việt Nam và nói 'ai mua cũng can đảm lắm', hàm ý việc mua xe là rủi ro, cần liều lĩnh vì thương hiệu thiếu niềm tin hoặc khó được thị trường chấp nhận.",Negative
154,"Bạn có tiền thì bạn cứ trải nghiệm, người đủ tiền sẽ có quyết định khác. Như xe Vin khen nhiều lắm nhiều hơn chê mà còn "" bỏ con giữa chợ"".  Xe phố thì được, xe cày dùng lâu thiếu tự tin lắm.",Metaphorical,Negative,"Người nói tỏ ý nghi ngại về việc mua và sử dụng lâu dài: dù xe được khen nhiều nhưng vẫn có nguy cơ bị hãng 'bỏ con giữa chợ', tức thiếu cam kết hỗ trợ lâu dài. Câu 'xe phố thì được, xe cày dùng lâu thiếu tự tin lắm' cho thấy xe chỉ phù hợp đi nhẹ trong phố, còn dùng bền bỉ lâu dài thì không đáng tin.",Negative
155,"nó gắn cái logo brit dynamic lên xe để claim công nghệ Anh đó nói từ công nghệ thì cũng vô chừng, nó quảng cáo không sai, có chút công nghệ Anh là đúng rồi, còn công nghệ cụ thể gì thì chịu",Ironic,Negative,"Người nói mỉa mai việc hãng gắn logo 'Brit Dynamic' để quảng cáo có công nghệ Anh, nhưng cho rằng khái niệm 'công nghệ' rất mơ hồ và không rõ cụ thể là công nghệ gì. Điều này ngầm chê xe dùng chiêu marketing hơn là có giá trị công nghệ thực sự.",Negative
156,Xe Tàu bẩn 99.99% còn tí nào của Anh Quốc. Thế mà quảng cáo chỗ nào cũng phải trương cái cờ Anh quốc to tướng để lùa gà. Đúng là lùa được khối gà tưởng xe Anh giá rẻ,Metaphorical,Negative,"Câu nói dùng các từ ngữ miệt thị như 'Xe Tàu bẩn', 'lùa gà' để chỉ trích nguồn gốc và cách quảng cáo của hãng xe. Người viết cho rằng xe không còn chất Anh Quốc nhưng vẫn cố dùng hình ảnh cờ Anh để đánh lừa khách hàng, ngầm chê xe kém uy tín và không đáng tin.",Negative
157,Ngu ngu như mình thì cứ hiểu thế này cho lành. Xe đúng Anh thì ko rẻ mà xe rẻ thì chả phải của Anh ..kkk,Ironic,Negative,"Người nói dùng giọng mỉa mai để cho rằng xe mang danh 'của Anh' thì không thể có giá rẻ; nếu xe rẻ thì không phải xe Anh thật. Cách nói này ngầm nghi ngờ nguồn gốc, giá trị thương hiệu và chất lượng của chiếc xe đang được nhắc tới.",Negative
158,bóng hồng ơi bóng hồng... con xe tới Asean Ncap còn ko đạt mà vẫn có người mua đc. Tài thật,Fact-implied,Negative,"Câu nói nhấn mạnh xe 'tới ASEAN NCAP còn không đạt', tức bị chê về tiêu chuẩn an toàn va chạm. Cụm 'vẫn có người mua được. Tài thật' mang giọng mỉa mai, ngầm cho rằng chiếc xe kém an toàn nhưng vẫn có người mua là điều khó hiểu.",Negative
159,"Quá ngon nếu mua xe kèm em [USERNAME], mua 600 về bán xe lại 300 rồi xài em [USERNAME] cỡ 5 năm thì tính ra quá hời. Chứ cưỡi bạn MG này lỡ lên cỡ 80÷120km/h mà nó bị lỗi khóa vô lăng bất tử thì xác định đi gặp tổ tiên.",Ironic,Negative,"Câu đầu dùng giọng đùa cợt rằng chỉ đáng mua nếu kèm lợi ích khác, không phải vì bản thân xe tốt. Phần sau chê trực diện MG bằng cách nhấn mạnh nguy cơ lỗi khóa vô lăng ở tốc độ cao 80-120km/h có thể gây tai nạn chết người, ngầm cho rằng xe thiếu an toàn và không đáng tin cậy.",Negative
160,"Bài viết đáng tin vì có xe, biển số và chủ xe. Chủ xe nói: ""Thương hiệu Trung Quốc nhưng công nghệ vẫn của Anh và lắp ráp ở Thái Lan, ..."" hình như chưa đúng chỗ công nghệ vẫn của Anh. Theo tôi, chỉ có 2 chữ cái M và G là xuất xứ từ Anh. Còn công nghệ là TQ",Fact-implied,Negative,"Người nói phủ nhận nhận định rằng xe dùng công nghệ Anh, cho rằng yếu tố Anh chỉ còn là hai chữ cái M và G, còn công nghệ thực chất là Trung Quốc. Cách diễn đạt này ngầm chê xe không còn giá trị công nghệ/nguồn gốc Anh như quảng bá, tạo cảm giác thiếu tin tưởng về chất lượng và thương hiệu.",Negative
161,"Con này phụ nữ chạy là đúng bài vì nó cực an toàn. Mình đã có lần đèn đỏ sang xanh, chọn chế độ sport và đạp ga 1 nhát lút sàn nhưng xe thì.......bò lên từ từ",Ironic,Negative,"Câu nói 'phụ nữ chạy là đúng bài vì nó cực an toàn' mang tính mỉa mai. Người nói mô tả đã chuyển sang chế độ sport và đạp ga lút sàn nhưng xe vẫn chỉ 'bò lên từ từ', ngầm chê xe quá yếu, tăng tốc kém, phản ứng chân ga ì dù ở chế độ thể thao.",Negative
162,"PR đồ tàu để làm gì nhỉ, ngon thì thiên hạ nhảy vô ầm ầm rồi haha",Ironic,Negative,"Câu nói dùng giọng mỉa mai, cho rằng xe Trung Quốc phải PR nhiều vì bản thân chưa đủ tốt hoặc chưa đủ hấp dẫn; nếu thực sự 'ngon' thì khách hàng đã tự tìm mua đông đảo. Điều này ngầm chê chất lượng/giá trị của xe.",Negative
163,Con này mà xài máy 1.5 thì mới làm trùm đc. Máy 1.0 đạp ga kêu như máy cày!,Metaphorical,Negative,"Người nói cho rằng xe chỉ thực sự mạnh và đáng gờm nếu dùng động cơ 1.5, còn bản máy 1.0 hiện tại bị chê yếu và ồn khi tăng ga, ví von tiếng kêu như máy cày để nhấn mạnh sự thô, kém refinement.",Negative
164,"Ghế nỉ thì bằng ghế da, vỏ mỏng là để hấp thụ lực, kiến thức xe cộ cao siêu qá !?!? Các NSX xe Đức Mỹ nên cắp cặp sang học tập, xe gì mà vỏ dày cộp.",Ironic,Negative,"Câu nói mang tính mỉa mai rõ rệt: việc cho rằng ghế nỉ ngang ghế da và vỏ mỏng là để hấp thụ lực bị châm biếm là 'kiến thức cao siêu'. Ý 'NSX xe Đức Mỹ nên cắp cặp sang học tập' càng nhấn mạnh sự chế giễu, ngầm chê chiếc xe có trang bị kém và vỏ mỏng, không chắc chắn.",Negative
165,Bắp tay to thế kia thì dù vô lăng không có trợ lực cũng trở thành nhẹ.,Ironic,Negative,"Câu nói dùng cách mỉa mai: vì người lái có bắp tay rất to nên dù vô lăng không có trợ lực vẫn thấy nhẹ. Hàm ý thực tế là vô lăng xe nặng, hệ thống trợ lực kém hoặc thiếu trợ lực, gây bất tiện khi lái.",Negative
166,"Bác chủ xe cứ cầm thử 1 tờ giấy in khổ A4 và 1 tờ bìa cũng khổ A4 để trước quạt máy xem tờ nào rung nhiều hơn. Vỏ đã mỏng, trọng lượng nhẹ, đóng 128km/h mà vẫn đầm, có đầm vào mắt.",Ironic,Negative,"Người nói dùng ví dụ tờ giấy mỏng rung nhiều trước quạt để ám chỉ xe có vỏ mỏng, trọng lượng nhẹ nên dễ bị ảnh hưởng khi chạy nhanh. Câu 'đóng 128km/h mà vẫn đầm, có đầm vào mắt' là cách nói mỉa mai, phủ nhận việc xe ổn định ở tốc độ cao.",Negative
167,Daihatsu trá hình mà ảnh tả như cam Mỹ kk,Ironic,Negative,"Câu nói dùng cách so sánh mỉa mai: chiếc xe bị gọi là 'Daihatsu trá hình' để hạ thấp giá trị, nhưng lại bị ai đó mô tả như 'Cam Mỹ' - một mẫu xe được xem là cao cấp hơn. Điều này ngầm chê chiếc xe bị thổi phồng quá mức so với thực chất.",Negative
168,Câu kinh điển của sale xe nhật. Thế quái nào có mỗi kĩ sư bên nhật áp dụng kinh nghiệm này vào thiết kế xe nhỉ?,Rhetorical-question,Negative,"Người nói mỉa mai một luận điểm quen thuộc của sale xe Nhật, cho rằng việc ca ngợi kỹ sư Nhật có kinh nghiệm đặc biệt trong thiết kế xe là phi lý và mang tính quảng cáo sáo rỗng. Câu hỏi tu từ thể hiện sự hoài nghi, châm biếm và không đánh giá cao chiếc xe hoặc cách nó được quảng bá.",Negative
169,"Nhìn mẹt và tay ảnh, là biết đang Phê chữ ê kéo dài",Metaphorical,Positive,"Câu nói dựa vào biểu cảm khuôn mặt và tay của người lái để suy ra người đó đang rất 'phê', tức là cực kỳ thích thú, hào hứng và tận hưởng trải nghiệm với chiếc xe. Đây là cách khen ngầm cảm giác lái hoặc trải nghiệm xe rất đã.",Positive
170,Con xe cỏ mà anh [USERNAME] tâng lên mây là chít,Metaphorical,Negative,"Cụm 'xe cỏ' ám chỉ chiếc xe bình dân, chất lượng/đẳng cấp không cao; việc nói 'tâng lên mây' cho thấy người nói cho rằng xe đang bị khen quá mức, không xứng với lời ca ngợi. Sắc thái chung là mỉa mai và chê bai chiếc xe.",Negative
171,"Uh đúng rồi bác, con Raize của anh ấy còn đầm chắc hơn cả con xe tăng Abrams của Mỹ nữa kìa, chứ nói gì đến con Elantra của em",Ironic,Negative,"Câu nói dùng lối mỉa mai và phóng đại phi lý khi bảo Raize còn 'đầm chắc hơn cả xe tăng Abrams'. Ý thực sự là người nói không tin và đang chế giễu nhận định Raize đầm chắc, ngầm chê chiếc Raize không thể so sánh được với Elantra về độ chắc chắn.",Negative
172,"mém xíu là anh cũng có bàn tay vàng trong làng bốc biển rồi đó, [LICENSE PLATE]",Fact-implied,Positive,"Câu nói đùa rằng chủ xe 'mém xíu' có bàn tay vàng khi bốc biển, tức là biển số suýt đẹp hoặc suýt may mắn nhưng chưa đạt. Hàm ý tiếc nuối/châm chọc nhẹ về biển số xe không thật sự đẹp như kỳ vọng.",Negative
173,xe Hàn bồng bềnh thì có gì lạ đâu bạn,Fact-implied,Negative,"Câu nói cho rằng xe Hàn bị 'bồng bềnh' là chuyện bình thường, hàm ý đặc tính vận hành thiếu ổn định, cảm giác lái không chắc chắn đã là điểm yếu quen thuộc của dòng xe này.",Negative
174,"Nó làm tôn mỏng lét để tiết kiệm chi phí, chứ giảm trọng lượng với hấp thụ lực tốt cái nổi gì. Các dòng xe cao cấp họ làm xe vỏ dày cui, chắc hấp thụ lực kém khi xảy ra va chạm nhỉ Mà raize dạo này ế lắm hả các bác?",Ironic,Negative,"Người nói chê xe dùng tôn quá mỏng là để cắt giảm chi phí, phủ nhận các lý do tích cực như giảm trọng lượng hay hấp thụ lực tốt. Câu so sánh mỉa mai với xe cao cấp vỏ dày càng nhấn mạnh nghi ngờ về độ chắc chắn và an toàn của xe, đồng thời câu hỏi xe có ế không cũng mang sắc thái chê bai.",Negative
175,"Hóng 3-5 năm sau, 1 bác khách nào đó review về bảo hành bảo dưỡng mấy xe li - mít - tịt này.",Ironic,Negative,"Câu nói mang giọng mỉa mai, cố tình đọc chệch 'limited' thành 'li-mít-tịt' để chế giễu. Việc 'hóng 3-5 năm sau' có người review bảo hành bảo dưỡng ngầm thể hiện sự nghi ngờ về độ bền, chi phí và dịch vụ hậu mãi của những xe này sau một thời gian sử dụng.",Negative
176,"Tóm lại là limited hay là xe collection ? thuộc hàng hiếm (cả châu âu , thế giới cũng không có) hay là hàng ..nửa chừng xuân ? phiên bản ...giới hạn như chủ thớt ... ?",Rhetorical-question,Negative,"Người nói dùng hàng loạt câu hỏi mỉa mai về việc xe là bản limited, collection hay 'hàng nửa chừng xuân' để nghi ngờ và chế giễu giá trị/độ hiếm của chiếc xe. Cách diễn đạt cho thấy không tin vào lời quảng bá và đánh giá chiếc xe không thực sự đặc biệt như được nói.",Negative
177,"Ông bạn gần nhà nôn nao chờ bảng nâng cấp Lux A, hy vọng sẽ hoàn thiện và tốt hơn bản hiện tại. Đùng cái không sản xuất nữa, thế là thanh niên phải chạy đi tìm mua LUX A hahahahaha",Ironic,Negative,"Người bạn chờ bản nâng cấp vì kỳ vọng xe sẽ hoàn thiện hơn, nhưng khi hãng ngừng sản xuất thì lại vội vàng đi tìm mua Lux A hiện tại. Chi tiết này ngầm cho thấy Lux A vẫn có sức hút và được đánh giá đáng mua, đến mức sợ không còn xe để mua.",Positive
178,cái xe đã bỏ mẫu rồi còn đâm đầu mua làm gì,Rhetorical-question,Negative,"Câu nói nhấn mạnh xe đã bị hãng bỏ mẫu/ngừng sản xuất, nên việc mua tiếp bị xem là lựa chọn thiếu khôn ngoan. Cụm 'đâm đầu mua làm gì' mang sắc thái chê bai, cho rằng chiếc xe không còn đáng mua.",Negative
179,"đứa e họ 9x của mình cũng rước em này, nó độ lại cái mâm nhìn đẹp. Nhưng không hiểu sao do xe nó hay toàn dòng này có cái cần gạt mưa kêu cục cục to ác, to hơn mấy con xe cỏ nhiều.",Fact-implied,Negative,"Dù có khen phần mâm độ nhìn đẹp, trọng tâm câu lại phàn nàn về cần gạt mưa kêu 'cục cục' rất to, thậm chí to hơn cả xe cỏ. Điều này ngầm chê chất lượng hoàn thiện/chi tiết vận hành của xe kém, gây khó chịu khi sử dụng.",Negative
180,Bác ko hiểu rồi mazda 3 bán toàn thế giới và bán hàng triệu xe nên các hãng OEM bên Tung Của sẽ sản xuất linh kiện cho nó trong khi Vin chỉ bán ở việt nam khoảng 20.000 xe thì hãng OEM nào dám đầu tư dây chuyền sản xuất linh kiện cho Vin. Khả dĩ nhất là mang linh kiện BMW lắp vào nhưng đắt gấp 10 lần bác dám lắp ko?,Rhetorical-question,Negative,"Người nói lập luận rằng xe Vin bán số lượng ít và chỉ chủ yếu ở Việt Nam nên khó có hãng OEM đầu tư sản xuất linh kiện riêng, dẫn đến nguy cơ thiếu linh kiện thay thế hoặc phải dùng linh kiện BMW rất đắt. Điều này ngầm chê hệ sinh thái phụ tùng, chi phí bảo dưỡng/sửa chữa và tính thực dụng của xe Vin.",Negative
181,"Anh thấy mệt ko? khi mình anh chống lại bọn ko có tinh thần yêu nước ? Con xe chết thẳng cẳng rồi. Em chạy dream nha nên ko phải bọn chạy xe cỏ nên em comment được . Đừng nói 10 năm tới chỉ 3-5 năm nữa là biết ai khóc liền ah, bọn xe cỏ sẽ lên xe sang còn Lux SA mang lên thái nguyên bán phế liệu vì ko có linh kiện sửa chữa giống như điện thoại Vin mang làm cục chặn giấy  hiện nay thôi",Rhetorical-question,Negative,"Người nói dùng nhiều hình ảnh mỉa mai và tiêu cực như 'xe chết thẳng cẳng', 'bán phế liệu', 'không có linh kiện sửa chữa', so sánh với điện thoại Vin thành 'cục chặn giấy' để ám chỉ xe Lux SA sẽ mất giá trị, khó bảo dưỡng và không còn dùng được trong vài năm tới. Đây là sự chê bai mạnh về độ bền, khả năng hậu mãi và tương lai sử dụng của xe.",Negative
182,"Con xe đầu đời lúc nào chả ngon bác nhể , nhưng em muốn 3 năm sau bác chủ xe cho nhận xét thì chắc chính xác hơn. Mà thôi em phắn đây lớ ngớ bị xóa nick kaka.",Ironic,Negative,"Người nói cho rằng xe mới mua, nhất là xe đầu đời, thường được chủ xe khen vì còn hào hứng và chưa bộc lộ vấn đề. Việc muốn chờ 3 năm sau mới đánh giá cho thấy sự nghi ngờ về độ bền và chất lượng thực tế của xe theo thời gian. Câu cuối mang sắc thái mỉa mai, né tranh luận vì sợ bị xóa nick.",Negative
183,"Xe Vin chẳng may vỡ đèn, bác lấy hàng BMW qua thay ?",Rhetorical-question,Negative,"Câu hỏi mang tính mỉa mai về việc xe Vin có liên quan đến linh kiện/nền tảng BMW, ngầm đặt nghi vấn rằng khi hỏng đèn sẽ phải thay bằng đồ BMW đắt đỏ hoặc khó kiếm, từ đó chê sự bất tiện và chi phí sửa chữa phụ tùng",Negative
184,"Nếu a có nhiều tiền hoặc chiếc xe chạy suốt đời thì ko phải bàn,, còn vài năm mà đổi xe mà chiếc đang chạy bán lại giá rẻ mạt thì chua cho chủ ít tiền lắm,, đại gia ko bàn",Fact-implied,Negative,"Người nói ngầm chê chiếc xe có khả năng mất giá mạnh khi bán lại sau vài năm sử dụng, khiến chủ xe không dư dả tài chính bị thiệt hại nhiều; chỉ người rất giàu mới không cần quan tâm. Điều này thể hiện đánh giá tiêu cực về giá trị sử dụng/giữ giá của xe.",Negative
185,1.1 lấy CRV theo số đông cho chắc. Lấy em này lại mắc công nhận huy chương dũng cảm.,Metaphorical,Negative,"Người nói khuyên chọn CRV theo số đông để an toàn, còn mua 'em này' thì bị ví như phải nhận 'huy chương dũng cảm', hàm ý chiếc xe này rủi ro, kém đáng tin hoặc không phải lựa chọn khôn ngoan.",Negative
186,"Việt Nam mình thì khác gì Thái, ngoài SG HN DN ra thì có chỗ nào giàu? Du lịch + khách sạn phát triển là kết quả cuối của chuỗi vận hành kinh tế + giao thông, sao lại đưa nó lên surface. GDP mình bằng có 1 nửa của Thái à (245 bil vs 502 bil), nhìn con số là biết. Một con xe doanh số top ở 1 đất nước gấp đôi GDP của mình thì bác nghĩ nó hợp lý hay vô lý?",Rhetorical-question,Negative,"Người nói dùng việc chiếc xe có doanh số top ở Thái Lan — một thị trường có GDP cao gấp đôi Việt Nam — để lập luận rằng mẫu xe này đã được thị trường phát triển hơn kiểm chứng và việc nó được ưa chuộng là có cơ sở. Câu hỏi tu từ 'hợp lý hay vô lý' ngầm nghiêng về việc cho rằng chiếc xe hợp lý, đáng tin và có sức hút thực tế.",Positive
187,Nội thất em thấy cải lương quá các bác ạ.,Metaphorical,Negative,"Người nói chê nội thất xe trông 'cải lương', tức là màu mè, sến và thiếu tinh tế, ngầm đánh giá thiết kế nội thất không đẹp hoặc không sang.",Negative
188,"Mua cho gia đình dùng và vì thích thì nó khác, chứ cứ nghĩ đến chuyện bán lại thì suốt ngày bị mấy thằng Hàn Nhật o ép với mấy cái option trời ơi",Fact-implied,Negative,"Câu nói phân biệt việc mua xe để gia đình sử dụng và vì yêu thích với việc mua chỉ để tính bán lại. Người nói ngầm bênh vực chiếc xe: nếu mua vì nhu cầu thật và sở thích thì vẫn đáng mua; sự bất lợi chủ yếu đến từ tâm lý thị trường bán lại bị các xe Hàn/Nhật nhiều option gây sức ép, chứ không phải do bản thân xe kém.",Positive
189,"Mỗi lần review con xe Hán Nô nào là fan Hán Nô vào tâng lên tận mây xanh, nào là ăn đứt Santafe, CRV không có cửa, CX5 xách dép,… chắc chỉ có xe Đức như GLC hay X3 mới so sánh được. Không biết được bao anh fan Hán Nô sẵn sàng mua hay chi dám khen các anh cảm tử quân khác.",Metaphorical,Negative,"Người nói dùng giọng mỉa mai, gọi xe là 'Hán Nô' và chế giễu việc fan tâng bốc quá mức rằng xe vượt Santafe, CRV, CX5 hay ngang xe Đức. Câu cuối còn nghi ngờ liệu những người khen có dám bỏ tiền mua hay chỉ đẩy người khác làm 'cảm tử quân', ngầm chê xe không đáng tin và không thực sự hấp dẫn.",Negative
190,[LICENSE PLATE] không chừng vài bữa có con Logo Mer biển số y chang chạy ngoài đường!,Ironic,Positive,"Câu nói mang tính mỉa mai, ám chỉ chiếc xe có thể bị gắn logo Mercedes hoặc bị làm giả/nhái đến mức xuất hiện một xe khác biển số y hệt. Điều này ngầm chê bai sự thiếu chính danh, kém sang hoặc mang dáng vẻ nhái thương hiệu cao cấp.",Negative
191,nếu ko cá tính chả ai đi mua chiếc này cả tỉ,Ironic,Negative,"Câu nói cho rằng người mua chiếc xe này phải là người 'cá tính', tức chiếc xe có phong cách riêng, khác biệt và phù hợp với người thích thể hiện gu riêng. Dù nhắc đến giá cả tỉ, trọng tâm vẫn là khen ngầm sự độc đáo của xe.",Positive
192,"Saic là quá to luôn chứ, nó là thằng nắm quyền sản xuất Wolkwagen , giá trị của nó chắc lớn hơn Vingroup cỡ 10 lần. xe thì e ko bàn, vì e ko đi xe Tàu, hoặc xe tàu đội lốt “ngoại quốc”",Fact-implied,Negative,"Người nói thừa nhận SAIC là tập đoàn lớn nhưng khi nói về xe thì từ chối bàn vì không đi 'xe Tàu' hoặc 'xe Tàu đội lốt ngoại quốc'. Cách diễn đạt này mang hàm ý định kiến và thiếu tin tưởng vào chất lượng/nguồn gốc của chiếc xe, nên cảm xúc đối với xe là tiêu cực.",Negative
193,"hay... Bộ Công Thương nên chỉnh sửa luật theo hướng, các cty muốn bán xe ở VN phải có đủ đk sửa chữa, và phụ tùng thay thế, tối thiểu 10 từ lúc dừng bán sản phẩm cuối cùng thì sẽ tránh được TH như LuxGen và các hãng xe tàu bán nhan nhản ở các tỉnh thành phía bắc",Fact-implied,Negative,"Người nói đề xuất phải siết luật để các hãng xe bán tại Việt Nam có trách nhiệm đảm bảo sửa chữa và phụ tùng thay thế trong thời gian dài. Việc nhắc đến LuxGen và các hãng xe Trung Quốc như trường hợp cần tránh ngầm chê các xe này có rủi ro lớn về hậu mãi, thiếu phụ tùng và khó sửa chữa sau khi ngừng bán.",Negative
194,"Cái này bác chủ đi bọc rồi bác ơi, bác đã thấy cái vô lăng nó ngoài đời thực chưa?",Rhetorical-question,Negative,"Người nói giải thích rằng vô lăng trong ảnh đã được chủ xe bọc lại nên không phản ánh đúng thiết kế nguyên bản, đồng thời hỏi lại liệu người kia đã thấy vô lăng ngoài đời chưa. Cách nói này mang ý bênh vực chiếc xe, ngầm cho rằng vô lăng thực tế không tệ như nhận xét.",Positive
195,Liệu sau này MG có trở thành 1 e Luxgen nữa không các bác?bán được vài năm rồi rút lui ko chào hỏi thượng đế luôn!!!,Rhetorical-question,Negative,"Người nói so sánh MG với Luxgen - một thương hiệu từng bán vài năm rồi rút khỏi thị trường, bỏ mặc khách hàng. Câu hỏi mang tính nghi ngại và mỉa mai, ngầm chê MG có nguy cơ thiếu ổn định, hậu mãi kém và không đáng tin cậy lâu dài.",Negative
196,"Quan trọng khi kg bán được xe như kỳ vọng, nó rút về thì sửa xe ở đâu? Xe TQ vào VN cữ 10 năm rồi nhưng có hãng nào tồn tại đâu.",Rhetorical-question,Negative,"Người nói đặt câu hỏi lo ngại rằng nếu hãng bán không đạt kỳ vọng rồi rút khỏi thị trường thì người dùng sẽ không biết sửa chữa, bảo dưỡng ở đâu. Việc nhắc các hãng xe Trung Quốc trước đây không tồn tại lâu ở Việt Nam càng ngầm chê rủi ro về hậu mãi, độ tin cậy và khả năng gắn bó của thương hiệu.",Negative
197,"tưởng 500-600tr... tầm này thì mua Vinfast vừa yêu nước, vừa an toàn... 6-12 tháng sau nó quất ngựa truy phong khỏi VN thì lại có bài...",Metaphorical,Negative,"Người nói kỳ vọng xe chỉ khoảng 500-600 triệu nhưng mức giá thực tế bị cho là cao, đến mức họ cho rằng mua VinFast còn hợp lý hơn vì 'yêu nước' và 'an toàn'. Câu '6-12 tháng sau nó quất ngựa truy phong khỏi VN' mang tính mỉa mai, ám chỉ hãng/xe này không đáng tin, có nguy cơ rút khỏi thị trường Việt Nam khiến người mua gặp rủi ro về bảo hành, phụ tùng và dịch vụ.",Negative
198,sau 1 vài lần đưa vô hãng để sửa chữa những lỗi vặt vãnh... sẽ thay đổi ngay cách suy nghĩ...,Fact-implied,Negative,"Câu nói ám chỉ ban đầu có thể nghĩ tốt về xe, nhưng sau vài lần phải mang vào hãng sửa các lỗi vặt thì sẽ nhanh chóng thất vọng và thay đổi quan điểm. Việc xe thường xuyên phát sinh lỗi vặt phản ánh độ hoàn thiện và độ bền kém.",Negative
199,"Úi giời anh quan tâm rì đám đi xe hèn nhụt với xe 2b ở đây, mình có tiền mình chơi, chục năm.nữa xe này chạy đầy đường VN thì mấy người kia biết nói rì cho ngầu",Ironic,Positive,"Người nói bênh vực chiếc xe, cho rằng những người chê bai chỉ là nhóm không đủ điều kiện hoặc đi xe kém hơn. Câu 'mình có tiền mình chơi' và dự đoán 'chục năm nữa xe này chạy đầy đường VN' ngầm thể hiện niềm tin xe này đáng mua, có xu hướng phổ biến và được công nhận trong tương lai.",Positive
200,"Có điều kiện hẳn thì chả ai bỏ hơn tỷ mua con xe tàu, ít nhất  cũng phải GLC250 hoặc 300 mà thẳng tiến",Fact-implied,Negative,"Người nói cho rằng nếu thật sự có điều kiện tài chính thì sẽ không ai bỏ hơn 1 tỷ để mua 'xe tàu', mà nên chọn xe sang như GLC250 hoặc GLC300. Cách so sánh này ngầm chê chiếc xe bị xem là kém giá trị, kém đẳng cấp và không xứng đáng với số tiền bỏ ra.",Negative
201,ít tiền thì chịu thôi chứ người nhiều tiền người ta mua xe hàn xe nhật rồi,Ironic,Negative,"Câu nói ngầm cho rằng chiếc xe đang được nhắc đến chỉ là lựa chọn khi ít tiền, còn người có điều kiện sẽ chọn xe Hàn hoặc xe Nhật. Điều này hàm ý xe bị đánh giá thấp về chất lượng, thương hiệu hoặc độ đáng mua so với các lựa chọn khác.",Negative
202,"Có đâu mà review vì đi được 2-3 năm mình là chủ xe chắc tâm thần vì bị ảnh hưởng tâm lý lấy con xe ra đi uống cafe thì dòm dòm chỉ trỏ: anh ơi xe hãng gì đẹp dữ anh Xe mg em ạ Mg hãng mỹ hả anh Ko em tàu em ạ. rồi dắt xe ra đi làm, đi về quê, đi nhậu câu chuyện trên tiếp diễn .... xong cảm tưởng chịu hết nổi dán mẹ cái bảng lên kính xe: xe tàu hỏi lằn hỏi lốn xong đc 2-3 năm dư chút mua con toy chạy cho đỡ nhức đầu tiện hỏi luôn anh em trên hội: anh [USERNAME] mấy bữa nay ko chạy Bắc kinh x7 nữa ạ?? Thấy mới review sau 10v cây thì phải",Ironic,Negative,"Người nói mỉa mai rằng sở hữu xe MG/xe Trung Quốc vài năm sẽ bị áp lực tâm lý vì liên tục bị người khác dòm ngó, chỉ trỏ và hỏi han về nguồn gốc xe. Việc phải dán bảng 'xe tàu' và sau đó mua Toyota để 'đỡ nhức đầu' cho thấy cảm nhận rất tiêu cực về hình ảnh thương hiệu, sự khó chịu khi sử dụng và trải nghiệm sở hữu chiếc xe.",Negative
203,"Xe này ở VN đi khá nhiều, show Nissan giờ chuyển đổi 1 phần qua bán MG rùi",Fact-implied,Positive,"Câu nói nhấn mạnh mẫu xe này xuất hiện khá nhiều ở Việt Nam, ngầm cho thấy xe được nhiều người sử dụng và có mức độ phổ biến nhất định. Việc showroom Nissan chuyển một phần sang bán MG chỉ là thông tin bổ sung về kênh bán hàng, không mang ý chê trực tiếp chiếc xe.",Positive
204,"Bạn có thấy bài nào đánh giá xe TQ sau 5 năm sd, trên 100k km chưa? Riêng mình thì chưa! Thật thì mình cũng hóng để đánh giá 1 cách công bằng nhưng chưa thấy. Còn các kiểu review chỉ vài trăm vài K km thì chấp luôn mọi xe...hầu như thằng nào cũng như thằng nào khi cùng Level.",Rhetorical-question,Negative,"Người nói đặt vấn đề chưa thấy đánh giá xe Trung Quốc sau thời gian dài sử dụng và quãng đường lớn trên 100.000 km, hàm ý nghi ngờ độ bền và giá trị sử dụng lâu dài. Việc cho rằng review vài trăm hay vài nghìn km thì xe nào cũng như nhau cũng ngầm phủ nhận các đánh giá tích cực ngắn hạn.",Negative
205,"Xe lên vòng tua 2000 có gì mà sợ, mà xét nét nhỉ? Xin lỗi chứ xe em máy yếu, em đạp 3000 thì em cũng ko thấy vấn đề gì. Người ta thiết kế 7-800 mình đi 2-3000 thì có sao đâu. Mà nói chung em ko mua xe trung quốc, đồ điện tử trong nhà cũng hiếm có đồ trung quốc. Nhưng cho thì em nhận.",Fact-implied,Negative,"Người nói ban đầu cho rằng vòng tua 2000-3000 không đáng lo, tức là không chê vấn đề vận hành này. Tuy nhiên phần sau lại khẳng định không mua xe Trung Quốc, đồ Trung Quốc cũng ít dùng, và chỉ 'cho thì nhận', ngầm thể hiện sự thiếu tin tưởng và không đánh giá đủ cao chiếc xe để bỏ tiền mua.",Negative
206,"Nể bác chủ thớt, vận động bà cả cho mua xe TQ, lại còn trực tiếp nhận xe",Ironic,Negative,"Câu nói dùng chữ 'nể' để thể hiện sự thán phục mang tính mỉa mai: mua xe Trung Quốc bị xem là quyết định khó thuyết phục và có phần rủi ro, đến mức phải 'vận động bà cả' và 'trực tiếp nhận xe'. Điều này ngầm phản ánh sự nghi ngại, không tin tưởng vào chất lượng/giá trị của chiếc xe.",Negative
207,"Mua 1 xe tặng 20 liều vaccine phai dơ, mồ đế nà thì các anh có mua ko ?",Rhetorical-question,Negative,"Câu nói dùng giọng mỉa mai về việc mua xe phải kèm ưu đãi cực lạ như tặng vaccine Pfizer, Moderna để kích thích người mua. Điều này ngầm ám chỉ bản thân chiếc xe không đủ hấp dẫn hoặc khó bán nên phải dùng chiêu khuyến mãi quá mức.",Negative
208,"Khiếp quá, trên xe mà nghe ọt ẹt làm mình nghĩ ngay tới con đau bụng do đại tràng co thắt",Metaphorical,Negative,"Người nói dùng hình ảnh so sánh khó chịu 'đau bụng do đại tràng co thắt' để mô tả âm thanh 'ọt ẹt' phát ra trên xe, ngầm chê xe có tiếng kêu lạ, độ hoàn thiện kém hoặc cách âm/khung gầm không tốt, gây cảm giác khó chịu khi sử dụng.",Negative
209,"Vấn đề VN là thị trường thứ cấp ko quan trọng với nó nên nó vậy. Giống như Toyota VN vậy, bán nồi đồng cối đá mãi kkk",Metaphorical,Negative,"Câu nói cho rằng thị trường Việt Nam không được hãng coi trọng nên sản phẩm bị đối xử qua loa, giống Toyota Việt Nam cứ bán mãi kiểu xe 'nồi đồng cối đá' thiên về bền bỉ nhưng cũ kỹ, ít đổi mới. Giọng điệu 'kkk' mang tính mỉa mai, ngầm chê xe/hãng thiếu cải tiến và không chú trọng khách hàng Việt.",Negative
210,Ráng công khai đi rùi không biết bị gõ mấy chục phần trăm taxiiiii chưa kể truy phạt. Đủ no đòn đấy. Tô thì một là vi ốc hai là chị cẩm. Dở dở khúc giữa không thầy cũng chẳng thợ.,Metaphorical,Negative,"Bình luận mang giọng mỉa mai, cảnh báo nếu công khai có thể bị đánh thuế và truy phạt nặng. Phần sau chê chiếc xe/nhóm xe ở phân khúc lỡ cỡ: không thực dụng như Vios, cũng không sang như Camry, rơi vào tình trạng 'không thầy cũng chẳng thợ'. Điều này ngầm đánh giá xe không đáng chọn, định vị kém.",Negative
211,Maz 3 có cửa để so Altis đời này à?,Rhetorical-question,Negative,"Câu hỏi tu từ 'Maz 3 có cửa để so Altis đời này à?' ngầm khẳng định Mazda 3 không đủ tầm để so sánh với Altis đời này, qua đó thể hiện sự đánh giá cao Altis về chất lượng/vị thế",Positive
212,"Nói cho quá ko biết mắc cỡ! Con xe xăng nào mà sáng nổ máy, tối về làm phiền hàng xóm vậy ??? Con xe xăng cùi bắp của Tôi, sáng nổ máy đứng gần mà nhiều khi còn ko biết Nó đang nổ máy. Nhiều lúc Nó nổ rồi, đi vào nhà quên mất ra còn nhấn Start lần nữa!",Rhetorical-question,Positive,"Người nói phản bác ý kiến cho rằng xe xăng gây ồn làm phiền hàng xóm. Dù gọi xe mình là 'cùi bắp' theo kiểu tự trào, họ nhấn mạnh rằng xe nổ máy rất êm, đứng gần còn khó nhận ra đang chạy, thậm chí quên và bấm Start lần nữa. Điều này ngầm khen xe vận hành yên tĩnh, máy êm.",Positive
213,nhìn cái cần số là hết muốn chạy rồi,Fact-implied,Negative,"Câu nói thể hiện chỉ cần nhìn vào thiết kế cần số đã mất hứng lái xe, ngầm chê chi tiết nội thất này xấu, kém hấp dẫn hoặc gây cảm giác không thoải mái khi sử dụng.",Negative
214,"thêm cái hộp số CVT chỉ có các nước kém phát triển sài mà mấy thằng rừng rú, ăn cám xú cám heo như mày vẫn thẩm du hàng ngày đó. Con bò",Metaphorical,Negative,"Câu nói dùng lời lẽ miệt thị để chê hộp số CVT, cho rằng công nghệ này chỉ dành cho các nước kém phát triển và chế giễu những người khen nó. Hàm ý đánh giá thấp chất lượng/trang bị của chiếc xe dùng hộp số CVT.",Negative
215,"mấy thằng trâu trẻ làm quá lên đó mà, em mới đổi con madaz 3 2022 nổ chả nghe thấy gì khi vào hẻm",Fact-implied,Positive,"Người nói cho rằng những lời chê bai trước đó là bị phóng đại, đồng thời chia sẻ trải nghiệm thực tế với Mazda 3 2022 là xe nổ máy rất êm, gần như không nghe thấy tiếng khi chạy vào hẻm. Điều này ngầm khen xe vận hành yên tĩnh, cách âm/độ êm tốt.",Positive
216,"Có gì mà ko có cửa hehe, năm sau Nissan và Subaru nhập thêm sedan cỡ C về bán cùng thì còn nhiều lựa chọn xe Nhật nữa",Fact-implied,Positive,"Câu nói phản bác ý kiến cho rằng xe này 'không có cửa', đồng thời tỏ ra lạc quan khi thị trường sẽ có thêm sedan cỡ C từ Nissan và Subaru, giúp người dùng có nhiều lựa chọn xe Nhật hơn. Hàm ý đánh giá tích cực về cơ hội cạnh tranh và sức hấp dẫn của dòng xe Nhật.",Positive
217,"Đấy là góc nhìn của số ít thôi. Chứ ngoài đường mazda 3 chạy nhiều hơn altis đấy, khoản tiền chênh lệch ~ 100tr do altis bán giá niêm yết cao hơn đó để mà đổ xăng và bảo dưỡng được 5 năm rồi đổi xe đấy =))",Fact-implied,Negative,"Người nói bác bỏ quan điểm ủng hộ Altis, nhấn mạnh Mazda 3 phổ biến hơn ngoài đường và có lợi thế giá rẻ hơn khoảng 100 triệu. Khoản chênh lệch này được mô tả là đủ để đổ xăng, bảo dưỡng nhiều năm, hàm ý Mazda 3 đáng tiền và kinh tế hơn so với Altis.",Positive
218,Gạ thì phải Civic type R 300hp gạ với porsche già  10-15 năm tuổi,Fact-implied,Negative,"Câu này ngầm nhấn mạnh Civic Type R có công suất 300hp, đủ mạnh để đem ra thách đấu với xe thể thao Porsche dù là đời cũ 10-15 năm. Việc đặt Civic Type R ngang tầm để 'gạ' Porsche cho thấy đánh giá cao sức mạnh và hiệu năng vận hành của xe.",Positive
219,Con mình ngồi lên nóc xe bị lún luôn. Ngồi vớ vẩn hỏng hết đấy.,Fact-implied,Negative,"Việc trẻ con chỉ ngồi lên nóc xe mà đã làm xe bị lún cho thấy phần thân/vỏ xe bị ngầm chê là mỏng, yếu và dễ hư hỏng. Câu 'ngồi vớ vẩn hỏng hết' nhấn mạnh sự kém chắc chắn của xe.",Negative
220,5 năm sau còn dùng còn này mới là ngon,Fact-implied,Negative,"Câu nói đặt điều kiện '5 năm sau còn dùng' mới được coi là ngon, ngầm thể hiện sự nghi ngờ về độ bền và khả năng sử dụng lâu dài của chiếc xe hiện tại.",Negative
221,"Gớm có cái chữ supported by mà hít hà mãi, chả có cái vẹo gì Động cơ sản xuất hoàn toàn bởi trung quốc nhé, ngon thế nào thì nhìn doanh số bên ấy ắt rõ",Fact-implied,Negative,"Người nói dùng giọng mỉa mai để phủ nhận giá trị của cụm 'supported by', cho rằng xe không có gì đáng khen. Việc nhấn mạnh động cơ sản xuất hoàn toàn bởi Trung Quốc và gợi ý nhìn vào doanh số để biết 'ngon thế nào' hàm ý chất lượng không tốt, không được thị trường đón nhận.",Negative
222,"Anh bạn này du học TQ . Về VN mua xe tàu chạy.  Chắc ko nhiều người như anh bạn đâu. Xe hơi tàu giờ này đang đi theo cách làm của xe máy Longcin, Hongda... trước đây",Fact-implied,Negative,"Người nói nhấn mạnh việc mua xe Trung Quốc là lựa chọn hiếm và không phổ biến, đồng thời so sánh ô tô Trung Quốc hiện nay với các hãng xe máy Trung Quốc như Longcin, Hongda trước đây vốn thường bị gắn với hình ảnh nhái, chất lượng thấp và thiếu độ tin cậy. Cách diễn đạt mang hàm ý chê bai và nghi ngờ chất lượng xe.",Negative
223,"Bởi, bán giá đó mà còn làm giọng cha như ban ơn, còn canh đúng ngày đúng giờ thì nhảy một bậc giá như bậc lương! Buồn đi toilet quá. Nước mình mà có nhiều người công tâm nói thẳng nói thật như bác đây thì dân Việt đã đi xe nhà giá tốt, đã chả có nhập xe TQ và đã chả có cái thớt này!",Ironic,Negative,"Người nói mỉa mai việc hãng bán xe với mức giá cao nhưng vẫn tỏ thái độ như đang ban ơn, lại còn canh thời điểm để tăng giá liên tục. Phần sau ngầm chê xe nội không có giá tốt, thiếu sự công tâm nên người tiêu dùng mới phải cân nhắc xe nhập Trung Quốc. Tổng thể là sự bức xúc và đánh giá tiêu cực về giá trị, chính sách bán hàng của xe/hãng.",Negative
224,"Em cũng mê Vinh Phát lắm, xe như BMW đẹp thật luôn, đã được chạy thử cũng phải nói là thậm chí không thua gà mẹ! Nhưng đến khi sale báo giá cái sedan đến 1.450 (hình như chưa lăn bánh) thì hỏi bác chứ còn tình yêu tình ái gì đây nữa. Mang tiếng làm ngay trong nước đấy! Rồi bảo do BMW, rồi đến giờ có bằng chứng rõ ràng là con Brilliance vác đúng từ Tàu qua, BMW cổ phần trong đó luôn, thì bán ở nước nó 500t kể như 22.000 đô đi. Vậy ví dụ như Vinfast là một hãng xe ở Đức, sản xuất theo BMW mà bán giá tại chính quốc Đức 60.000 đô thì có phải hài không. P/S: em chạy thử Brilliance V7 rồi, gần như y chang BMW X3, từ chạy đến nội thất, và cũng hơi hẹp ghế phía sau y hệt mấy chiếc BMW. Mua chạy có cái che nắng mưa mà cũng chả thua một chút nào mấy cái xe khác.",Rhetorical-question,Negative,"Người nói thừa nhận xe đẹp, chạy thử ổn và có cảm giác giống BMW, nhưng trọng tâm bình luận là chê mức giá quá cao và không hợp lý so với việc xe được làm trong nước, thậm chí so sánh với xe Trung Quốc liên quan BMW có giá rẻ hơn nhiều. Cụm 'còn tình yêu tình ái gì đây nữa' và ví dụ 'có phải hài không' thể hiện sự thất vọng, mỉa mai về giá trị/định giá của xe.",Negative
225,"Thôi xong. Mọi người VN nhờ @Jan Saker thông não vố này thì 2 năm rõ 10 rồi. Cảm ơn bác nhé. Vậy thì giờ em hiểu rõ thắc mắc bấy lâu rồi: BMW nhượng cho Brilliance cái động cơ lừng danh N20 của nó mấy năm trước, rồi mấy năm sau Brilliance nhượng cái động cơ hàng BMW ấy cho hero Vinh Phát vác về và chế ra 2 ông thần được David Beckham khen lấy khen để.",Ironic,Negative,"Bình luận dùng giọng mỉa mai khi nói về nguồn gốc động cơ: BMW nhượng cho Brilliance rồi Brilliance nhượng lại cho VinFast, hàm ý xe không có công nghệ tự chủ hay nổi bật như quảng bá. Các cụm như 'hero Vinh Phát', '2 ông thần', 'David Beckham khen lấy khen để' mang sắc thái châm biếm việc marketing phóng đại.",Negative
226,"Không bác, nếu nói đúng thì em xài xe Chevrolet đang thuộc nhà Vin nhé. Nhưng chắc chắn là em mua xe Tàu kia, chẳng qua giờ cọc hết rồi không mua được thôi. Kể như em đang ăn mứt của Tàu đi, nhưng chắc chắn vẫn đỡ hơn ăn mứt của Nhật Hàn Mỹ. Vì dù sao đều là mứt, mứt Tàu vẫn đỡ tốn kém hơn, còn tiền cho con cái được ăn bò bít tết rồi mai mốt nó trả thù Tàu bù lại cho em sau!",Metaphorical,Positive,"Dù dùng cách nói thô/mỉa mai như 'ăn mứt của Tàu' để thừa nhận xe Tàu cũng có điểm kém, người nói vẫn khẳng định chắc chắn sẽ mua nếu còn cọc, đồng thời cho rằng so với xe Nhật/Hàn/Mỹ thì xe Tàu vẫn 'đỡ tốn kém hơn' và giúp tiết kiệm tiền cho gia đình. Ý chính là bênh vực và đánh giá cao tính đáng tiền của chiếc xe.",Positive
227,"Hì, đồng ý. Nếu bác nào nói đừng ủng hộ hàng tàu nữa thì có thể nói là muộn màng vì hàng tàu đã xâm nhập toàn bộ nước Việt Nam này rồi, các bác sẽ không có đồ để dùng nếu quyết tâm bài trừ hàng tàu. Ở nơi em ở sống bằng du lịch,Co Vy làm tàu nó không qua giờ thất nghiệp cả lũ, đói meo mốc ở nhà . Nếu có bác quyết định mua con xe tàu theo em nghĩ đó là quyết định của bác ấy vì để đi tới quyết định bỏ 800tr mua con xe  tàu thì phải đấu tranh tư tưởng lắm đây, phải chịu nhiều rủi ro , mua về nếu nó hắt hơi hay sổ mũi thì cũng khổ tâm lắm vì gia đình sẽ trách ""Đã bảo đừng mua con xe này rồi."". Nhớ hồi trước ai cũng chạy theo điện thoại xịn như iphone thì em cũng chỉ nhẹ nhàng mua cho em 1 chiếc điện thoại tàu rẻ vì hư thì bỏ, còn riêng bỏ 800tr để mua xe tàu thì em phục vì em không thể có được dũng khí đó. Thôi thì sướng hay khổ bác ấy chịu, em chỉ nhắc nhẹ là tại sao mấy con như Zoyte Baic Brilliance doanh số lại lẹt đẹt trên sân nhà, tại sao xe máy ở VN không có xe máy tàu nào mà chỉ toàn là Honda Yamaha",Rhetorical-question,Negative,"Người nói dùng nhiều lập luận để ngầm cảnh báo việc mua xe Trung Quốc giá 800 triệu là quyết định rủi ro: phải 'đấu tranh tư tưởng', xe chỉ cần lỗi nhỏ cũng khổ tâm, gia đình trách móc, và so sánh với các thương hiệu xe Trung Quốc có doanh số lẹt đẹt cũng như xe máy Trung Quốc không còn phổ biến ở Việt Nam. Dù giọng văn có vẻ khách quan, toàn bộ ý nghĩa đều thể hiện sự thiếu tin tưởng vào chất lượng và giá trị của chiếc xe.",Negative
228,"Ta nói có 2 vấn đề kg nên tranh cãi vì nó kg bao giờ đi đến hồi kết, đó là chính trị và tôn giáo. Chuyện thích tàu hay bài tàu là quan điểm cá nhân của mỗi ng. ng van minh thì nêu ra ý kiến của mình và biết tôn trọng ý kiến ng khác. Không nên đả kích người ta chỉ vì ng ta kg cùng quan điẻm với mình. Nhưng nói gì nói, tụi tây lông hay nước nào đó nó sài hàng tàu thì kệ cha nó vì nó ở xa tàu lắm lắm. Còn mình đây sát nách nó và có hơn 1000 năm đau thương thì nên biết làm thế nào có lợi cho đất nước mình. Còn làm thế nào thì lại tuỳ thuộc vào kiến thức, đạo đức và cả sự tiếp thu giáo dục của từng ng nữa.",Fact-implied,Negative,"Bình luận không đánh giá trực tiếp tính năng xe mà bàn về việc dùng 'hàng tàu' trong bối cảnh Việt Nam sát Trung Quốc và có lịch sử đau thương. Hàm ý khuyên nên cân nhắc, không ủng hộ dùng sản phẩm/xe Trung Quốc vì cho rằng không có lợi cho đất nước.",Negative
229,"Xóm tôi có nhiều nhà, nhưng nổi nhất có 2 nhà. 1 nhà giàu sang quý tộc từ xưa, 1 nhà giàu mới nổi kiểu trưởng giả học làm sang. Cả 2 nhà đều bán bánh mỳ. Cái nhà mới nổi sát vách nhà tôi tối ngày dành đất sân trước và kiếm chuyện với nhà tôi suốt. Họp tổ khu phố nhà giàu quý tộc nêu ý kiến về chuyện dẹp chó chạy rông ỉa đái khắp nơi nhưng thằng cạnh tôi nó cứ nói ngược lại nhà quý tộc mặc kệ khu phố dơ bẩn. Thằng con nhà nó qua sân nhà tôi đánh con tôi bể đầu mà tôi hèn quá kg dám nói nó 1 tiếng. Nó biết vậy nên chõ mõm qua chửi tôi kg biết dạy để con tôi húc vào con nó. Vậy mà con tôi có đứa vẫn thích mua bánh mỳ nhà nhó ăn. Con tôi nói vì bánh mỳ nhà nó giống y bánh mỳ nhà quý tộc nhưng dc cái rẻ hơn. Tôi chửi mẹ mày ngu vừa thôi, có ngày nó cho thuốc độc vô bánh cho cả nhà này chết để nó thoải mái qua nhà này ở mà kg phải mang tiếng chiếm cái sân đằng trước.",Metaphorical,Negative,"Câu chuyện dùng ẩn dụ 'nhà giàu quý tộc' và 'nhà giàu mới nổi' để so sánh một hãng/xe có danh tiếng lâu đời với một hãng/xe mới nổi bắt chước kiểu dáng, bán rẻ hơn. Tuy có ưu điểm là giống xe danh tiếng và giá rẻ, người nói lại nhấn mạnh sự thiếu tin cậy, thái độ thù địch và nguy cơ bị hại ('cho thuốc độc vô bánh'), ngầm chê chiếc xe/nhãn xe này không đáng mua vì rẻ nhưng tiềm ẩn rủi ro, thiếu an toàn và không đáng tin.",Negative
230,Ông này đang có kế hoạch bán xe. Leo đèo mà máy 2.4 của Mit mà đuối thì chịu.,Ironic,Positive,"Câu nói cho rằng động cơ 2.4 của Mitsubishi leo đèo mà bị chê 'đuối' là điều khó tin, hàm ý máy xe vốn khỏe và đủ sức vận hành tốt trên địa hình đèo dốc. Việc nói người kia 'đang có kế hoạch bán xe' còn ngầm phủ nhận lời chê là không khách quan.",Positive
231,"Mua con xe Thaco vừa tạo việc làm trong nước, vừa khỏi làm giàu cho Tàu",Fact-implied,Positive,"Câu nói khuyến khích mua xe Thaco vì vừa ủng hộ sản xuất trong nước, tạo việc làm cho người Việt, vừa tránh ủng hộ hàng Trung Quốc. Dù không trực tiếp khen chất lượng xe, thái độ chung là ủng hộ và đánh giá tích cực việc chọn xe Thaco.",Positive
232,"Bác có hiểu gì không? Ai kêu bác phải mua xe Vinfast, có đủ khả năng thì thử nghiệm Vinfast, không đủ thì mua xe Hàn xe Nhật. Rõ ràng bác nói cái xe che mưa che nắng, chẳng lẽ không có chiếc xe hơi nào rẻ hơn mấy cái xe Tàu đó hả? Bác muốn hỏi có tội với đất nước hay không thì tự nghĩ xem bác có thằng hàng xóm chuyên ức hiếp bác thì bác có bỏ tiền mua đồ của nhà nó không dù nó bán rẻ hơn chỗ khác.",Rhetorical-question,Negative,"Người nói dùng giọng chất vấn và so sánh việc mua xe Tàu với việc mua đồ của 'hàng xóm chuyên ức hiếp', ngầm cho rằng không nên mua dù giá rẻ. Cách diễn đạt này thể hiện thái độ không thiện cảm, phản đối và đánh giá thấp các xe Tàu.",Negative
233,"Bác nói được vậy thì với tình hình hiện tại, nhấn mạnh là hiện tại bây giờ ngay lúc này chứ không phải chuyện quá khứ, là có nên mua xe Tàu không. Góc nhìn chung của cả nước chứ không phải của cá nhân em nhé bác, nhưng thời nào cũng vậy, luôn có 1 bộ phận vì tiền hoặc lợi ích cá nhân mà bất chấp tự tôn dân tộc.",Fact-implied,Negative,"Người nói đặt vấn đề 'có nên mua xe Tàu không' trong bối cảnh hiện tại, rồi liên hệ việc ủng hộ/mua xe này với chuyện 'vì tiền hoặc lợi ích cá nhân mà bất chấp tự tôn dân tộc'. Cách diễn đạt này ngầm phủ định giá trị và tính chính đáng của việc mua xe Trung Quốc, thể hiện thái độ không thiện cảm với dòng xe này.",Negative
234,"Chả muốn nói, bác tự hiểu biết thêm quan điểm làm gia công dễ, thương hiệu xây dựng mới khó. Mấy đồ rẻ tiền công nghê thấp thương hiệu Tàu không đáng bận tâm, nhưng xe hơi là công nghệ cao, thương hiệu một hãng xe là thành tựu chục năm trăm năm. Mua xe THƯƠNG HIỆU Tàu là góp 1 viên gạch để nó xây thương hiệu của nó trên đất VN.",Fact-implied,Negative,"Người nói nhấn mạnh xe hơi là sản phẩm công nghệ cao, thương hiệu ô tô phải mất rất lâu mới xây dựng được, trong khi thương hiệu xe Trung Quốc bị xem là chưa đủ uy tín. Câu 'mua xe thương hiệu Tàu là góp 1 viên gạch để nó xây thương hiệu' mang hàm ý không nên mua vì đang giúp một thương hiệu chưa đáng tin phát triển tại Việt Nam.",Negative
235,Người biết chuyện sẽ biết lựa món mà mua chứ không phải thấy rẻ là đâm đầu vô bất chấp nhé bác.,Fact-implied,Negative,"Câu nói nhấn mạnh rằng người hiểu biết sẽ phải chọn lựa kỹ, không nên chỉ thấy giá rẻ mà mua vội. Điều này ngầm cảnh báo chiếc xe tuy rẻ nhưng có thể tiềm ẩn vấn đề hoặc không đáng mua nếu thiếu cân nhắc.",Negative
236,"Đồ rẻ tiền ok vì nó không tạo ra giá trị công nghệ nào cho bọn Tàu, còn xe hơi là câu chuyện công nghệ cao của nền công nghiệp định hướng giá trị mỗi quốc gia, đi cùng hệ thống cung ứng sâu rộng, thương hiệu mạnh sẽ quyết định chuỗi cung ứng ở đâu, cũng như tiền thu về để cải tiến và nghiên cứu vật liệu, động cơ, điện tử, phần mềm và cả thiết kế. Chưa kể phản hồi từ người dùng là cơ sở để cải thiện sản phẩm. Bác hiểu rồi chứ?",Fact-implied,Negative,"Người nói phân biệt hàng rẻ tiền với xe hơi, nhấn mạnh xe hơi là sản phẩm công nghệ cao, gắn với chuỗi cung ứng, thương hiệu, R&D và phản hồi người dùng. Cách dùng từ 'bọn Tàu' và lập luận rằng mua/đóng góp phản hồi cho xe sẽ giúp phía Trung Quốc phát triển công nghệ cho thấy thái độ không ủng hộ, cảnh giác và mang hàm ý tiêu cực đối với xe Trung Quốc.",Negative
237,"Nói mãi nhiều bác không hiểu, kinh tế chính trị luôn đi chung với nhau, cái nào bất đắc dĩ và rẻ tiền thì mua đồ TQ (vì có mua nhiều cỡ nào nó cũng chỉ giúp TQ là công xương của thế giới), còn cái nào có nhiều lựa chọn khác, đồ cao cấp công nghệ cao (như xe hơi) thì mắc gì phải mua đồ của bọn Tàu để bọn nó phát triển thành trùm công nghệ. Vì sao Huyndai được như bây giờ, vì người Hàn họ chấp nhận mua xe Hàn dù chất lượng bèo hơn ở thời kì đầu. Cái lý nào để người Việt mua xe Tàu để bọn Tàu mạnh hơn. Xe Tàu bán rẻ vì nó bán mắc không ai mua, còn số tiền các bác thấy rẻ hơn là tụi nó dùng để mua con người các bác đó. Nó mua cái lòng tự tôn để các bác Chạy xe Tàu bị người khác nói này nói nọ vẫn dày mặt bảo “xe rẻ” thì mua thôi bất chấp tụi nó làm đủ trò ác ôn với nước mình.",Fact-implied,Negative,"Người nói liên tục dùng các cụm từ miệt thị như 'đồ của bọn Tàu', 'xe Tàu bán rẻ vì bán mắc không ai mua', 'mua con người', 'dày mặt' để phản đối việc mua xe Trung Quốc. Lập luận ngầm cho rằng xe Trung Quốc không đáng mua, giá rẻ chỉ là cách đánh vào tâm lý người dùng và việc mua xe còn gây hệ quả tiêu cực về kinh tế/chính trị.",Negative
238,"Cái thằng Tàu cần không phải là lắp xe cho Nhật Mỹ Đức Hàn, mà tụi nó muốn xây dựng thương hiệu xe của riêng nó, dân nó ủng hộ thì không nói, dân Việt mà cũng ủng hộ mới đáng nói.",Fact-implied,Negative,"Câu nói dùng cách gọi miệt thị 'thằng Tàu' và giọng điệu mỉa mai khi cho rằng việc dân Việt ủng hộ thương hiệu xe Trung Quốc là điều 'đáng nói'. Điều này ngầm thể hiện thái độ không tin tưởng, không ủng hộ và đánh giá tiêu cực đối với xe/thương hiệu xe Trung Quốc.",Negative
239,"Mình không có tiền nhưng mình biết nó như điện thoại từ TQ, tính năng gì cũng vô đối mà 1-2 năm là móp mép giờ!",Fact-implied,Negative,"Người nói so sánh chiếc xe với điện thoại Trung Quốc: nhiều tính năng, ban đầu có vẻ 'vô đối' nhưng sau 1-2 năm thì xuống cấp, móp méo. Hàm ý chê xe hào nhoáng về trang bị nhưng độ bền và chất lượng lâu dài kém.",Negative
240,Pin có bao nhiêu watt đâu mà chạy hoài. Pin dùng khi depart là chủ yếu.... thui. Thay thế cho ideling máy xăng thui....,Fact-implied,Negative,"Người nói nhấn mạnh pin có công suất/dung lượng không đáng kể, không thể chạy lâu mà chỉ hỗ trợ lúc khởi hành và thay thế việc nổ máy xăng khi dừng. Cách diễn đạt này ngầm chê hệ thống pin/hybrid yếu, tác dụng hạn chế và không mang lại nhiều giá trị vận hành.",Negative
241,"Tuổi thọ pin phụ thuộc vào số lần của chu kỳ nạp xả. Xả hết nạp lại đầy...mà nhiều lần trong thời gian ngắn đi trong phố do hay dừng. Thì pin mau chết...nên bảo hành 3 năm, chứ Toy dại gì 10_năm. Còn ở mẽo pin xe lai thọ hơn vì, quảng đường dài, ít dừng...chu ky nạp xả ít hơn. Toy nó biết rỏ hành vi tiêu dùng mỗi xứ. Nên chỉ có dại mà tâng bốc quá đáng thui...hè hè..",Fact-implied,Negative,"Người nói lập luận rằng pin xe lai/hybrid ở điều kiện đi phố hay dừng sẽ phải nạp xả nhiều lần trong thời gian ngắn, khiến pin mau hỏng. Việc hãng chỉ bảo hành 3 năm được xem như dấu hiệu hãng biết rõ rủi ro độ bền pin, đồng thời câu 'chỉ có dại mà tâng bốc quá đáng' thể hiện thái độ chê bai, không tin vào chất lượng/độ bền của xe.",Negative
242,"Đi đường dài, thì biết rỏ hè.",Ironic,Negative,"Câu nói ngụ ý rằng chỉ khi đi đường dài mới thấy rõ bản chất/chất lượng thật của xe, thường hàm ý xe có những nhược điểm sẽ lộ ra khi vận hành lâu như mệt, yếu, không ổn định hoặc kém thoải mái. Đây là cách nói nghi ngờ và chê ngầm chiếc xe.",Negative
243,"Xe cỏ em chắc nó gian lận quá hè, Sg_CĐ 500 km, mà chưa tới 25l....",Fact-implied,Positive,"Người nói dùng cách nói đùa 'gian lận' để nhấn mạnh mức tiêu hao nhiên liệu quá thấp: đi 500 km mà chưa tới 25 lít, tức dưới 5 lít/100 km. Điều này ngầm khen xe rất tiết kiệm xăng dù chỉ là 'xe cỏ'.",Positive
244,"Đã bảo gùi...vịt chạy đồng thì xài cỡ đó, chỉ vậy thui là chúng thần tượng gùi hè hè",Metaphorical,Negative,"Câu nói dùng giọng mỉa mai, gọi xe là 'vịt chạy đồng' để hạ thấp hình ảnh chiếc xe, ám chỉ chất lượng/khả năng vận hành chỉ ở mức tầm thường. Cụm 'chỉ vậy thui là chúng thần tượng' tiếp tục châm biếm việc người khác khen ngợi một chiếc xe không đáng được đề cao.",Negative
245,Chưa ai kịp vào chê thì cụ phán cái phủ đầu!!!,Ironic,Positive,"Câu nói không chê trực tiếp thông số hay trải nghiệm xe, nhưng việc nhắc rằng 'chưa ai kịp vào chê' và có người phải 'phủ đầu' cho thấy chiếc xe được dự đoán sẽ gây tranh cãi hoặc có điểm dễ bị chỉ trích. Sắc thái ngầm nghiêng về việc xe không thật sự thuyết phục.",Negative
246,"Nó còn ăn xăng hơn bình thường ấy chứ bác ( 1.8 chắc phải ăn bằng 2.5), vì nó còn phải lai máy phát điện nạp cho cái cục pin hybrid to tướng kia nữa bác.",Metaphorical,Negative,"Người nói cho rằng xe không tiết kiệm mà còn hao xăng hơn bình thường, thậm chí động cơ 1.8 bị ví như tiêu thụ ngang 2.5 do phải kéo máy phát sạc pin hybrid. Đây là đánh giá tiêu cực về mức tiêu hao nhiên liệu và hiệu quả vận hành của xe.",Negative
247,"Sau hành trình 800km, thấy hiển thị trên đồng hồ thường là 3,3l/100km.",Fact-implied,Positive,"Sau quãng đường dài 800km, mức tiêu thụ nhiên liệu hiển thị chỉ khoảng 3,3l/100km, đây là con số rất thấp, ngầm khen xe cực kỳ tiết kiệm xăng.",Positive
248,"Xăng tăng giá 3 lít/100km, quá đã cho 1 cuộc tình!",Ironic,Positive,"Câu nói nhấn mạnh mức tiêu thụ chỉ 3 lít/100km trong bối cảnh xăng tăng giá, đây là mức rất tiết kiệm nhiên liệu. Cụm 'quá đã' thể hiện sự hài lòng, khen xe vận hành kinh tế.",Positive
249,nhưng bác phải đổ xăng thì động cơ điện này mới làm việc đc,Fact-implied,Negative,"Câu nói mang ý mỉa mai rằng dù gọi là động cơ điện nhưng vẫn phải đổ xăng thì mới hoạt động, ngầm chê công nghệ điện không độc lập, kém tiện lợi hoặc không đúng kỳ vọng về xe điện.",Negative
250,"Hôm qua chính thức được ngồi Cross HV đi tỉnh, cả đi cả về tầm 3 tiếng. Nói chung đi xong thì xác nhận lại luôn là xe này chỉ dành cho fan Toyota chính hiệu, kiểu kết hơn kết bồ nhí ngực nở mông to ấy. Ra giấy hơn 1 tỏi to. Đi thì thấy đồng hồ báo 4,1L/100km, ngồi nhẩm thì đi cỡ 200-300k km mới hồi vốn tiền xăng chưa kể thay pin. Trừ xe dịch vụ thì ai chạy 1 năm 20k km là nhiều rồi, như vậy tầm 10 năm hồi vốn tiền xăng. Vẫn chốt lại nếu mua Cross thì mua bản thấp nhất là hợp lý, chứ bản này thì ạ.",Fact-implied,Negative,"Người nói thừa nhận xe tiết kiệm xăng với mức 4,1L/100km, nhưng lập luận rằng giá lăn bánh hơn 1 tỷ quá cao, phải chạy 200-300 nghìn km hoặc khoảng 10 năm mới bù được tiền xăng, chưa kể chi phí thay pin. Cách nói 'chỉ dành cho fan Toyota chính hiệu' và 'bản này thì ạ' mang ý mỉa mai, cho rằng bản Cross HV không đáng mua so với bản thấp nhất.",Negative
251,Sao ko bảo hành cục pin 10 năm cho dân tin tưởng để xuống tiền. Vì như pác nói 10 năm nó có hư đâu?. 3 năm hết bảo hành mà hư pin về xin vợ trăm triệu đi thay cục pin chắc vợ nó mừng lắm,Rhetorical-question,Negative,"Người nói nghi ngờ độ bền và chính sách bảo hành pin của xe: nếu pin thật sự bền 10 năm thì hãng nên bảo hành 10 năm để khách yên tâm mua. Việc chỉ bảo hành 3 năm khiến người dùng lo sau khi hết bảo hành pin hỏng sẽ phải tốn cả trăm triệu để thay, câu 'vợ nó mừng lắm' là mỉa mai về chi phí sửa chữa quá lớn.",Negative
252,"Thế sao Thái, Mã, Indo, Âu, Mỹ toy nó đều bảo hành pin 10 năm còn VN 3 năm? Ủa vậy là toy nó ít tên tuổi ở thị trường đó à?",Rhetorical-question,Negative,"Người nói so sánh chính sách bảo hành pin của Toyota ở nhiều thị trường khác là 10 năm trong khi ở Việt Nam chỉ 3 năm, rồi dùng câu hỏi mỉa mai để bác bỏ lý do về 'tên tuổi thị trường'. Hàm ý là hãng thiếu nhất quán, chính sách bảo hành ở Việt Nam kém và có thể không đủ tự tin vào độ bền pin tại thị trường này.",Negative
253,Kỹ thuật toy xác định là đang chạy pin lăn ra hỏng thì có thể lếch tiếp tới hãng để thay pin. Còn nếu pin lăn ra chết khi máy chưa nổ thì chỉ còn thuê xe thớt chở vô hãng thôi. Mà mấy ảnh trên kia nói là pin bền dữ lắm méo hư đâu. Mỗi tội bảo hành có 3 năm. Mà thôi mấy ảnh nói k mua xe Hybrid là k có tiền nên hok dám bàn.,Ironic,Negative,"Người viết mỉa mai về độ bền pin xe Hybrid: nếu pin hỏng thì có thể phải lết hoặc thuê xe chở vào hãng, cho thấy sự bất tiện và rủi ro lớn. Câu 'pin bền dữ lắm méo hư đâu' là giọng châm biếm, tiếp theo là chi tiết 'bảo hành có 3 năm' để ngầm nghi ngờ độ bền và chính sách bảo hành. Tổng thể thể hiện thái độ không tin tưởng, chê bai xe Hybrid.",Negative
254,"Cái vấn đề càng hiện đại thì sẽ càng hại điện chưa bao giờ sai nha bác. So với yếu tố tiết kiệm nhiên liệu/ giá cao hơn bản thường thì e sẽ ko bao h mua hybrid. Trừ khi nhà nước có kế hoạch ưu tiên xe xanh, bảo vệ môi trường thì đó là lúc ta xài hybrid/ electric. Chưa kể cái máy hybrid chỉ tối ưu nhất khi đi trong phố, đi đg trường vẫn ăn uống bt",Fact-implied,Negative,"Người nói cho rằng xe hybrid giá cao hơn bản thường nhưng lợi ích tiết kiệm nhiên liệu không đủ thuyết phục, chỉ phù hợp khi có ưu đãi của nhà nước. Ngoài ra, họ nhấn mạnh hybrid chỉ tối ưu trong phố còn đi đường trường vẫn tiêu hao nhiên liệu bình thường, nên ngầm đánh giá xe hybrid chưa đáng mua ở thời điểm hiện tại.",Negative
255,"khác nhau con số, còn thực tế ko biết vì chưa gặp xe nào phải bảo hành thay pin sau 3 năm !",Fact-implied,Positive,"Người nói thừa nhận các con số lý thuyết có thể khác nhau, nhưng thực tế chưa từng gặp xe nào phải thay pin bảo hành sau 3 năm. Điều này ngầm cho thấy pin xe khá bền, ít hỏng hóc như lo ngại.",Positive
256,"Hôm trước có coi 1 clip của tipcar TV phân tích là không xăng không chạy được, suy ra là điện chỉ để bổ trợ 1 phần nhỏ chứ không phải dưới 40 chạy điện đâu bác",Fact-implied,Negative,"Người nói cho rằng xe không thể chạy nếu không có xăng, phần điện chỉ hỗ trợ rất nhỏ chứ không thể chạy điện độc lập ở tốc độ thấp như kỳ vọng. Điều này ngầm chê hệ thống hybrid/điện của xe kém hiệu quả hoặc bị quảng bá quá mức.",Negative
257,Mấy hãng ít tên tuổi mới nâng thời hạn bảo hành để lấy lòng khách hàng thôi. Còn những thương hiệu lớn. Ai dại mà bỏ tiền túi ra bù chi phí cho Khách hàng. Ngày trước Huyndai và Kia cũng áp dụng bảo hành 5 năm ở Mỹ( các hãng khác chỉ 3 năm) . Nhưng giờ Huyndai và Kia đã có chỗ đứng ở Mỹ thì bảo hành lại về 3 năm,Fact-implied,Negative,"Người nói cho rằng việc tăng thời hạn bảo hành chủ yếu là chiêu lấy lòng khách hàng của các hãng chưa có tên tuổi, còn khi thương hiệu đã mạnh thì sẽ cắt giảm để tránh tốn chi phí. Cách diễn đạt thể hiện sự hoài nghi và phê phán chính sách bảo hành của các hãng xe, ngầm cho rằng họ không thực sự đặt lợi ích khách hàng lên hàng đầu.",Negative
258,"Khác nhau nhiều lắm bác. Cục bảo hành 3 năm thì sang năm thứ 4 khả năng móc ví 100tr là có, còn cục bảo hành 10 năm thì chắc bán xe mất rồi. Nhớ ngày xưa thời sinh viên mua cục nguồn PC của anh hàng xóm, bảo hành 1 năm, đến lúc nó lăn ra die bất đắc kỵ tử, mở thùng máy xem tem bảo hành thì vừa hết bảo hành chưa đầy 1 tháng",Fact-implied,Negative,"Người nói so sánh thời hạn bảo hành để ngầm chỉ ra rủi ro lớn: bộ phận chỉ bảo hành 3 năm có khả năng hỏng ngay sau khi hết bảo hành, khiến chủ xe phải tự bỏ ra khoảng 100 triệu để sửa. Câu chuyện cục nguồn PC chết ngay sau khi hết bảo hành được dùng để nhấn mạnh sự lo ngại về độ bền và chi phí sửa chữa của xe/bộ phận này.",Negative
259,"Bác nào đã từng chạy Vespa nhập khẩu rồi sẽ thấy, CVT nhiều khi nó còn giật hơn cả số 4 cấp của Fortuner. : )))",Fact-implied,Negative,"Câu nói lấy hộp số 4 cấp của Fortuner làm mốc so sánh cho hiện tượng 'giật', ngầm cho thấy hộp số của Fortuner bị đánh giá là vận hành không mượt, sang số kém êm. Dù đang so với Vespa, hình ảnh Fortuner vẫn mang ý chê bai về độ mượt của xe.",Negative
260,"Uh, nhưng tại sao nó lại đứng đầu phân khúc cho đến giờ?!",Rhetorical-question,Positive,"Câu hỏi tu từ nhấn mạnh rằng chiếc xe vẫn đứng đầu phân khúc đến hiện tại, ngầm cho thấy xe có sức hút, chất lượng hoặc giá trị sử dụng được thị trường công nhận.",Positive
261,"Rush ko có lọc gió, bó tay anh Toy thiệt",Fact-implied,Negative,"Người nói phàn nàn rằng Toyota Rush không có lọc gió, một trang bị cơ bản đáng lẽ nên có. Cụm 'bó tay anh Toy thiệt' thể hiện sự bất lực, thất vọng và chê trách hãng Toyota về việc cắt giảm trang bị.",Negative
262,Avanza với Innova đều 7 chỗ vậy Innova hơn gì nhỉ,Rhetorical-question,Negative,"Câu hỏi so sánh Avanza và Innova cùng là xe 7 chỗ nhưng hỏi 'Innova hơn gì' thể hiện sự hoài nghi về ưu thế hoặc giá trị khác biệt của Innova, ngầm cho rằng Innova không nổi bật hơn tương xứng.",Negative
263,"Avanza xác xe to nặng, hộp số CVT thì có đáp ứng đằng trời cũng không thể ăn được Focus gầm thấp dáng thể thao dùng ly hợp kép. Ông nào lái Focus đều đã trải qua cảm giác dính ghế rồi, Civic còn chưa ăn lại nói gì Avanza.",Fact-implied,Negative,"Câu này so sánh Avanza với Focus và Civic để nhấn mạnh Avanza có thân xe to nặng, dùng hộp số CVT nên khả năng tăng tốc/vận hành không thể bằng Focus thể thao dùng ly hợp kép. Cụm 'có đáp ứng đằng trời cũng không thể ăn được' thể hiện sự đánh giá thấp sức mạnh và độ bốc của Avanza.",Negative
264,"Giờ 8/10 chiếc Taxi/Grab là Xpander còn gì. Em vẫn không chọn các dòng nhiều chổ ngồi, ít túi khí, nếu phục vụ gia đình mình (cho người ta thuê thì được, hehe).",Fact-implied,Negative,"Người nói nhấn mạnh Xpander xuất hiện nhiều trong Taxi/Grab, ngầm gắn xe với mục đích chạy dịch vụ hơn là xe gia đình. Việc chê 'ít túi khí' và nói chỉ phù hợp 'cho người ta thuê' cho thấy đánh giá xe thiếu an toàn, không đáng chọn để chở gia đình.",Negative
265,Su thì ngoại hình chua lét Mà ai ăn chua được lại thấy nó ngon,Metaphorical,Negative,"Câu nói ví ngoại hình xe như vị 'chua lét', hàm ý thiết kế khá kén mắt, không hợp số đông. Tuy nhiên vế sau 'ai ăn chua được lại thấy nó ngon' cho thấy nếu hợp gu thì vẫn thấy xe đẹp và có sức hấp dẫn riêng, nên sắc thái cuối cùng nghiêng về khen kiểu cá tính, độc đáo.",Positive
266,chắc ảnh chạy chế độ giả lập. CVT sao lại giật được nhỉ???,Rhetorical-question,Positive,"Người nói cho rằng hộp số CVT vốn vận hành mượt, không có cấp số rõ ràng nên khó xảy ra hiện tượng giật. Câu hỏi tu từ 'CVT sao lại giật được' thể hiện sự nghi ngờ trước lời chê và ngầm bảo vệ khả năng vận hành êm ái của xe.",Positive
267,1.5 CVT 7 chỗ thì lấy đâu ra nhạy chân ga chứ,Fact-implied,Negative,"Câu nói dùng câu hỏi tu từ để phủ nhận khả năng phản hồi chân ga tốt của một mẫu xe 7 chỗ dùng động cơ 1.5 và hộp số CVT, ngầm chê xe yếu, tăng tốc kém và không nhạy ga.",Negative
268,Bác cứ nhìn biển vàng là hiểu nhỉ,Fact-implied,Negative,"Cụm 'biển vàng' ám chỉ xe đăng ký kinh doanh vận tải/dịch vụ. Câu nói ngầm nhắc rằng chỉ cần nhìn biển số là biết xe có thể đã chạy dịch vụ nhiều, bị sử dụng với cường độ cao, nên tình trạng và giá trị xe không còn hấp dẫn.",Negative
269,"Cuồng thì cũng vừa thôi bác nhể, 1.5CVT so với 1.5turbo (công suất ngang 2.5) 6AT thì có lẽ khỏi tranh cãi làm gì cho mệt người.",Fact-implied,Negative,"Người nói mỉa mai sự 'cuồng' của người bênh xe, đồng thời cho rằng bản 1.5 CVT không thể so sánh với động cơ 1.5 turbo mạnh ngang 2.5 kèm hộp số 6AT. Câu 'khỏi tranh cãi' thể hiện đánh giá chiếc xe 1.5 CVT thua kém rõ ràng về sức mạnh/vận hành.",Negative
270,Thằng này lái ngang Ford Focus thì em thua .Thằng Focus vs Civic bảng sport mai ra . Chứ Civic  bảng đèn tròn đèn vuông ko có cửa đụng với Focus .Lái ly hợp kép xong qua lái CVT 1.5 là muốn vứt mẹ nó cái xe rồi .,Fact-implied,Negative,"Người nói so sánh khả năng lái của xe với Ford Focus và cho rằng các bản Civic thường 'không có cửa' so với Focus. Câu 'lái ly hợp kép xong qua lái CVT 1.5 là muốn vứt mẹ nó cái xe' thể hiện sự thất vọng mạnh với hộp số CVT 1.5, ngầm chê cảm giác lái kém, không đáng so với xe dùng ly hợp kép.",Negative
271,Xpander thì thôi kinh khủng rồi. Đánh bại Innova thì đủ biết cỡ nào. Giờ không biết còn hiếm hàng như 4/2021 không nhỉ,Fact-implied,Positive,"Câu nói dùng từ 'kinh khủng' theo nghĩa khen ngầm, nhấn mạnh Xpander rất mạnh về sức hút/thành công. Việc 'đánh bại Innova' và từng 'hiếm hàng' cho thấy xe được ưa chuộng, bán chạy và có vị thế tốt trên thị trường.",Positive
272,Toàn tập lái vào tâng bốc cho con veloz bia kèm lạc không,Metaphorical,Negative,"Câu nói mang giọng mỉa mai, cho rằng những người khen Veloz chủ yếu là 'tập lái' thiếu kinh nghiệm và còn nhắc đến tình trạng 'bia kèm lạc' ám chỉ xe bị bán kèm phụ kiện/chi phí không mong muốn. Điều này thể hiện thái độ chê bai, không đánh giá cao chiếc xe.",Negative
273,Xe yếu hay không là do tiền chi cho PR nhiều hay ít thôi. chứ cái thể loại rì viu như HL gì gì đó thì cục c cũng thành xúc xích cao cấp ah.,Metaphorical,Negative,"Người nói mỉa mai rằng việc xe bị đánh giá yếu hay không không phụ thuộc vào chất lượng thật mà phụ thuộc vào tiền PR. Câu ví von 'cục c cũng thành xúc xích cao cấp' ám chỉ các bài review có thể biến một sản phẩm tệ thành cao cấp, nên ngầm chê chiếc xe thực chất kém nhưng được quảng cáo thổi phồng.",Negative
274,"Hôm cầm con này đi đồi chè cầu đất gặp anh XL7, đường phẳng ổng vượt mình chạy mất tiêu. Tới đoạn đèo lại gặp ổng đang bò bò lên, hài vãi nồi .Ông Xpander thì cứ bu bu sau đích mình , không vượt cũng không biết định làm gì",Fact-implied,Negative,"Người nói so sánh xe đang cầm lái với XL7 và Xpander: dù bị XL7 vượt trên đường phẳng, đến đoạn đèo thì XL7 lại leo rất chậm, còn Xpander chỉ bám phía sau không vượt được. Điều này ngầm khen chiếc xe có khả năng leo đèo, vận hành đường dốc tốt hơn các xe kia.",Positive
275,"Lậy thánh bugi,lậy dây pha nguồn,lậy thầy ắc quy. cho con đề được. Amen! chắc ảnh khấn vại.",Ironic,Negative,"Câu nói mô tả cảnh phải 'khấn' bugi, dây nguồn, ắc quy để xe đề được, mang tính mỉa mai việc xe khó nổ máy hoặc hệ thống điện/đánh lửa không đáng tin cậy. Điều này ngầm chê xe hay gặp trục trặc khi khởi động.",Negative
276,E lái con outlander 2.0cvt đi đèo bình thường không sao chứ có xe vượt kiểu lưng chừng dốc còn thấy đuối đừng nói chi 1.5cvt.,Fact-implied,Negative,"Người nói cho biết xe 2.0 CVT đi đèo bình thường thì tạm ổn, nhưng khi cần vượt ở lưng chừng dốc lại cảm thấy 'đuối', tức là thiếu sức mạnh và khả năng tăng tốc kém; từ đó còn ngầm chê bản 1.5 CVT sẽ yếu hơn nữa.",Negative
277,Sao khi xem xong bài đánh giá tôi đã quyết định kêu vợ đặt cọc....Tháng 9 này lấy xe ko có kèm lạc còn tặng từa lưa hột dưa.,Metaphorical,Positive,"Sau khi xem bài đánh giá, người nói quyết định đặt cọc mua xe, cho thấy ấn tượng tốt với chiếc xe. Việc nhận xe không bị 'kèm lạc' và còn được tặng nhiều quà càng thể hiện cảm nhận tích cực về giá trị mua xe.",Positive
278,"hôm bữa có ngồi con Vê lờ này full tải đi cao tốc Trung Lương 1 lần, tởn tới già luôn ! xe ko yếu, nhưng em nó nhấn ga 1 cái y như sắp cất cánh luôn !",Metaphorical,Negative,"Người nói kể trải nghiệm đi xe full tải trên cao tốc và dùng cụm 'tởn tới già' để thể hiện cảm giác rất sợ, không muốn lặp lại. Dù thừa nhận xe 'không yếu', câu 'nhấn ga 1 cái y như sắp cất cánh' mang ý chê cảm giác vận hành thiếu ổn định, bồng bềnh hoặc gây bất an khi tăng tốc ở tốc độ cao.",Negative
279,"Lạy mấy ông đòi giá mấy trăm. Mua xe tào đi mấy đứa, với bớt nhoi lại cái. Chưa ngồi lên, chưa sờ mó, chưa chạy thử mà chém như đúng roài. . Mình đi quay tào, éo dám chém",Rhetorical-question,Positive,"Người nói đang mỉa mai những người chê giá và phán xét chiếc xe khi chưa từng ngồi, sờ hay chạy thử. Việc bảo họ 'mua xe tàu đi' cho thấy người nói cho rằng các nhận xét chê bai là thiếu cơ sở và chiếc xe không đáng bị hạ thấp như vậy.",Positive
280,"Oh, vậy 1 con Vinfast lúc xa lúc gần gì = 4-5 con Bim 320 lận à? Vậy chửi đắt cũng có lý nhỉ .",Rhetorical-question,Negative,"Người nói dùng cách so sánh mỉa mai rằng một chiếc VinFast có giá tương đương 4-5 chiếc BMW 320, từ đó kết luận việc bị chê 'đắt' là có lý. Hàm ý chiếc xe bị định giá quá cao, không tương xứng với giá trị.",Negative
281,"Đặt đợt đầu thì mâm nằm trong gói option đâu 20tr, mà quả mâm đấy sau thay lốp thì vỡ alo luôn",Metaphorical,Negative,"Người nói nhắc đến bộ mâm là option tốn thêm khoảng 20 triệu nhưng sau khi thay lốp lại bị vỡ, cho thấy chất lượng mâm kém, không tương xứng với số tiền bỏ ra.",Negative
282,"ý bác ấy là con này có đáng tỷ rưỡi đang bán ko, hay chỉ đáng 1 tỷ, hoặc 700 thôi bác ạ =))) với cả nhà máy nó khoe công suất 250k xe 1 năm cơ ko phải lo SX ko kịp đâu quy mô thị trường 2020 chỉ là 296000 xe thôi =))",Rhetorical-question,Negative,"Người nói dùng câu hỏi mỉa mai về việc xe đang bán giá khoảng 1,5 tỷ nhưng có thể chỉ đáng 1 tỷ hoặc 700 triệu, ngầm chê xe bị định giá quá cao so với giá trị thực. Phần sau tiếp tục giễu việc nhà máy khoe công suất rất lớn so với quy mô thị trường, hàm ý không phải vì xe quá hot mà thiếu hàng.",Negative
283,Bán mà ko dám cho ngta coi hang thì lạ lắm à nhen ),Fact-implied,Negative,"Người nói mỉa mai việc bán xe nhưng lại không dám cho người mua xem xe/hàng, ngầm cho rằng chiếc xe hoặc người bán có vấn đề, thiếu minh bạch và đáng nghi.",Negative
284,"Giá 700 sedan, 850 SUV thi cháy hàng. Còn lại thì chia tay hoàng hôn.",Metaphorical,Negative,"Người nói cho rằng xe chỉ có thể bán chạy nếu sedan giá 700 triệu và SUV giá 850 triệu; nếu cao hơn mức đó thì sẽ thất bại, khó bán. Cụm 'chia tay hoàng hôn' mang ý mỉa mai rằng mức giá hiện tại/khả năng định giá của xe không hấp dẫn, không xứng đáng.",Negative
285,Xe vin nhìn đẹp chủ yếu mọi người lăn tăn về giá thôi...mà giá của vin thì toàn trên mây...nên nằm ngoài tầm với của rất nhiều anh em...,Metaphorical,Negative,"Người nói thừa nhận xe Vin có thiết kế đẹp, nhưng trọng tâm bình luận là phàn nàn giá bán quá cao ('trên mây') khiến nhiều người không thể tiếp cận. Điều này ngầm đánh giá xe chưa hợp lý về giá trị/giá bán.",Negative
286,Thì chất lượng nó đi với giá bác ah...mua một con xe mà chưa được kiểm chứng thì cũng căng,Fact-implied,Negative,"Câu nói ngầm cho rằng mức giá phản ánh chất lượng, đồng thời nhấn mạnh việc mua một mẫu xe chưa được kiểm chứng là khá rủi ro. Điều này thể hiện sự nghi ngại về độ tin cậy và chất lượng thực tế của chiếc xe.",Negative
287,hóng cắt lỗ 500 chai,Ironic,Negative,"Câu nói thể hiện thái độ chờ xe bị bán cắt lỗ tới 500 triệu, ngầm cho rằng chiếc xe mất giá mạnh, khó giữ giá hoặc không xứng đáng với số tiền bỏ ra ban đầu.",Negative
288,"Theo em ngầm hỉu chủ ý của bác thớt là đi xe VF phải có thật nhiều tiền trong..xe, không thì không yên tâm như đi mấy con xe thông dụng khác..kkk",Ironic,Negative,"Câu nói mang tính mỉa mai rằng đi xe VF phải chuẩn bị nhiều tiền sẵn trong xe thì mới yên tâm, hàm ý xe có thể phát sinh vấn đề, chi phí hoặc rủi ro khiến người dùng không an tâm như khi đi các dòng xe phổ thông khác.",Negative
289,Màn hình đậm chất tàu Việt hóa quá,Ironic,Negative,"Cụm 'đậm chất tàu Việt hóa' mang hàm ý chê màn hình có giao diện/thiết kế giống hàng Trung Quốc được chỉnh sửa sơ sài sang tiếng Việt, tạo cảm giác rẻ tiền và thiếu tinh tế.",Negative
290,"cuối cùng thiếu câu chốt, con này đáng giá bao nhiêu?  giá trị đang bán hay 1 tỏi hay 700",Rhetorical-question,Negative,"Người nói đặt câu hỏi về giá trị thực của xe và đưa ra các mức giá thấp hơn như 1 tỷ hay 700 triệu, ngầm thể hiện sự nghi ngờ rằng mức giá đang bán có thể không tương xứng với giá trị thực của xe.",Negative
291,Giá này thì mua Hybrid cho lành.,Ironic,Negative,"Câu nói so sánh ở cùng tầm giá thì nên chọn xe Hybrid 'cho lành', ngầm cho rằng chiếc xe đang được nhắc tới không đáng mua hoặc kém hợp lý hơn về giá trị sử dụng so với lựa chọn Hybrid",Negative
292,"Cá nhân t ngoại thất bình thường, đường nét lai mỗi xe khác 1 chút, trong khi kích thước xe hạn mà nhồi nhét quá nhiều đường gân dập nổi",Fact-implied,Negative,"Người nói đánh giá ngoại thất chỉ ở mức bình thường, thiết kế đường nét bị cho là lai tạp từ nhiều xe khác và việc xe có kích thước hạn chế nhưng lại nhồi quá nhiều đường gân dập nổi khiến tổng thể rối mắt, thiếu tinh tế.",Negative
293,"p/s: mới gặp vài hôm trước, chuẩn bị xuống hầm thủ thiêm (nghe anh chủ nói với anh phân luồng là đỏng đảnh, không chịu chạy)",Metaphorical,Negative,"Cụm 'đỏng đảnh, không chịu chạy' ám chỉ chiếc xe hay trục trặc, khó sử dụng và có vấn đề về độ ổn định/vận hành, đến mức chủ xe phải giải thích với người phân luồng. Điều này thể hiện đánh giá tiêu cực về độ tin cậy của xe.",Negative
294,Đường nào thì cũng Tàu cả mua hẳn con Tàu chính hãng cho nó ngon đỡ phải đi fix lỗi.,Ironic,Negative,"Câu nói thừa nhận xe có nguồn gốc Trung Quốc nhưng khuyên mua bản 'Tàu chính hãng' vì 'ngon' hơn và ít phải sửa lỗi. Ý ngầm là chiếc xe chính hãng có chất lượng ổn, đáng mua hơn các lựa chọn khác dễ lỗi.",Positive
295,"BYD vừa giới thiệu con Atto3 cùng phân khúc với VF7, mà giá bản full kèm pin chỉ hơn 8 trăm thôi. Không giảm giá sớm thì thành “Bại liệt tinh thần Việt” luôn",Ironic,Negative,"Người nói so sánh VF7 với BYD Atto3 cùng phân khúc nhưng có giá bản full kèm pin chỉ hơn 800 triệu, từ đó ngầm cho rằng VF7 đang bị định giá quá cao và kém cạnh tranh. Cụm mỉa mai “Bại liệt tinh thần Việt” thể hiện sự chê bai gay gắt nếu hãng không sớm giảm giá.",Negative
296,Tôi đã đi được hơn 4 vạn nhưng phải công nhận Wigo có mỗi nhược điểm: hơi ồn.,Fact-implied,Positive,"Người nói đã sử dụng Wigo hơn 4 vạn km nhưng chỉ nêu ra một nhược điểm duy nhất là hơi ồn. Cách diễn đạt này ngầm khen chiếc xe nhìn chung bền, ổn định và ít lỗi sau thời gian dài sử dụng, nên cảm nhận tổng thể là tích cực.",Positive
297,Wigo cách âm kém có ưu điểm đấy chứ… còi tàu sẽ làm cụ giật mình và đạp thắng.,Ironic,Negative,"Câu nói dùng giọng mỉa mai: 'cách âm kém có ưu điểm' thực chất là chê khả năng cách âm của Wigo quá tệ, đến mức tiếng còi tàu bên ngoài lọt vào rõ làm người lái giật mình. Đây là nhận xét tiêu cực về chất lượng cách âm và trải nghiệm lái.",Negative
298,Ngoài việc bền ra thực sự ko có yếu tố nào để khách hàng xuống tiền,Fact-implied,Negative,"Câu nói thừa nhận xe có điểm mạnh là bền, nhưng nhấn mạnh rằng ngoài yếu tố đó thì không còn ưu điểm nào đủ hấp dẫn để khách hàng quyết định mua. Điều này ngầm chê xe thiếu giá trị, thiếu trang bị hoặc trải nghiệm không đáng tiền.",Negative
299,"Khi Vin ra xe, e đã bảo để sau 5 năm xem thế nào thì hẵng mua.",Fact-implied,Negative,"Người nói cho rằng khi Vin mới ra xe thì chưa nên mua ngay mà phải chờ 5 năm để kiểm chứng chất lượng, độ bền và độ ổn định. Điều này ngầm thể hiện sự hoài nghi, thiếu tin tưởng vào xe ở giai đoạn đầu.",Negative
300,"Bác lái thử… nếu vẫn thấy ‘rất đầm’… thì em đăng ký mua 2 chiếc, 1 chiếc biếu bác luôn.",Ironic,Negative,"Câu nói mang tính mỉa mai: người nói thách đối phương lái thử, nếu vẫn còn cho rằng xe 'rất đầm' thì sẽ mua hẳn 2 chiếc và tặng 1 chiếc. Điều này ngầm phủ nhận nhận xét xe đầm chắc, ám chỉ xe thực tế không ổn định hoặc cảm giác lái kém.",Negative
301,"Fortuner thì vẫn cày cuốc phục vụ chủ nhân mà không đổ bệnh, đòi tiền.",Metaphorical,Positive,"Cụm 'cày cuốc phục vụ chủ nhân' cho thấy xe hoạt động bền bỉ, chịu khó; 'không đổ bệnh, đòi tiền' ngầm khen xe ít hỏng vặt, không tốn chi phí sửa chữa. Đây là đánh giá tích cực về độ bền và độ tin cậy của Fortuner.",Positive
302,Thực tế qua clip này thì Fortuner đúng là thánh lật rồi.,Metaphorical,Negative,"Cụm 'thánh lật' là cách nói mỉa mai để chỉ Fortuner dễ bị lật xe, ngầm chê khả năng ổn định thân xe và độ an toàn khi vận hành kém.",Negative
