Id,Text,Implicit type,Rationale,Sentiment
1,Phải thêm cái Danh hiệu xe điện sang tay của Năm mới đủ.,Ironic,"Cụm từ “Danh hiệu xe điện sang tay của Năm” mang ý nghĩa mỉa mai, ám chỉ việc chiếc xe thường xuyên được mua đi bán lại. Người dùng ngầm châm chọc rằng người mua xe sau khi sử dụng trong thời gian ngắn rồi sẽ muốn bán lại do không hài lòng về chiếc xe, qua đó thể hiện sự đánh giá tiêu cực về chất lượng của dòng xe.",Negative
2,Lụm mịa nó hết các vị trí nhất bảng hé hé,Fact-implied,Thể hiện sự thích thú và khen ngợi xe có chất lượng/sức hút vượt trội khi đứng đầu các bảng xếp hạng.,Positive
3,"limo nào mà nhiều chắc ở cửa hàng, trong khi book grab 7 chỗ toàn BYD 7",Ironic,"Câu ""limo nào mà nhiều chắc ở cửa hàng'' đối lập số lượng xe trong cửa hàng với số lượng xe xuất hiện ngoài thực tế. Việc nhắc đến Grab 7 chỗ toàn BYD 7 làm cơ sở so sánh với trải nghiệm quan sát hằng ngày. Người viết nghi ngờ nhận định rằng Limo Green đang phổ biến ngoài thị trường hoặc được sử dụng rộng rãi trong thực tế.",Negative
4,"Xe dịch vụ của năm là XL, xe điện của năm còn phải xét lại , ngoài đường con BYD 7 chỗ chạy đầy đường",Fact-implied,"Phản đối việc trao giải cho Limo Green, cho rằng danh hiệu ""xe điện của năm"" chưa thuyết phục bằng đối thủ BYD 7 chỗ.",Negative
5,"Ẹc mồm thì quang quác mà tay vẫn nhặt hàng, khầy đỉnh quá",Ironic,"Châm biếm những người miệng chê bai nhưng tay vẫn mua xe, ngầm khẳng định sản phẩm có sức hút và giá trị sử dụng thực tế tốt.",Positive
6,BYD7 chắc doanh số chưa bằng 1/10 con limo,Fact-implied,Chê bai doanh số và khả năng cạnh tranh kém cỏi của BYD7 so với Limo Green.,Negative
7,"Limo Green thì ok, thấy chạy đầy đường dù mới ra mắt... còn 2 con ở mục 2, 3... phải nói là nhìn lòi mắt may ra thấy được chiếc; bgk chấm điểm nhìn vào tờ polyme à!?!?",Rhetorical-question,"Chỉ trích ban giám khảo thiếu minh bạch, chấm điểm dựa trên tiền thay vì độ phủ thực tế của các xe khác.",Negative
8,bài này nên để tiêu đề QUẢNG CÁO để người đọc đỡ buồn cười,Ironic,"Mỉa mai và chỉ trích bài viết thiếu tính khách quan, tâng bốc xe lộ liễu như một bài quảng cáo trá hình.",Negative
9,"Đây là một ví dụ điển hình về kết quả bình chọn trong giới xe biz, ko hiểu các bác bình chọn nghĩ gì",Rhetorical-question,"Thể hiện sự thất vọng và nghi ngờ tính công tâm của giải thưởng, gián tiếp chê xe đoạt giải không xứng đáng.",Negative
10,"Chấm điểm phải có tính quốc tế môt chút thì giải thưởng mới có giá trị. Chiếc Limo Green này đem ra quốc tế ai mua? Xe vinfast bán nhiều thật, nhưng do cơ sở hạ tầng tốt chứ không phải bản thân chiếc xe. Nếu mình chấm thì chỉ chấm chiếc VF3 là cao lắm.",Rhetorical-question,"Đánh giá thấp giá trị xe trên trường quốc tế của Limo Green, cho rằng doanh số chỉ nhờ hạ tầng trạm sạc; chỉ ghi nhận tích cực đối với VF3.",Negative
11,Em chỉ chờ kia nó ra bán tải có ghế sau ngã được là quất thôi,Fact-implied,Thể hiện sự mong đợi và sẵn sàng chi tiền mua mẫu bán tải của KIA nếu hàng ghế sau có thể ngả được.,Positive
12,Mời các anh chê Hilux vào điểm danh nào. Em không dám khen nữa đâu,Ironic,"Người viết chủ động dừng đưa ra các đánh giá tích cực nhằm tránh tạo thêm các cuộc tranh luận từ những người ghét mẫu xe Hilux. Qua đó, người dùng muốn khen ngầm Hilux có chất lượng tốt, đồng thời chế giễu những người chê mẫu xe này bất chấp việc xe có nhiều điểm tốt.",Positive
13,Thế bác chưa cập nhật tin tức à. Ford nó tuyên bố bảo hành xì dầu đến khi nào chữa hết bệnh mới thôi.,Fact-implied,"Châm biếm xe Ford mắc lỗi rò rỉ dầu kinh niên, dai dẳng và khó khắc phục triệt để.",Negative
14,"Nói thế thôi, Bác ko bật Power lên đạp nó gào lên ầm ĩ điếc cả tai, sót cả ruột, Bật Power lên nhẹ nhàng như 1 cơn gió.",Fact-implied,"Khen ngợi chế độ Power giúp xe vận hành êm ái, bốc và triệt tiêu tiếng gào khó chịu của động cơ.",Positive
15,Hilux mà đi đường trường tiêu thụ như con vios bác nhé.,Fact-implied,"Cụm từ ""tiêu thụ như con Vios'' ám chỉ mức tiêu thụ nhiên liệu của Hilux được so sánh với Toyota Vios, một mẫu xe nổi tiếng về khả năng tiết kiệm nhiên liệu. Qua đó, người dùng ngầm khen ngợi mức tiêu thụ nhiên liệu thấp của Hilux.",Positive
16,))) Ai có thời gian mà đi bảo hành như thế hả bác?,Rhetorical-question,"Thể hiện sự ngán ngẩm, gián tiếp chê xe hay hỏng vặt khiến chủ xe mất quá nhiều thời gian sửa chữa.",Negative
17,"Con 331k km Con 300k km Con 230k km Con 205k km Con 2017 gần 100k km Xe đi cày nên khi nào hết 25 năm mỗi con mần 1 triệu km là đủ sở hụi, hehe",Fact-implied,"Khen ngợi độ bền bỉ vượt trội và hiệu quả kinh tế cao của xe qua các mốc ODO lớn, rất thích hợp cho công việc chạy liên tục.",Positive
18,Hình như theo luật các con bán tải chỉ chở max tầm 600kg lên trên phải cải biên lại thì thành xe tải. 600 ký đường lanh quanh mấy tỉnh Sài gòn thì là muỗi. Cái nào mình thua và yếu hơn người khác thì nhận đi.,Fact-implied,"Bình luận chỉ ra hạn chế tải trọng thực tế của xe bán tải (chỉ khoảng 600kg — mức quá ít khi chạy hàng ở quanh khu vực Sài Gòn và các tỉnh lân cận), từ đó phê phán thái độ cố chấp của một bộ phận người dùng khi cố ""thần thánh hóa"" công năng chở hàng của bán tải thay vì thừa nhận nó hoàn toàn lép vế và không thể thay thế xe tải chuyên dụng.",Negative
19,"Ủa vậy Ford nó ko làm đc à a!? Mình từng đi 860km với 1 bình dầu, còn dư 1/4 nấc nè! Loanh quanh 5-6l/100km cho cái xác 2 tấn đấy thôi! Cứ thần thánh nó lên làm ji!",Rhetorical-question,Khẳng định và khen ngợi xe Ford có mức tiêu thụ nhiên liệu rất tiết kiệm đối với xác xe nặng,Positive
20,Chất lượng còn lâu mới bì được với Innova. Tiền nào của đó thôi.,Metaphorical,Chê chất lượng xe kém xa Innova và cho rằng mức giá rẻ tương xứng với độ hoàn thiện thấp của xe.,Negative
21,"Ông anh rể em có 2 chiếc xe, một con Tucson và mới mua thêm một con Avanza để chạy dịch vụ. Ông này cũng thuộc dạng tài cứng với khoảng gần 20 năm cầm lái, vậy mà ổng không ""thông thái"" gì cả. Cứ mỗi lần chở vợ con đi chơi hay đi đám tiệc thì ổng lùa lên con Tucson hết, còn con Avanza ""ngon"" vậy mà ổng toàn để chở khách, chẳng hiểu nổi...",Ironic,"Cụm từ ""con Avanza ""ngon"" vậy mà ổng toàn để chở khách, chẳng hiểu nổi"" diễn tả sự thắc mắc vì nếu chiếc Avanza có chất lượng thực sự tốt, thì đã không được đem đi để dùng cho mục đích kinh doanh dịch vụ như chở khách chứ không phải cho nhu cầu cá nhân. Qua đó, người dùng muốn châm biếm những lời khen Avanza là lựa chọn tốt/ngon.",Negative
22,"Innova quên là đúng, xe gì bồng bềnh như đi ghe Avanza của Daihatsu gắn mác Toy cũng lõm không kém cạnh...",Metaphorical,"Chê trải nghiệm lái chao đảo, bồng bềnh của Innova và đánh giá chất lượng của Avanza cũng tệ không kém.",Negative
23,"Bên Creata thì cắt bớt là do hãng nghiên cứu kỹ thị trường VN, Avanda thì cắt bớt để cho xe bớt sang lại Ôi thôi tôi cũng đến lạy với cách hành văn của OS mình hiện tại quá.",Ironic,Châm biếm các bài viết truyền thông cố tình ngụy biện để bao biện cho việc cắt giảm trang bị của Creta và Avanza.,Negative
24,Dọn kho hả mấy anh? Giờ làm xe như nông dân cấy lúa nhẫy. Cắt lúa xong đốt gốc rạ là xóa bàn. Rút êm.,Metaphorical,"""Dọn kho"" nghĩa là bán nốt những sản phẩm ế ẩm còn tồn đọng trong kho. ""Cắt lúa xong đốt gốc rạ là xóa bàn. Rút êm."" dùng ẩn dụ việc thu hoạch lúa xong sẽ dọn sạch gốc và vứt bỏ, từ đó miêu tả việc các hãng xe sau khi bán sản phẩm xong sẽ rời đi mà không chịu trách nhiệm bảo hành, hậu mãi gì với người mua sản phẩm. Qua đó, người dùng muốn mỉa mai rằng hãng xe thiếu cam kết lâu dài với sản phẩm và khách hàng.",Negative
25,"Cụ nói thế nào chứ ""Việt Nam làm gì làm được đinh vít"" ... .",Fact-implied,"Cụm từ này trích dẫn nhận định cổ điển rằng ""Việt Nam không làm nổi đinh vít""—ý nói không sản xuất được cả chi tiết cơ bản. Câu này hay được dùng để phản bác khi có người chê Việt Nam không thể sản xuất công nghệ cao. Qua đó, người dùng muốn bày tỏ sự tự hảo về năng lực công nghiệp ô tô của Việt Nam, và mỉa mai những kẻ thường dùng luận điểm lỗi thời để phủ nhận thành quả thực tế của công nghiệp xe hơi nước nhà.",Positive
26,"Cụ cứ đổ oan cho người Việt, em thấy chỉ một số ít cụ như cụ nói thôi mà. Mà có khi các cụ ấy đang kiếm cơm từ nhãn hiệu ô tô khác. Chứ em nghĩ người thường ai rảnh thế. Suốt ngày ăn trực nằm chờ ở box vinfast để chửi Còn ngoài kia thì vinfast 1 hãng mới của Việt, có mỗi 3 mẫu xe mà mẫu nào cũng top 1 2 phân khúc.",Fact-implied,Khen ngợi doanh số đứng đầu phân khúc của VinFast và phản bác rằng các bình luận chê bai ác ý xuất phát từ chiêu trò của đối thủ cạnh tranh.,Positive
27,Viết rõ ràng thế rồi mà cụ vẫn ko hiểu. Trả lời cho cụ các câu trên cũng chả để làm gì. Ae có nhu cầu sx & mua sản phẩm xe điện có công nghễ lõi đỉnh cao thì cứ triển khai thôi.,Ironic,"Mỉa mai cụm từ ""công nghệ lõi"", ngầm chê xe điện thương hiệu này thực chất chỉ là đồ lắp ráp gia công chứ không tự chủ công nghệ.",Negative
28,"Haha, e copy lại tiêu đề thớt thôi. VF & các cụ fan/antil VF cũng đừng nghĩ về từ Đỉnh Cao nhiều quá bởi nước ta là nơi sinh ra của khẩu hiệu: Nhất Thế Giới, Dẫn Đầu, Đình Cao, Cường quốc ... còn làm lại là một chuyện khác.",Ironic,"Châm biếm thói quen dùng khẩu hiệu phóng đại, cho rằng năng lực thực tế và chất lượng xe không hề tương xứng với những lời tâng bốc.",Negative
29,"Thành cường quốc nông nghiệp thì có gì xấu? Nhất là mùa dịch bệnh này? Công nghệ cao thế giới bỏ quá xa mình? Hay công nghệ lõi của Vin mua đồ 5 cha ba họ về lắp thành mãnh liệt tinh thần việt, mới đc 2,3 năm thì giải tán? Dần thế giới loài người cũng phân chia cv thôi: thằng dốt đi cày chan tay, thằng giỏi nghiên cứu đầu óc",Rhetorical-question,"Chỉ trích VinFast không có công nghệ lõi thực chất mà chỉ đi mua linh kiện chắp vá, đồng thời nghi ngờ tính bền vững của các dự án xe điện.",Negative
30,"Cụ này nói đúng này. Tên thớt là: ""Công nghệ lõi"" của Xe điện Vinfast - đỉnh cao. Cụ nào thấy đúng công nghệ xe điện VF là đỉnh cao hãy vào bình luận nhé. Cụ nào không thấy thế thì nên lập thêm thớt mới, đại loại ""bình luận thẳng thắn về công nghệ lõi của xe điện Vinfast"" để mà bình luận.",Ironic,"

Cách diễn đạt này mang sắc thái mỉa mai (khen đểu), thể hiện sự hoài nghi về tuyên bố công nghệ VinFast ""đỉnh cao"". Ý đồ châm biếm được bộc lộ rõ khi người viết đặt đối lập giữa việc ""khen"" và ""bình luận thẳng thắn"", ngầm ám chỉ rằng những lời tung hô chỉ là khen châm biếm về công nghệ của xe VinFast, còn muốn nói thật thì phải mở thớt khác.",Negative
31,Con xe nào của Vin lúc sắp ra hoặc mới ra chả được khen đứt lưỡi .Cái nguy hiểm nhất là các công nghệ liên quan đến xe điện tiến rất nhanh nên tôi vẫn nghĩ cuộc chơi này vượt tầm a Vượng,Fact-implied,"Cho rằng các lời khen ban đầu chỉ là truyền thông nhất thời, đồng thời hoài nghi năng lực công nghệ và khả năng theo kịp cuộc đua xe điện của VinFast.",Negative
32,"Cái mục cuối cùng trí tuệ của xe đấy do Vin phát triển, thiếu nó không thể vận hành được mà cụ bảo chả nghĩ được cái gì. Chửi thì cũng phải đọc, nghĩ rồi mới phát ngôn cụ ạ",Fact-implied,"Khẳng định và bảo vệ việc VinFast tự chủ phát triển phần mềm/trí tuệ cốt lõi của xe, đồng thời phản bác gay gắt các ý kiến chê bai vô căn cứ.",Positive
33,"Chẳng tư thù gì, họ cho xe đâm vào tường rồi đo mức chấn thương của người nộm. Nói chung là tèo sạch, cả lái cả phụ, cả đằng sau.",Fact-implied,"Khẳng định kết quả kiểm định an toàn là hoàn toàn khách quan, nhấn mạnh mức độ mất an toàn nghiêm trọng khi va chạm khiến cả người lái lẫn hành khách gặp nguy hiểm.",Negative
34,"Qua đây có thể thấy khung MG5 rất cứng, nên hấp thụ lực không tốt, cho nên khung xe thì ổn định, mà người lái thì tèo. 0 sao NCAP chứng tỏ xe rất cứng, cụ nào thích khung cứng thì nhào dô.",Ironic,"Châm biếm kết quả 0 sao an toàn NCAP và chỉ trích kết cấu khung xe MG5 không hấp thụ xung lực, gây nguy hiểm đến tính mạng người ngồi trong.",Negative
35,"Cụ nói quá , e xem bài test đâm tường thấy túi khí lái và phụ vẫn bung mà, cả mẫu sedan và SUV, tuy nhiên hàng sau không có túi khí, chỉ có dây an toàn",Fact-implied,"Đính chính việc xe vẫn đảm bảo túi khí trước khi va chạm nhằm phản bác nhận định chê bai quá đà, dù thừa nhận nhược điểm thiếu túi khí hàng ghế sau.",Positive
36,Asian Ncap mà cũng tư thù cá nhân trong công việc thế á ???,Rhetorical-question,"Mỉa mai luận điểm đổ lỗi do hiềm khích cá nhân, khẳng định điểm số an toàn kém phản ánh đúng chất lượng thực tế của xe.",Negative
37,"Để SX xe giá thành rẻ thì; Cắt chi phí R&D, cắt chi phí mang mẫu thiết kế thử nghiệm an toàn trước SX, vật liệu (mác thép thấp) thép chế tạo loại rẻ tiền....đem thử không đạt kêu thù oán là sao",Fact-implied,"Vạch trần việc hãng xe cắt giảm R&D và dùng vật liệu rẻ tiền để hạ giá thành, bác bỏ luận điệu ngụy biện cho rằng kết quả thử nghiệm kém là do bị trù dập.",Negative
38,"Xe này ""không sao"". 0 Sao đúng nghĩa luôn",Ironic,"Chơi chữ mỉa mai cụm từ ""không sao"" để nhấn mạnh việc xe bị đánh giá 0 sao an toàn, không đạt chuẩn kiểm định.",Negative
39,"Ô thế đâm vào tường hình nộm tèo sạch , ăn điểm 0 hay dạng dạng như kiểu học dốt xơi trứng cụ thớt lại quy vào thù ghét với hận thù gì à, vui thật",Ironic,"Chế giễu sự bao biện vô lý, khẳng định xe nhận điểm 0 an toàn là do chất lượng kém và nguy hiểm thực sự chứ không phải do định kiến thù ghét.",Negative
40,"45 khách mà ít video ảnh ọt cụ nhỉ. Em đếm mãi chưa đủ 1 bàn tay. Team media làm ăn chán thế Mà hôm nay là đc thêm 2 ngày rồi, mỗi ngày ""bàn giao"" đc thêm bao nhiêu cái cụ nhỉ?",Ironic,"Bày tỏ sự hoài nghi hãng xe đang thổi phồng số lượng giao xe thực tế do lượng hình ảnh, video truyền thông quá ít ỏi so với công bố.",Negative
41,Xe thu hồi để sửa lỗi thì trên thế giới họ làm thường xuyên. Ở Việt Nam hiếm thấy vì sao? Chắc không phải do xe bán ở Việt Nam tốt hơn các thị trường khác,Rhetorical-question,"Chỉ trích chính sách bảo hành của xe kém, tập trung bảo vệ thương hiệu và tiết kiệm chi phí thay vì triệu hồi xe sửa lỗi để bảo vệ người sử dụng xe.",Negative
42,"Tại sao chị CEO nhỡ mồm xe ""tiếp thị"" ? Tại sao xe chỉ cho thuê mà không bán đứt ? Bàn giao để Customer Oriented Test Bảo hiểm cũng chỉ bán 2 tháng (từ 01/03 đến 01/05) và chỉ bảo hiểm trách nhiệm dân sự (Liability Insurance) không phải dạng Full cover. Có rating FMVSS (hoặc tương đương) bảo hiểm nó bán full mà không cần deal lẻ như này. Cái anh Andrew này làm ăn cũng lởm khởm, dặn kỹ thế rồi mà vẫn hớ hàng, gà nó chạy hết bây giờ PS: tài khoản sau khi đưa thông tin trên lập tức bị oánh sập một cách bí hiểm",Fact-implied,"Chỉ trích xe chưa đạt chuẩn an toàn quốc tế, vạch trần các dấu hiệu mập mờ trong chính sách cho thuê và bảo hiểm ngắn hạn nhằm thử nghiệm trên khách hàng.",Negative
43,"AE media nâng cấp bài gì mới đi, mãi bài tủ nghe riết cũng chán Xe xăng: tôi đang đi BMW, MEC... bla...bla... Xe điện: tôi đang đi TESTA... bla...bla... anh bạn Andrew thì khoe có tay Porsche Taycan gạ đua...bla.. Nghĩ cũng tủi thân cho ae tâng ball, cứ anti nói gì là hôm sau phải đẩy bài bằng được giải thích lọ chai... Trích clip: A mua bảo hiểm 1 chiều hay 2 chiều ? Mua 2 chiều nhé. 1 tháng hay 1 năm? 1 năm Xe thì không tập trung thử nghiệm, fix lỗi trước khi bán chỉ tập trung make color và trả lời anti",Ironic,"Chê bai hãng xe và truyền thông chỉ tập trung ""làm màu"" và đối phó dư luận thay vì nghiêm túc kiểm thử, khắc phục lỗi trước khi bán ra thị trường.",Negative
44,"Nói như thánh phán, cái Usb của tôi có chứa dữ liệu bất thường gây xung đột thì sao, hàng nghìn anh em cắm usb khác có bị không? Mà thôi, tôi block ông cho vào list mấy thành phần không tiếp chuyện cho đơn giản",Ironic,"Người dùng chỉ ra một chiếc xe cụ thể gặp hiện tượng lỗi USB, trong khi các xe khác cùng dùng USB thì lại không gặp vấn đề gì cả. Qua đó, người dùng muốn cho rằng lỗi khách hàng đang gặp thực chất là lỗi của xe, chứ không phải do USB của người dùng.",Negative
45,"Khách quan mà nói thì hầu hết những gì cụ nêu ban đầu, là do cụ chưa quen, chưa biết,... Chứ cụ chạy 1 vạn thì lại đã chẳng có gì mấy để kêu. Những người chưa chạy đc 1 vạn thì hay nêu những vấn đề trên lắm, âu cũng là do lạ xe thôi...",Fact-implied,"Bênh vực chất lượng xe, cho rằng các phàn nàn ban đầu chỉ do người lái chưa quen xe, khẳng định xe vận hành tốt và ít lỗi khi đã sử dụng lâu dài.",Positive
46,"Nếu đi đâu muốn lãng mạn không phải suy nghĩ về xe thì cụ cứ bật máy lên,gọi con xe cứu hộ kéo lên thùng sau đó mợ ngồi trên xe vừa ngắm phố vừa thưởng thức ly coffee.cháu thấy ý đó không tồi.",Ironic,"Mỉa mai tần suất hỏng hóc cao của dòng xe bằng kịch bản mỉa mai là chủ xe ngồi trên sàn cứu hộ để ""ngắm phố uống cà phê"".",Negative
47,Cứ đi 1 vạn thì thành vino 100%,Metaphorical,"Cụm từ ""vino"" là biệt danh lóng trên mạng để chỉ người ủng hộ xe VinFast. Qua đó, người dùng muốn cho rằng sau khi sử dụng xe đủ lâu, người dùng sẽ có cảm nhận tích cực về xe và ủng hộ xe VinFast.",Positive
48,Em thấy trong video cụ ấy bấm tắt máy mà màn hình có thay đổi gì đâu nên ko cho rằng cái “đỏ loè” đấy là báo lỗi. Đến khi nổ máy lại thì nó lại sang màu khác chắc do A.I Cứ tháo dây an toàn là phải tắt máy khởi động lại ? Thế tháo dây an toàn để với ra lấy thẻ hay thanh toán ở trạm thu phí xong rồi phải tắt máy đi đề lại thì quá là A.I Cắm cái USB “bị lỗi” vào mà hệ thống xe bị reset & Xe không xịt lốp mà cứ báo do hệ thống “nhạy quá” thì đuổi việc mịa nó thằng coding đi nhỉ,Rhetorical-question,"Liệt kê hàng loạt lỗi phần mềm gây bất tiện lớn trong sử dụng thực tế, đồng thời chỉ trích gay gắt sự bao biện vô lý của đội ngũ kỹ thuật/lập trình.",Negative
49,Nghe qua đã thấy mùi thum thủm rồi,Metaphorical,"Thể hiện cảm giác nghi ngờ, bất an về độ tin cậy và sự thiếu minh bạch của chiếc xe.",Negative
50,"Em chỉ thấy ông đi VF chê nội thất thiết kế thô, chứ chưa thấy kêu về vận hành...",Fact-implied,"Ám chỉ rằng dù xe VF có thể bị chê về thiết kế nội thất, nhưng xe có khả năng vận hành tốt, không có vấn đề đáng chú ý",Positive
51,Em nghe bảo MG ZS bản Comfort k thể lắp được camera lùi nữa do cấu hình gì đó thấp hơn cấu hình của tất cả camera trên thị trường. Không biết có phải không? Nếu mà như thế thì quá củ chuối!,Fact-implied,"Chê bai cấu hình trang bị nghèo nàn, cắt giảm bất hợp lý trên MG ZS bản Comfort khiến xe không tương thích cả tiện ích cơ bản.",Negative
52,MG giờ còn mỗi cái Logo là từ thời Anh thôi.,Metaphorical,"Cụm từ ""còn mỗi cái Logo là từ thời Anh"" ám chỉ rằng dấu ấn lịch sử Anh của MG giờ chỉ còn lại ở biểu tượng nhận diện. Các khía cạnh khác như chủ sở hữu, sản xuất hay thiết kế có thể đã thay đổi và không còn mang nguồn gốc xưa. Qua đó, người dùng muốn chê MG sau khi đổi chủ thì chất lượng đã giảm.",Negative
53,"Xe Tàu khựa bác ạ, xe Tàu nhưng không phế. Em mua MG HS 2.0 trophy đi được 5000km chạy cao tốc 9-10l Chạy hỗn hợp 13-15 tuỳ giao thông",Fact-implied,"Khẳng định MG HS có trải nghiệm thực tế ổn định, mức tiêu hao nhiên liệu chấp nhận được và phá bỏ định kiến tiêu cực về xe nguồn gốc Trung Quốc.",Positive
54,Tàu thì tàu chứ dạo này cũng nhiều cụ đi phết.,Fact-implied,"Cho rằng dù xe Trung Quốc vẫn còn định kiến, nhưng thực tế hãng xe này ngày càng phổ biến và được nhiều người sử dụng",Positive
55,"xe sang do giá sau thuế thôi cụ, với các hãng cũng tranh thủ làm tiền do bên mình chỉ người giàu mới mua được xe oto",Fact-implied,"Phủ nhận đẳng cấp sang trọng thực chất của xe, cho rằng mức giá đắt đỏ chỉ do thuế phí và chiến lược làm giá của hãng.",Negative
56,Em thấy thiết kế nó cứ ôm nguyên của Mazda thì kiểu gì chẳng vừa mắt. Nhưng nhìn kỹ vẫn thấy dại dại các cụ ạ,Metaphorical,"Chê bai thiết kế xe sao chép thiếu bản sắc từ Mazda và thiếu độ tinh xảo, đường nét hoàn thiện không cao cấp.",Negative
57,"vậy sao doanh số SAIC MG chỉ đứng 20 Trung quốc, doanh số MG ZS chỉ đứng 50 TQ zậy cụ",Rhetorical-question,Đưa ra số liệu thứ hạng doanh số thấp tại thị trường nội địa để phản bác những lời tâng bốc về độ ưa chuộng của xe MG.,Negative
58,"Nguồn ngốc English nhưng đã chuyển giao cho China, nên thương hiệu cũng đi theo",Fact-implied,"Nhận định giá trị thương hiệu và chất lượng của MG đã bị suy giảm, gắn liền với mác xe Trung Quốc thay vì nguồn gốc Anh Quốc ban đầu.",Negative
59,Nếu Tàu mua MG bao gồm các patent mà MG sở hữu thì yên tâm là chất của nó không giảm sút nhiều. Còn chỉ độc cái tên thì cũng chẳng biết thế nào.,Fact-implied,Hoài nghi về chất lượng thực tế nếu thương hiệu chỉ mua lại vỏ bọc tên gọi mà không sở hữu bằng sáng chế hay công nghệ cốt lõi.,Negative
60,"Không chỉ Thái đâu, nó vào tốp 10 bên Úc rồi (đứng thứ 7,8 gì đó), top 10 ở India (hơn cả Honda,Nissan, Ford), UAE,Saudi Arabia, Chile.  Ở Úc nó có 2 bản Mg3 và ZS đứng No1 phân khúc luôn. ZS cũng đứng No1 ở Chile, Trong lúc người Việt đang mải mê chê người Trung Quốc thì họ chẳng quan tâm đến VN nói gì. Trong ngành ô tô, họ đã  chiếm thị phần lớn trong nước và quốc tế, mua lại các thương hiệu lớn như Volvo, MG,... Đồng thời cũng có nhiều công nghệ mới trong xe điện như Blade Batterry của BYD, Lidar giá rẻ của Xpeng. Hiện giờ họ chỉ miệt mài làm việc để có thể cạnh tranh với Mỹ, Âu, Nhật thôi.  Còn người Việt thì chỉ ngồi đó và chê người khác.",Fact-implied,"Khen ngợi sự bứt phá về doanh số quốc tế và công nghệ tiên tiến của ô tô Trung Quốc, đồng thời phản bác định kiến bảo thủ của một bộ phận người dùng trong nước.",Positive
61,"Vin mà họ dc phát triển trong môi trường công  nghệ của China, trình độ lao động cao như China thì cũng chưa biết tnao đâu cụ",Fact-implied,Nhận định VinFast sẽ có tiềm năng phát triển và bứt phá rất lớn nếu sở hữu hệ sinh thái công nghệ và nguồn nhân lực trình độ cao như Trung Quốc.,Positive
62,Môi trường sống tạo nên tính cách ! Bố mẹ trí thức đẻ con rồi đem cho anh bán chuối nuôi thì tính cách sẽ là của anh bán chuối thôi !,Metaphorical,Dùng ẩn dụ để châm biếm thương hiệu MG sau khi đổi chủ sang Trung Quốc thì chất lượng và đẳng cấp gốc Anh đã bị suy giảm.,Negative
63,Tàu chém nó cũng rất chi là Tàu,Ironic,"Cụm từ ""Tàu chém nó cũng rất chi là Tàu"" diễn đạt nhận xét rằng các tuyên bố/quảng cáo từ phía Trung Quốc thường mang tính thổi phồng và không đúng với chất lượng thực tế của xe.",Negative
64,Cái map cứ đường lưỡi bò thì cái kết đã định sẵn từ đầu rồi các cụ,Fact-implied,Khẳng định xe chắc chắn sẽ thất bại và bị cộng đồng người dùng Việt Nam quay lưng nếu vi phạm vấn đề chủ quyền lãnh thổ.,Negative
65,Đi cái xe tàu mất tư cách.,Metaphorical,"Thể hiện sự kỳ thị và coi thường định kiến đối với xe Trung Quốc, cho rằng việc sở hữu xe làm hạ thấp thể diện cá nhân.",Negative
66,"Thời em ra trường mà không có xe máy tầu thì chỉ có đạp xe đạp đi làm cụ ạ. Mẹ cái xe dim việt cũng phải hơn 2 chục củ, tiền đâu mà mua, không có xe tầu bọn honda, ya nó đẩy giá trên giời.",Fact-implied,Đánh giá cao giá trị thực tế của xe máy Trung Quốc trong việc đáp ứng nhu cầu đi lại bình dân và tạo sức ép kiềm chế giá bán của các hãng Nhật.,Positive
67,"Các Hãng xe Tàu muốn thành công ở thị trường VN thì phải bỏ cái đường lưỡi bò đi, tuyệt đối không để nó xuất hiện trên bản đồ. Chứ vẫn ""tham-sân-si"" cái vùng nước lịch sử hình lưỡi bò thì......à mà thôi....",Ironic,Chỉ trích việc cài cắm bản đồ phi pháp và cảnh báo xe Trung Quốc sẽ không có cơ hội tiếp cận thị trường Việt Nam nếu tái diễn vi phạm này.,Negative
68,Động cơ tàu là cái mà làm cho người ta suy nghĩ cùng với cái lưỡi bò nũa mà ngóc lên thế nào được,Metaphorical,Đánh giá thấp cơ hội thành công của xe do sự hoài nghi về chất lượng động cơ kết hợp với các yếu tố nhạy cảm về chính trị.,Negative
69,"Xe MG bây giờ có tiếng trên toàn cầu rồi. Trên nhiều nước, MG đã vượt lên top 10, qua mặt nhiều hãng của Nhật, Hàn. Thị trường VN thì bé, chắc họ chưa quan tâm nhiều lắm. Cụ nào thích thì cứ mua, cụ nào ăn chắc thì thôi.",Fact-implied,"Khen ngợi vị thế toàn cầu và doanh số ấn tượng của MG khi vượt qua nhiều thương hiệu Nhật, Hàn, đồng thời khuyến khích người dùng tự tin lựa chọn.",Positive
70,MG cứ giảm nửa giá nữa đi thì mới bán chạy,Fact-implied,Mỉa mai mức giá bán hiện tại của MG quá cao so với giá trị thực và cho rằng xe chỉ bán được nếu giảm giá thật sâu.,Negative
71,Xe Tàu thì đấu đá cái gì?,Rhetorical-question,"Thể hiện thái độ coi thường, đánh giá xe Trung Quốc không đủ chất lượng và đẳng cấp để cạnh tranh với các đối thủ trên thị trường.",Negative
72,"Màn hình mà bị lỗi, hỏng thì còn mệt nữa Nghĩ tới cảnh giữa mùa hè ko bật được điều hòa thì ối giời ơi Nhưng con MG này em vẫn thấy có nút vật lý ở dưới màn hình mà",Fact-implied,"E ngại rủi ro hỏng màn hình cảm ứng nói chung, nhưng đánh giá cao điểm cộng của MG khi vẫn trang bị các phím bấm vật lý tiện dụng.",Positive
73,"MG vẫn bán dc, rồi các cụ xem. Nó chả khác gì Jaguar land rover của Tata cả! Thương hiệu cũ nó là cái gì đó rất khó tả.",Fact-implied,"Đánh giá cao tiềm năng bán hàng của MG nhờ giá trị lịch sử lâu đời của thương hiệu gốc Anh, bất chấp việc đã đổi chủ sở hữu.",Positive
74,vẫn còn cái mác xe tàu thì 550 triệu cũng vẫn ế,Fact-implied,Cho rằng định kiến tiêu cực về xuất xứ xe Trung Quốc quá lớn khiến mẫu xe khó tìm được khách hàng dù có hạ giá rẻ.,Negative
75,"Xe tầu ở VN chắc chỉ mấy con xe điện VF là đc ưu ái, chứ dân mình nghe mác tàu là đã gờn gợn rồi.",Ironic,"Châm biếm xe điện VinFast là xe điện của Trung Quốc ở Việt Nam do sử dụng nhiều nền tảng/linh kiện Trung Quốc, đồng thời nhấn mạnh tâm lý e ngại chung của thị trường với xuất xứ này.",Negative
76,tên RX... nghe như lexus ấy nhỉ. Nhưng gì thì anh tàu này cũng tèo như mẫu sedan đấy giá tụt đến gót mà có đấu đc M3 đâu.,Fact-implied,"Chế giễu cách đặt tên bắt chước xe sang và chê bai sức cạnh tranh kém cỏi của xe, dù giảm giá sâu vẫn thất bại trước đối thủ Mazda3.",Negative
77,"Eo ôi, ngày xưa em giấc mơ pê đê đắt ngang mảnh đất phố đấy ạ",Fact-implied,"Cụm “đắt ngang mảnh đất phố” dùng phép so sánh giữa giá xe và giá đất phố, vốn rất đắt để nhấn mạnh rằng chiếc xe từng có mức giá cực kỳ cao.",Negative
78,650 mà bản full phè phè thì may ra có cơ ạ,Fact-implied,"Nhận định mức giá hiện tại chưa đủ sức hút, xe chỉ có cơ hội cạnh tranh hạn chế nếu được trang bị đầy đủ options trong tầm giá 650 triệu.",Negative
79,"Có lần e xem video trên reddit có quả mustang thì phải, chạy lùi với xe có cam, “nháy mắt” cái rồi quay mông phóng mất",Metaphorical,"Miêu tả một chuỗi những hành động ấn tượng của xe Mustang: chiếc xe có camera lùi và đang chạy lùi, nháy đèn một phát rồi quay xe và phóng thật nhanh đi",Positive
80,"Vãi, ngang CX5 luôn à?? tưởng 650 còn có cửa",Rhetorical-question,"Bất ngờ và thất vọng trước mức giá quá cao ngang hàng Mazda CX-5, cho rằng xe sẽ mất hoàn toàn cơ hội cạnh tranh.",Negative
81,"MG em thấy ruột công nghệ tàu cả, còn jaguar land rover vẫn là công nghệ của hãng, chỉ chủ là tàu.",Fact-implied,Đánh giá thấp MG vì cho rằng phần cốt lõi kỹ thuật đã bị thay thế hoàn toàn bằng công nghệ Trung Quốc chứ không còn giữ được chất lượng gốc.,Negative
82,"Ở VN được cái sỹ diện, gắn mác xe tàu mấy em hot girl không bao giờ ngồi đâu",Ironic,"Chê bai hình ảnh thương hiệu xe Trung Quốc kém sang trọng, khó được ưa chuộng do tâm lý đề cao thể diện của người dùng trong nước.",Negative
83,Khiếp thế.đâm phát là các bộ phận rồi máy đi chu du khắp nơi luôn.Không biết khung gầm làm bằng gì nữa...,Metaphorical,Chê bai mức độ an toàn và chất lượng khung gầm kém bền vững khi chứng kiến các bộ phận máy móc bị văng vỡ nát sau va chạm.,Negative
84,"Thôi xin cụ, xe Tầu chưa bao giờ có cửa ở Ta, nói gì đến đấu này đấu nọ.",Metaphorical,Phủ nhận hoàn toàn năng lực cạnh tranh của xe Trung Quốc tại thị trường Việt Nam do không phù hợp với thị hiếu và định kiến người dùng.,Negative
85,"Chỉ có xe đạp và đạp điện là nhiều xe tau thôi, đến xe máy còn hiếm huống chi Oto.",Fact-implied,"Người dùng đánh giá thấp khả năng thâm nhập của ô tô Trung Quốc tại thị trường Việt Nam, cho rằng ngay cả xe máy Trung Quốc còn khó bán và khó tạo được chỗ đứng, thì ô tô Trung Quốc lại càng khó được người tiêu dùng đón nhận và trở nên phổ biến.",Negative
86,MG chắc cạnh tranh được về giá,Ironic,"Nhận định giá bán là điểm cộng duy nhất của MG, ngầm ám chỉ các yếu tố về thương hiệu và công nghệ không có nhiều ưu thế.",Negative
87,"Mazda CX5 có lẽ đã thiết lập lại mặt bằng cho ô tô phổ thông ở VN. Cùng phân khúc cao hơn ko có cửa đấu lại rồi, phân khúc thấp hơn hoặc dòng sedan phổ thông cũng ngắc.",Fact-implied,Đánh giá rất cao vị thế dẫn đầu của Mazda CX-5 khi tạo ra chuẩn mực mới về giá trị và đè bẹp các đối thủ trong tầm giá.,Positive
88,"Xe Nhật, Hàn đang và sẽ  rẻ hều thế sao phải đi mua xe Tàu. Có tiền mua mới ko thì cũ mà múc.",Rhetorical-question,"Khuyên người dùng ưu tiên mua xe Nhật, Hàn (kể cả xe cũ) vì độ tin cậy cao và mức giá đã hợp lý, không nên mạo hiểm mua xe Trung Quốc.",Negative
89,Xe tàu mà rẻ hơn có 100tr thì ai mua,Rhetorical-question,"Cho rằng mức chênh lệch 100 triệu là quá nhỏ, không đủ hấp dẫn để bù đắp rủi ro về thương hiệu và thuyết phục khách hàng mua xe Trung Quốc.",Negative
90,Giờ các cụ các mợ cứ phải là màn hình thật to mới là oách ! Trên VFe34 rồi VF8 em nhìn đã thấy khủng lắm rồi mà con này màn hình còn to hơn  . Công nhận thời nay mốt xe là cứ chơi cái màn to tổ chảng vào táp lô dân mới thích thì phải . Ko mấy người quan tâm đến mục đích chính của cái xe để làm gì .,Ironic,"Chê xu hướng thiết kế và thị hiếu hiện nay quá chú trọng màn hình lớn để tạo cảm giác hiện đại, hào nhoáng, trong khi bỏ qua các giá trị cốt lõi của một chiếc xe như vận hành, an toàn, tiện dụng và trải nghiệm lái",Negative
91,"Cái này thì A V đã nói rõ rồi, bơm đến khi a ấy hết tiền, còn mua xe thì quan tâm cái xe chứ quan tâm cổ cánh làm gì cho mệt, mới đây thôi thì mua xe kèm lạc ầm ầm giờ VF3 thì các cụ được giao sớm thì bán lạc cho a khác máu hơn, đúng là thị trường cái nào cũng có thể xảy ra",Fact-implied,"Cụm từ ""các cụ được giao sớm thì bán lạc cho a khác máu hơn"" mô tả  việc VF3 được giao sớm, và thậm chí người mua sẵn sàng mua thêm ""lạc"" - tức là phụ kiện, dịch vụ đi kèm để bán lại xe cùng với các dịch vụ đó cho những người mua xe khác đang muốn mua hơn. Qua đó, người dùng muốn cho thấy mẫu xe có sức hút và nhu cầu thực tế cao trên thị trường.",Positive
92,Thấy đài báo đưa tin là anh mình chuyển sang xây nhà máy ở Indo với Ấn độ rồi mà ! Mà chả cần xây thêm thì nhà máy Cát Hải chạy cỡ 50% công suất giai đoạn 1 (125k chiếc/năm) đã thoải mái bán toàn cầu rồi !,Fact-implied,"Châm biếm doanh số ế ẩm của VinFast khi cho rằng nhà máy hiện tại chạy nửa công suất đã dư sức bán ""toàn cầu"", ngầm chê việc xây thêm nhà máy mới chỉ là phô trương, không cần thiết.",Negative
93,"Xe nào mới ra của anh ấy chả hót hòn họt hả cụ, Toàn chục với trăm nghìn đơn, quy mô cuốc tế luôn nhé.",Ironic,"Sử dụng giọng điệu mỉa mai cùng lối chơi chữ khi cố ý viết sai “quốc tế” thành “cuốc tế” (Ám chỉ dụng cụ làm nông) để chế giễu các tuyên bố về độ “hot”, cho rằng các con số đơn đặt hàng khủng ban đầu chỉ là chiêu trò truyền thông, sau một thời gian xe sẽ nhanh chóng hạ nhiệt và chìm nghỉm.",Negative
94,"Cái này tôi đồng ý với ông. Sống trên đất nước có chế độ và nền tư pháp tuyệt vời ông mặt trời như này thì làm gì có chuyện trái pháp luật. Ko nên lôi 2 thằng quái vật kia vào so sánh làm gì. đơn giản mấy thằng ấy ko có tuổi gì so với vinfet nhà mình, nhất là so về giá cổ cánh lúc mở bán. Thân.",Ironic,"Dùng cách gọi chế giễu ""vinfet"" và giọng điệu tâng bốc ngược để mỉa mai giá trị thực của hãng xe, cho rằng thành tích duy nhất chỉ là việc thổi giá cổ phiếu lúc mở bán.",Negative
95,"chắc phải làm ăn thế nào mới nhìn anti thế chứ, ko có lửa sao có khói , do ăn ở thế nào",Metaphorical,"Đây là câu hỏi tu từ, cho rằng mức độ bị phản đối/ghét bỏ không tự nhiên xuất hiện mà có thể bắt nguồn từ cách kinh doanh hoặc cách hành xử của hãng xe.",Negative
96,"ôi ko, bán qua Mỹ ko bán được thì giá nó mới rẻ, chứ chỉ phục vụ thị trường nội địa rồi lại kể một câu chuyện hay, kêu gọi yêu nước xây dựng uy tín rồi áp đặt mức giá cao lên dân mình à",Ironic,"Người dùng đánh giá tiêu cực về mẫu xe, cho rằng việc phải giảm giá mạnh mới có thể cạnh tranh tại thị trường Mỹ cho thấy chất lượng hoặc sức cạnh tranh của xe chưa thực sự tốt. Đồng thời, người dùng cũng cho rằng mức giá cao tại Việt Nam không phản ánh chất lượng tương xứng, mà chủ yếu đến từ cách quảng bá trên danh nghĩa yêu nước.",Negative
97,Đi rồi mà vẫn còn vớt vát mấy câu vf3,Ironic,"Chê cười người dùng dẫu có trải nghiệm thực tế không tốt nhưng vẫn cố khen gượng gạo mẫu xe VF3, thể hiện sự thiếu khách quan.",Negative
98,Cũng đúng còn anti là còn fan,Fact-implied,"Đánh giá tích cực về việc có anti-fan, cho rằng sự tranh cãi chứng tỏ hãng xe vẫn giữ được sức hút và sự quan tâm lớn từ cộng đồng.",Positive
99,Có thằng làm trạm sạc cho BYD sạc ké thì Vìn chỉ có chạy Taxi chứ ko lại dc đâu . Sẽ đến lúc A Vượng được công nhận làm dc xe thì a ý sẽ dừng vì lỗ hoặc lãi quá ít . Mục đích của a ý cũng để khẳng định bản thân thôi .,Fact-implied,"Đánh giá thấp năng lực cạnh tranh của xe điện VinFast so với BYD (nếu có chung hạ tầng trạm sạc) và hoài nghi hãng sẽ sớm bỏ mảng xe vì thua lỗ, chỉ làm để lấy tiếng.",Negative
100,"Cạnh tranh ở thị trường tự do như Mỹ khó lắm. Bên đó đầy hãng xe điện. Lỗ biết bao nhiêu tỉ rồi. Thôi về ao làng mà câu, ít cá nhưng toàn cá con, ko có cá mập.",Metaphorical,"Đánh giá thấp năng lực cạnh tranh quốc tế của VinFast, khuyên hãng nên chấp nhận thực lực yếu kém để rút về thị trường nội địa ít cạnh tranh hơn. Tuy nhiên giọng điệu tổng thể của câu là thông cảm, ủng hộ hãng xe hơn là chỉ trích.",Positive
101,Vừa rồi Vinfast mở cửa nhà máy. Một dây chuyền sản xuất nhiều kiểu xe của Vinfast là có thật. Và Vinfast là 1 trong số rất ít nhà máy ô tô trên thế giới có được dây chuyền như vậy. Vì họ đầu tư đồng bộ công nghệ mới nhất. Cụ tài thật nhỉ?,Fact-implied,"Khen ngợi năng lực sản xuất thực tế và mức độ đầu tư công nghệ đồng bộ, hiện đại của nhà máy VinFast, qua đó phản bác lại sự hoài nghi của người khác.",Positive
102,Ngon nhưng lỗ nặng. Marketing vậy đủ rồi,Ironic,"Cụm “Ngon nhưng lỗ nặng” phản bác những nhận định trước khen chiếc xe ngon, cho rằng nếu xe thực sự ngon thì đã phổ biến chứ không lỗ nặng như hiện tại. Qua đó, người dùng muốn cho rằng xe không có chất lượng tốt, và kém phổ biến trên thị trường.",Negative
103,Các cụ tranh luận mà kiến thức uyên thâm quá! Em hóng thôi chứ ko có tiền mua xe điện hay xe vin phét!,Metaphorical,"Cố tình nói lái tên thương hiệu thành ""vin phét"" để chế giễu sự khoác lác, không đáng tin cậy của hãng xe, đồng thời tỏ thái độ không thèm quan tâm.",Negative
104,con bắc kinh X7 nó cũng đầy hàng hiệu đấy. Chắc nó cũng ko phải xe tào. Tào theo kiểu làm đc mỗi cái lô gô dán vào thì là xe Việt. Quá đỉnh,Ironic,"Mỉa mai hãng xe tự xưng là thương hiệu Việt Nam nhưng thực chất chỉ nhập linh kiện, công nghệ từ Trung Quốc về dán mác mạo danh, thiếu đi công nghệ cốt lõi.",Negative
105,E rằng còn lẩu còn lâu Pin còn chưa biết độ trâu thế nào Xe dù đã được bàn giao Khách đang thử nghiệm nháo nhào chưa xong Sạch xanh nghe cũng nức lòng Sợ 3 năm lại tiễn vong thêm lần...kkk,Ironic,"Làm thơ châm biếm chất lượng pin, quy trình thử nghiệm vội vã đẩy rủi ro cho khách hàng, và mỉa mai tiền lệ ""khai tử"" dự án đột ngột của hãng trước đây.",Negative
106,"Kkk...sau 1 hồi cụ phán như đúng rồi , nào là R&D nào là công nghệ Mỹ... bla bla , cuối cùng vẫn lại câu : Có Thể có thị phần bên Tàu thôi à cụ ?",Ironic,"Chế giễu những lời tâng bốc về công nghệ R&D chuẩn Mỹ nhưng rốt cuộc lại chưa chắc sẽ dành được thị phần ở Trung Quốc, qua đó mỉa mai về tiềm năng bán được xe.",Negative
107,"Cụ cò không tiến ...kiêng khem Đừng hô hào giục anh em xuống tiền Toàn là : chắc sẽ ...lên tiên Bây giờ khách vẫn đảo điên test giùm PR quảng cáo ...bèng rum Hiện thời khách cổ đeo cùm thuê pin Cục pin chẳng khác khối mìn Bảo hiểm không có , cụ tin không nào ? Chắc là , chắc sẽ ...không sao Tinh thần mãnh liệt cứ ào ào ...mua ...kkk",Ironic,"Làm thơ mỉa mai chính sách thuê pin đầy trói buộc, lo ngại rủi ro cháy nổ không được bảo hiểm, và châm biếm chiêu bài dùng tinh thần yêu nước để ép khách mua sản phẩm lỗi.",Negative
108,"Chắc cũng còn phải nhập khẩu nhiều thứ nhưng chắc chắn là phần thân vỏ Lux A, SA, Fadil đều đang được dập ở Cát Hải đấy cụ ợ !",Fact-implied,"Bảo vệ uy tín sản xuất của VinFast, khẳng định hãng thực sự có năng lực gia công (tự dập thân vỏ) chứ không chỉ đơn thuần là lắp ráp linh kiện nhập khẩu.",Positive
109,"Bây giờ vở đã sang trang Chuyển sang xe điện, làm hàng sạch/ xanh Không còn xăng nhớt hôi tanh Chờ xem thắng lợi lưu danh toàn cầu",Ironic,"Làm thơ bày tỏ sự ủng hộ và kỳ vọng cao vào bước chuyển mình chiến lược sang xe điện của hãng, mong đợi thành công mang tầm vóc toàn cầu.",Positive
110,"Cứ mua đừng có phân vân Người ta chắc sẽ tính phần bền lâu Pin thì chắc sẽ rất trâu Bảo hành bảo dưỡng đi lâu ngại gì Bà con hãy cứ mua đi Em ""cò không tiến"" thôi thì ... đứng xem kkk",Ironic,"Làm thơ sử dụng giọng điệu mỉa mai, xúi giục người khác mua xe để làm ""chuột bạch"", trong khi bản thân tỏ ra khôn ngoan đứng ngoài vì hoài nghi độ bền thực sự của pin và xe.",Negative
111,"Phải phục đội nhà Vanh, nói sai nhiều thành đúng, vẫn nhiều cụ có niềm tin mãnh liệt là xe động cơ bê em đúp Đức sản xuất lắm, đi cái xe cứ sướng rần rần",Ironic,Chế giễu sự ảo tưởng của một bộ phận khách hàng và chiêu trò truyền thông lập lờ của hãng để khiến người dùng lầm tưởng xe dùng động cơ BMW chính hãng Đức.,Negative
112,"Xe điện thì tháng 7 bàn giao được 62 chiếc mà ngồi đây khua môi múa mép không biết ngượng . Tên tuổi lớn đang chưa thể cấu trúc ngay mà doanh số 1 ngày đang hơn cả ông nói phét cả mấy tháng , không đỡ được",Ironic,"Chỉ trích tình trạng doanh số ế ẩm, số lượng xe giao thực tế quá thấp giáng một đòn mạnh vào những lời quảng cáo khoác lác trước đó.",Negative
113,Mart … bán Tivi … bứt Điện thoại … bẹp Đốt trong … bỏ …,Fact-implied,"Miêu tả chuỗi các hành động rút lui khỏi thị trường của Vingroup, bao gồm mảng bán lẻ Vinmart, mảng tivi/điện thoải Vsmart, và mảng xe xăng Vinfast. Qua đó, người dùng muốn nghi ngờ về sự bền vững và cam kết lâu dài của tập đoàn về xe điện.",Negative
114,chính sách cố định giá trọn đời hẳn hoi tăng gì mà tăng. chờ người mua xe kiện xong rồi tăng,Ironic,"Mỉa mai chính sách cam kết của hãng là không đáng tin cậy, cho rằng lời hứa ""cố định giá trọn đời"" chỉ là chiêu trò và hãng sẽ tìm cách lật lọng, tăng giá sau này.",Negative
115,"Em nhà nghèo k ham hố mấy đồ này, mua con xe đắng đo lắm chứ k phải như mua đồ chơi cho con, 2-3 hôm nó k làm nữa mua món khác, mặc dầu yêu nc nhưng để mua đồ cùa Vin thì không thể không suy nghĩ, nhìn mấy cái đt, tivi, vaccine covid, gần đây xe chạy xăng nữa…không đùa được đâu.",Fact-implied,"Thể hiện sự e ngại, không dám mua xe do nỗi ám ảnh từ tiền lệ hãng thường xuyên ""đem con bỏ chợ"", khai tử hàng loạt sản phẩm lớn trước đó.",Negative
116,"Muốn nhận xe sớm thì cứ làm vài ba cái video xàm xàm up lên mạng, xong ra showroom đặt xe, nhận mình là reviewer có kênh diu túp, tích tốc các kiểu nha các bác Tuần sau là có xe liền Đằng sau ông quay phim có sẵn mấy chú Pờ Lít thì thằng nào dám chê",Ironic,"Phê phán quy trình giao xe thiếu công bằng, thiên vị các KOL/Reviewer để lấy lòng truyền thông, đồng thời ám chỉ việc hãng hay bịt miệng những người dám chê xe.",Negative
117,Ai chê cứ chê. Từ 1/5 giá cà rốt lại tăng 16 trẹo. Bà con bớt mua con này chứ giờ ra đường nhiều cứ như lợn con.,Ironic,"Bênh vực và ngầm khen ngợi sự phổ biến, doanh số bán rất chạy của mẫu xe Corolla Cross (""cà rốt""), bất chấp những lời chê bai hay việc xe bị tăng giá.",Positive
118,"ở tỉnh xe về chậm hơn phải ko cụ, trọng hội cross thấy mấy bác ở hn với đà nẵng nhận xe đăng ảnh khoe rầm rầm, e ở tỉnh sale báo từ giờ đến cuối tháng ko biết ngày nào @@",Fact-implied,"Than phiền và bày tỏ sự sốt ruột, bất mãn nhẹ về sự phân bổ xe không đồng đều, gây chậm trễ trong việc giao xe cho khách hàng ở tỉnh lẻ.",Negative
119,Safety Sense nó làm cho loa của cụ...bất lực đó,Ironic,"Chê tính năng an toàn (Safety Sense) hoạt động quá nhạy, phát cảnh báo liên tục gây ức chế, lấn át hệ thống giải trí và không phù hợp với điều kiện đường Việt Nam hỗn loạn",Negative
120,mấy xe đời mới nâng cấp mấy chức năng mà ít sài tới ở điều kiện giao thông VN mà phải móc tiền trả thêm cũng tiếc phải không các cụ,Rhetorical-question,"Phàn nàn và chê bai việc người dùng phải tốn thêm tiền cho các trang bị công nghệ đời mới nhưng lại vô dụng, không phát huy được hiệu quả trong điều kiện giao thông hỗn loạn tại Việt Nam.",Negative
121,"hơi nhiều nhựa cụ nhỉ, e 26/10 này nhận xe mà vẫn thấy hơi nhựa",Fact-implied,"Bày tỏ sự thất vọng nhẹ về chất liệu nội thất sử dụng quá nhiều nhựa, mang lại cảm giác kém cao cấp dù sắp nhận xe.",Negative
122,Chắc cách âm tốt nên ko cần loa to đấy cụ,Ironic,Châm biếm chất lượng âm thanh/âm lượng loa quá bé của xe bằng cách lấy lý do kỳ lạ là do xe cách âm tốt.,Negative
123,Cụ nào chán cross thì ới cháu. Cháu mua cho bà xã,Fact-implied,Thể hiện sự tin tưởng và đánh giá cao Toyota Corolla Cross khi sẵn sàng tìm mua lại xe cũ để phục vụ nhu cầu gia đình.,Positive
124,Vậy là dùng máy công nghệ lạc hậu chằng thêm viên pin 100 triệu “khó có vấn đề trong 5 năm đâu” vào để bán à máy cũ à? các xe hybrid khác không biết có thế không: camry hybrid hay lexus hybrid ý?,Rhetorical-question,"Chỉ trích cấu hình xe là ""bình mới rượu cũ"", dùng động cơ lạc hậu ghép thêm bộ pin đắt đỏ để làm giá chứ không có công nghệ hybrid thực chất.",Negative
125,Fiesta cũ bán chắc 250 kịch 300 .rush 630 chưa biển . hơn gấp đôi mà gần đủ,Fact-implied,Chê Toyota Rush có giá bán đắt gấp đôi xe cũ nhưng trang bị tiện nghi và giá trị mang lại không có sự vượt trội tương xứng.,Negative
126,"Chân ga a khéo quá có 5,5lit/100km",Fact-implied,"Khen ngợi mức tiêu thụ nhiên liệu ấn tượng (5,5L/100km)",Positive
127,Bản TRD đó đang được giảm 165tr đấy ạ. Còn hơn 1 tỷ à. a mua 1 chiếc về lấy bộ tem zin xịn dán cho Rush nhé,Ironic,"Châm biếm bản thể thao TRD có giá quá đắt đỏ và kém hấp dẫn, mỉa mai giá trị thực chất chỉ nằm ở bộ tem thương hiệu dán ngoài.",Negative
128,"XL7 là nâng cấp của Ertiga nên tốn tiền hơn kakaka, do đó khác gì Rush đâu Thế kỉ 21 từ đời nào zồi mà các cụ còn khen cái xe với 2 túi khí nhỉ Em tháo trần xe, cột A-B và ghế xe Rush ra thì thấy nó có cả túi khí ở trong luôn, đánh giá là xe Toyota đã vượt lên tầm cao mới hoàn toàn khác.",Ironic,"Người viết muốn chê việc Rush được tung hô quá mức trong khi trang bị an toàn vẫn nghèo nàn, và chưa có giá trị vượt trội rõ ràng so với các xe khác.",Negative
129,"Đặc điểm của xe có thiết kế body on frame đấy cụ. Lại thêm cái hệ thống treo thiết kế có hơi hướng off road, cộng với gầm cao nữa, thì đi tròng trành là phải. Thế nhưng nó lại chỉ có 1 cầu Kể ra nó mà 2 cầu thì lại là một xe off road nhẹ rất hay.",Fact-implied,"Cụm này mô tả thực tế xe có khung gầm cao, treo thiên về off-road nên đi xóc, tròng trành và dễ say, nhưng lại chỉ có 1 cầu nên không đủ năng lực để trở thành xe off-road đúng nghĩa. Qua đó, người dùng muốn chê hãng thiết kế xe theo hướng nửa vời, không phải là một xe off-road chính hiệu.",Negative
130,"Đúng rùi cụ, Toyota phải quảng cáo là mua tem khuyến mãi xe đê",Metaphorical,Châm biếm Toyota chỉ bán thương hiệu dán mác (mua tem tặng xe) chứ giá trị và chất lượng thực tế của sản phẩm không tương xứng.,Negative
131,"Đi nhẹ, nói khẽ, cười duyên vẫn là phẩm chất tốt mà cụ to xác mà nốc có hơn 6l/100km thì đòi hỏi gì hơn, tổng quãng đường cỡ 1200km hết 1,3tr A95 thôi ợ",Fact-implied,Khen ngợi khả năng tiết kiệm xăng ấn tượng và chi phí nhiên liệu cực kỳ kinh tế của chiếc xe dù sở hữu thân xác lớn.,Positive
132,"Xpander hôm trc e ngồi đc 8 ng 7 valy xách tay + 1 kiện 20kg ra sân bay cụ ợ rẻ hơn ỉn 30 hay 40k gì đấy. Thế ỉn mới chết. Đc tài mới mua xe gặp đúng dịch đói 8 tháng, còn chưa biết xếp ng và hàng ntn để lên đc hết.",Fact-implied,"Khen ngợi Xpander có không gian chở người và hành lý rộng rãi vượt trội, chi phí dịch vụ cạnh tranh áp đảo đối thủ Innova.",Positive
133,nhanh hơn tí mà dc gì nhỉ,Rhetorical-question,Cho rằng mức cải thiện tốc độ của xe là một yếu tố quá nhỏ nên không tạo ra khác biệt thực tế đủ thuyết phục khi lựa chọn xe.,Negative
134,Vậy bác phải đọc thêm xem toy thay đổi những gì khá nhiều đấy.,Fact-implied,"Bênh vực Toyota, khẳng định hãng xe đã có nhiều thay đổi và cải tiến công nghệ tích cực, phản bác lại định kiến bảo thủ trước đó.",Positive
135,"Sedona cạnh tranh với Sienna & Odyssey, Innova tuổi gì mà giống Sedona.",Metaphorical,"Câu này bác bỏ việc so sánh Innova với Sedona, cho rằng đây là phép so sánh khập khiễng vì Sedona thuộc nhóm cạnh tranh với các mẫu MPV như Sienna và Odyssey - nhóm xe cao cấp hơn, trong khi Innova thuộc phân khúc thấp hơn nhiều. Qua đó, người dùng muốn cho rằng Innova có phân khúc/đẳng cấp thấp hơn nhiều so với Sedona.",Negative
136,"Mối dòng xe đánh vào 1 phân khúc riêng, ở SG e thấy Sedona chạy đầy đường.",Fact-implied,Ghi nhận Sedona có định vị phân khúc hợp lý và chứng minh sức hút qua mức độ phổ biến cao ngoài thực tế.,Positive
137,Lắm ông cứ ác cảm chứ cả tụi Hàn sống ở VN cũng đầy thằng đi xe Nhật. Lên BD gặp tụi Tây đi Phò bỉm NN ko ít,Fact-implied,"Phản bác định kiến tiêu cực về xe Nhật, khẳng định độ tin cậy và sức hút của xe khi được cả người nước ngoài ưu tiên sử dụng.",Positive
138,Fotuner cảm tưởng như chạy dịch vụ chứ gia đình chạy trong thành phố thỉnh thoảng đi phượt ai chạy xe ấy . trừ đi tỉnh nhiều,Fact-implied,"Đánh giá Fortuner chỉ phù hợp chạy dịch vụ hoặc đi tỉnh đường trường, không thích hợp làm xe phục vụ gia đình đi lại trong phố.",Negative
139,Tai bác thính thế. Em thấy đi nhanh chỉ còn tiếng gió.,Metaphorical,"Phản bác ý kiến chê xe ồn, khẳng định và khen ngợi khả năng cách âm động cơ/môi trường khá tốt khi xe chạy ở tốc độ cao.",Positive
140,Nếu để phục vụ gia đình thì cứ máy xăng mà chơi thôi ạ,Fact-implied,"Đánh giá cao và khuyên chọn động cơ xăng vì sự êm ái, văn minh và tối ưu nhất cho nhu cầu sử dụng của gia đình.",Positive
141,Xe này chạy xăng thì uống như uống bia,Metaphorical,"Chê bai động cơ xăng của dòng xe này quá tốn nhiên liệu qua hình ảnh so sánh ẩn dụ xe ""uống xăng như uống bia"".",Negative
142,"55tr/12 tháng ~ 4.6tr/tháng=1,15 tr/tuần vị chi gần tuần cụ đổ đầy bình 1 lần? cũng nhanh phết. em 2 tuần 1 bình thấy nhẹ tênh, chạy = nửa cụ.",Rhetorical-question,"Phàn nàn và chê chi phí ""nuôi xe"" quá tốn kém do mức tiêu hao nhiên liệu và tần suất đổ xăng liên tục.",Negative
143,Hàng 3 thì chắc tầm tiền đấy xe nào cũng như nhau luôn. Muốn ngồi dc chắc chỉ lên Land to chứ Pra cũng ko hơn nhiều.,Fact-implied,"Nhận định khách quan rằng hàng ghế thứ 3 ở phân khúc tầm tiền này đều chật như nhau, khó đòi hỏi độ rộng rãi vượt trội.",Negative
144,"Xe dầu đời mới bây giờ công nghệ Euro bốn rồi, nếu các bác dung dầu Do 0.001s  thì không có mùi gì giống hệt máy xăng.",Fact-implied,"Khen ngợi công nghệ động cơ dầu đời mới không còn mùi hôi khó chịu, mang lại trải nghiệm êm sạch tương đương máy xăng.",Positive
145,"ù là đặc trưng muôn thuở của innova và fortuner xăng rồi cụ, ko giải quyết dc, nhất là những lúc cụ ép số nhiều nữa. e đi fortuner V 2009, e đã sống chung với ù gần chục năm nay rồi",Fact-implied,"Chê bai tiếng ù khó chịu là nhược điểm thiết kế cố hữu của Innova và Fortuner máy xăng, không thể khắc phục triệt để.",Negative
146,"các cụ so hàng 3 với fortuner thì phải là land cruiser, mấy con sedona, v class, turneo tuổi gì...",Fact-implied,"Khẳng định việc fortuner phải được so sánh với land cruiser - một phân khúc xe cao cấp, còn những con xe khác đều ở phân khúc thấp hơn nhiều so với xe, và từ đó không cùng đẳng cấp để so sánh. Qua đó, người dùng muốn khẳng định Fortuner là xe có hàng 3 ghế tốt nhất trong cùng phân khúc.",Positive
147,"Dầu vẫn có tiếng re re, chỉ là khi đi chậm tiếng nó lào xào, nhanh thì tròn tua hơn chút",Fact-implied,Thể hiện sự không hài lòng về tiếng ồn rào rạo đặc trưng của động cơ dầu khi vận hành ở dải tốc độ thấp.,Negative
148,"E có 10 năm đi máy dầu nên lên xe dầu là e nghe biết liền, xe nào khác chứ fortuner nó cứ gào rú. Dầu êm thì êm chứ chưa đên đẳng cấp xăng được. Còn chuyện tiết kiệm thì vô địch rồi",Fact-implied,"Chê Fortuner máy dầu có tiếng động cơ gào rú ồn ào hơn máy xăng, nhưng khen ngợi tuyệt đối về khả năng tiết kiệm nhiên liệu.",Negative
149,"bản 2.4 có thay đổi gì đâu nhỉ , chắc xe mới cảm giác thế thôi",Rhetorical-question,Người viết muốn bày tỏ nghi ngờ và phủ định rằng xe mới có nâng cấp đáng kể về chất lượng. Những cảm nhận về thay đổi có thể đến từ hiệu ứng tâm lý chứ không phải thay đổi thực sự của chiếc xe,Negative
150,"chỉ có 2.8 mới cải tiến thôi bác, nhưng đó là trên quảng cáo . Tâm lý xe mới thôi chứ  2.4 chỉ thêm option, tay lái nhẹ hơn chút ,động cơ ko thay đổi, chắc chắn sẽ là bản chủ lực",Fact-implied,"Phủ nhận việc xe có nâng cấp thực chất, cho rằng bản 2.4 không có cải tiến kỹ thuật gì đáng kể ngoài hiệu ứng tâm lý xe mới.",Negative
151,Thế cụ đưa thử xem con xe nào cùng phân khúc mà hàng 3 hơn phò tủn vậy ợ?,Rhetorical-question,"Câu hỏi tu từ này ngụ ý rằng không có mẫu xe nào cùng phân khúc có hàng ghế thứ ba tốt hơn Fortuner, qua đó người dùng ngầm khen ngợi Fortuner về khả năng bố trí và sự vượt trội của hàng ghế thứ ba so với các đối thủ.",Positive
152,đúng như cụ nói ạ ! máy công nông chính hiêu mà !,Metaphorical,"Châm biếm động cơ xe vận hành thô kệch, rung lắc mạnh và phát ra tiếng ồn khó chịu như động cơ máy công nông.",Negative
153,"Doanh số con MG5 này trên Thế Giới 6 tháng đầu năm 2022 là 99K xe. Rất cao đó, mà thương hiệu này VN k có chuộng, ai mua cũng can đảm lắm.",Fact-implied,Ghi nhận doanh số toàn cầu ấn tượng của MG5 nhưng cảnh báo rủi ro về định kiến xuất xứ tại thị trường Việt Nam.,Negative
154,"Bạn có tiền thì bạn cứ trải nghiệm, người đủ tiền sẽ có quyết định khác. Như xe Vin khen nhiều lắm nhiều hơn chê mà còn "" bỏ con giữa chợ"".  Xe phố thì được, xe cày dùng lâu thiếu tự tin lắm.",Metaphorical,"Đánh giá xe chỉ hợp chạy phố nhẹ nhàng, không đáng tin cậy để sử dụng lâu dài do lo ngại rủi ro về độ bền và tiền lệ hãng ""đem con bỏ chợ"".",Negative
155,"nó gắn cái logo brit dynamic lên xe để claim công nghệ Anh đó nói từ công nghệ thì cũng vô chừng, nó quảng cáo không sai, có chút công nghệ Anh là đúng rồi, còn công nghệ cụ thể gì thì chịu",Ironic,"Châm biếm chiêu trò tiếp thị gắn mác ""công nghệ Anh"" chung chung, mơ hồ nhằm tạo vỏ bọc cao cấp cho chiếc xe.",Negative
156,Xe Tàu bẩn 99.99% còn tí nào của Anh Quốc. Thế mà quảng cáo chỗ nào cũng phải trương cái cờ Anh quốc to tướng để lùa gà. Đúng là lùa được khối gà tưởng xe Anh giá rẻ,Metaphorical,"Chỉ trích việc MG lạm dụng hình ảnh cờ Anh để đánh lừa khách hàng về nguồn gốc xuất xứ, khẳng định xe thực chất hoàn toàn là xe Trung Quốc gắn mác.",Negative
157,Ngu ngu như mình thì cứ hiểu thế này cho lành. Xe đúng Anh thì ko rẻ mà xe rẻ thì chả phải của Anh ..kkk,Ironic,"Bác bỏ luận điểm MG là xe Anh bằng lập luận thực tế: xe Anh chính gốc không có giá rẻ, còn xe giá rẻ thì chắc chắn không phải xe Anh.",Negative
158,bóng hồng ơi bóng hồng... con xe tới Asean Ncap còn ko đạt mà vẫn có người mua đc. Tài thật,Fact-implied,Chê bai độ an toàn kém của xe khi không đạt chuẩn ASEAN NCAP và bày tỏ sự khó hiểu trước quyết định mạo hiểm của người mua.,Negative
159,"Quá ngon nếu mua xe kèm em [USERNAME], mua 600 về bán xe lại 300 rồi xài em [USERNAME] cỡ 5 năm thì tính ra quá hời. Chứ cưỡi bạn MG này lỡ lên cỡ 80÷120km/h mà nó bị lỗi khóa vô lăng bất tử thì xác định đi gặp tổ tiên.",Ironic,"Dùng kịch bản vô lý như mua xe tặng kèm nhân viên bán hàng để mỉa mai về chất lượng của xe MG, cụ thể là xe không an toàn khi đi tốc độ cao.",Negative
160,"Bài viết đáng tin vì có xe, biển số và chủ xe. Chủ xe nói: ""Thương hiệu Trung Quốc nhưng công nghệ vẫn của Anh và lắp ráp ở Thái Lan, ..."" hình như chưa đúng chỗ công nghệ vẫn của Anh. Theo tôi, chỉ có 2 chữ cái M và G là xuất xứ từ Anh. Còn công nghệ là TQ",Fact-implied,"Phản bác lời khen của chủ xe, khẳng định MG chỉ giữ lại hai chữ cái tên gọi từ Anh, còn toàn bộ công nghệ và nền tảng kỹ thuật đều là của Trung Quốc, do thế nên có thể đã kém chất lượng hơn.",Negative
161,"Con này phụ nữ chạy là đúng bài vì nó cực an toàn. Mình đã có lần đèn đỏ sang xanh, chọn chế độ sport và đạp ga 1 nhát lút sàn nhưng xe thì.......bò lên từ từ",Ironic,"Châm biếm độ ""an toàn"" để chê bai khả năng tăng tốc quá yếu ớt, đạp lút chân ga ở chế độ Sport mà xe vẫn chỉ bò từ từ.",Negative
162,"PR đồ tàu để làm gì nhỉ, ngon thì thiên hạ nhảy vô ầm ầm rồi haha",Ironic,"Đánh giá xe Trung Quốc có chất lượng kém nên mới cần phụ thuộc nhiều vào truyền thông PR, thay vì tự hút khách bằng chất lượng thực tế.",Negative
163,Con này mà xài máy 1.5 thì mới làm trùm đc. Máy 1.0 đạp ga kêu như máy cày!,Metaphorical,"Chê động cơ 1.0 dung tích quá nhỏ, đạp ga phát ra tiếng ồn khó chịu như máy cày và làm giảm sức cạnh tranh của mẫu xe.",Negative
164,"Ghế nỉ thì bằng ghế da, vỏ mỏng là để hấp thụ lực, kiến thức xe cộ cao siêu qá !?!? Các NSX xe Đức Mỹ nên cắp cặp sang học tập, xe gì mà vỏ dày cộp.",Ironic,"Mỉa mai các luận điểm ngụy biện cố tình biến các điểm cắt giảm chi phí (ghế nỉ, vỏ mỏng) thành ưu điểm an toàn và kỹ thuật.",Negative
165,Bắp tay to thế kia thì dù vô lăng không có trợ lực cũng trở thành nhẹ.,Ironic,"Cụm này nói rằng người lái có bắp tay rất to/khoẻ, nên ngay cả khi vô lăng không có hệ thống trợ lực thì việc đánh lái vẫn có thể trở nên nhẹ nhàng đối với người đó. Còn đối với những người khác thì việc không có hệ thống trợ lực có thể ảnh hưởng đến trải nghiệm lái xe của họ. Qua đó, người dùng muốn mỉa mai, chê bai sự bất tiện thiếu trợ lực, gây ảnh hưởng đến trải nghiệm lái xe.",Negative
166,"Bác chủ xe cứ cầm thử 1 tờ giấy in khổ A4 và 1 tờ bìa cũng khổ A4 để trước quạt máy xem tờ nào rung nhiều hơn. Vỏ đã mỏng, trọng lượng nhẹ, đóng 128km/h mà vẫn đầm, có đầm vào mắt.",Ironic,"Người nói sử dụng hình ảnh ẩn dụ để ví chiếc xe vỏ mỏng giống như một tờ giấy in khi để chiếc quạt - sẽ gây ra cảm giác rung lắc mạnh. Qua đó, người dùng muốn phản bác việc chiếc xe có vỏ mỏng, trọng lượng nhẹ mà đi tốc độ cao có thể đem lại cảm giác đầm",Negative
167,Daihatsu trá hình mà ảnh tả như cam Mỹ kk,Ironic,Chế giễu bài đánh giá tâng bốc quá đà một mẫu xe bình dân mang khung gầm Daihatsu lên ngang tầm sedan cao cấp Camry Mỹ.,Negative
168,Câu kinh điển của sale xe nhật. Thế quái nào có mỗi kĩ sư bên nhật áp dụng kinh nghiệm này vào thiết kế xe nhỉ?,Rhetorical-question,Mỉa mai các bài tư vấn bán hàng sáo rỗng của sale xe Nhật nhằm bao biện cho trang bị tiện nghi nghèo nàn và thiết kế bảo thủ.,Negative
169,"Nhìn mẹt và tay ảnh, là biết đang Phê chữ ê kéo dài",Metaphorical,"Cụm này hay được dùng trong mạng xã hội Việt Nam, diễn tả trạng thái rất thích thú hoặc đang tận hưởng rõ rệt, đến mức cảm xúc đó hiện ra qua nét mặt và động tác tay. Qua đó, người dùng muốn người bình luận ngầm khen ngợi về trải nghiệm lái của chiếc xe chiếc xe.",Positive
170,Con xe cỏ mà anh [USERNAME] tâng lên mây là chít,Metaphorical,"Phê phán việc người đánh giá khen ngợi, thổi phồng quá mức giá trị thực tế của một mẫu xe bình dân hạng thấp.",Negative
171,"Uh đúng rồi bác, con Raize của anh ấy còn đầm chắc hơn cả con xe tăng Abrams của Mỹ nữa kìa, chứ nói gì đến con Elantra của em",Ironic,Dùng phép so sánh phóng đại với xe tăng để chế giễu lời tâng bốc phi lý về độ đầm chắc của mẫu xe nhỏ Toyota Raize.,Negative
172,"mém xíu là anh cũng có bàn tay vàng trong làng bốc biển rồi đó, [LICENSE PLATE]",Fact-implied,Trêu vui và chúc mừng chủ xe có may mắn bấm được biển số đẹp.,Positive
173,xe Hàn bồng bềnh thì có gì lạ đâu bạn,Fact-implied,"Nhận định cảm giác lái tròng trành, bồng bềnh thiếu đầm chắc là nhược điểm cố hữu quen thuộc của các dòng xe Hàn Quốc.",Negative
174,"Nó làm tôn mỏng lét để tiết kiệm chi phí, chứ giảm trọng lượng với hấp thụ lực tốt cái nổi gì. Các dòng xe cao cấp họ làm xe vỏ dày cui, chắc hấp thụ lực kém khi xảy ra va chạm nhỉ Mà raize dạo này ế lắm hả các bác?",Ironic,"Chỉ trích Toyota Raize sử dụng tôn mỏng để cắt giảm chi phí sản xuất, nhưng lại lấy lý do ngụy biện kỹ thuật và chê bai xe đang bán ế.",Negative
175,"Hóng 3-5 năm sau, 1 bác khách nào đó review về bảo hành bảo dưỡng mấy xe li - mít - tịt này.",Ironic,"Mỉa mai các mẫu xe bị khai tử gắn mác ""limited"" tạo cảm giác là mẫu xe hiếm, được săn đón trên thị trường và bày tỏ sự hoài nghi lớn về chất lượng dịch vụ bảo dưỡng, cung ứng phụ tùng thay thế sau vài năm.",Negative
176,"Tóm lại là limited hay là xe collection ? thuộc hàng hiếm (cả châu âu , thế giới cũng không có) hay là hàng ..nửa chừng xuân ? phiên bản ...giới hạn như chủ thớt ... ?",Rhetorical-question,"Châm biếm chiêu trò gán mác phiên bản ""giới hạn"" để đánh bóng tên tuổi cho các mẫu xe bị ngừng sản xuất do ế ẩm.",Negative
177,"Ông bạn gần nhà nôn nao chờ bảng nâng cấp Lux A, hy vọng sẽ hoàn thiện và tốt hơn bản hiện tại. Đùng cái không sản xuất nữa, thế là thanh niên phải chạy đi tìm mua LUX A hahahahaha",Ironic,"Chế giễu quyết định đột ngột dừng sản xuất dòng xe xăng Lux A của VinFast, đẩy khách hàng vào thế bị động và tiếc nuối.",Negative
178,cái xe đã bỏ mẫu rồi còn đâm đầu mua làm gì,Rhetorical-question,"Khuyên không nên mua các mẫu xe đã bị khai tử vì tiềm ẩn nhiều rủi ro về phụ tùng, bảo hành và khấu hao mất giá.",Negative
179,"đứa e họ 9x của mình cũng rước em này, nó độ lại cái mâm nhìn đẹp. Nhưng không hiểu sao do xe nó hay toàn dòng này có cái cần gạt mưa kêu cục cục to ác, to hơn mấy con xe cỏ nhiều.",Fact-implied,"Khen ngợi ngoại hình mâm xe đẹp nhưng chê chi tiết cần gạt mưa phát ra tiếng kêu thô, ồn ào kém tinh tế hơn cả các mẫu xe bình dân.",Negative
180,Bác ko hiểu rồi mazda 3 bán toàn thế giới và bán hàng triệu xe nên các hãng OEM bên Tung Của sẽ sản xuất linh kiện cho nó trong khi Vin chỉ bán ở việt nam khoảng 20.000 xe thì hãng OEM nào dám đầu tư dây chuyền sản xuất linh kiện cho Vin. Khả dĩ nhất là mang linh kiện BMW lắp vào nhưng đắt gấp 10 lần bác dám lắp ko?,Rhetorical-question,"Cảnh báo rủi ro lớn về chi phí và nguồn linh kiện thay thế khan hiếm của xe VinFast do quy mô doanh số quá nhỏ, không đủ hấp dẫn các hãng phụ trợ sản xuất đồ OEM giá rẻ.",Negative
181,"Anh thấy mệt ko? khi mình anh chống lại bọn ko có tinh thần yêu nước ? Con xe chết thẳng cẳng rồi. Em chạy dream nha nên ko phải bọn chạy xe cỏ nên em comment được . Đừng nói 10 năm tới chỉ 3-5 năm nữa là biết ai khóc liền ah, bọn xe cỏ sẽ lên xe sang còn Lux SA mang lên thái nguyên bán phế liệu vì ko có linh kiện sửa chữa giống như điện thoại Vin mang làm cục chặn giấy  hiện nay thôi",Rhetorical-question,"Châm biếm xe Lux SA đã bị khai tử và sẽ sớm biến thành ""phế liệu"" sau 3–5 năm do thiếu hụt linh kiện sửa chữa, mỉa mai chiêu bài kêu gọi lòng yêu nước.",Negative
182,"Con xe đầu đời lúc nào chả ngon bác nhể , nhưng em muốn 3 năm sau bác chủ xe cho nhận xét thì chắc chính xác hơn. Mà thôi em phắn đây lớ ngớ bị xóa nick kaka.",Ironic,"Cho rằng ấn tượng ban đầu lúc mới mua luôn bị nói quá, hoài nghi xe sẽ sớm bộc lộ các lỗi hỏng hóc và xuống cấp sau 3 năm sử dụng thực tế.",Negative
183,"Xe Vin chẳng may vỡ đèn, bác lấy hàng BMW qua thay ?",Rhetorical-question,"Châm biếm tình trạng khan hiếm phụ tùng chính hãng của VinFast, đặt chủ xe vào rủi ro phải tìm linh kiện BMW đắt đỏ để thay thế khi gặp sự cố.",Negative
184,"Nếu a có nhiều tiền hoặc chiếc xe chạy suốt đời thì ko phải bàn,, còn vài năm mà đổi xe mà chiếc đang chạy bán lại giá rẻ mạt thì chua cho chủ ít tiền lắm,, đại gia ko bàn",Fact-implied,"Cảnh báo mức độ trượt giá thê thảm khi bán lại, cho rằng xe không phải là lựa chọn khôn ngoan cho người có ngân sách hạn chế.",Negative
185,1.1 lấy CRV theo số đông cho chắc. Lấy em này lại mắc công nhận huy chương dũng cảm.,Metaphorical,"Mỉa mai việc mua mẫu xe này là quyết định liều lĩnh, đầy rủi ro và khuyên nên chọn phương án an toàn như Honda CR-V theo số đông.",Negative
186,"Việt Nam mình thì khác gì Thái, ngoài SG HN DN ra thì có chỗ nào giàu? Du lịch + khách sạn phát triển là kết quả cuối của chuỗi vận hành kinh tế + giao thông, sao lại đưa nó lên surface. GDP mình bằng có 1 nửa của Thái à (245 bil vs 502 bil), nhìn con số là biết. Một con xe doanh số top ở 1 đất nước gấp đôi GDP của mình thì bác nghĩ nó hợp lý hay vô lý?",Rhetorical-question,"Phản bác quan điểm xe bán chạy ở Thái Lan thì sẽ thành công tại Việt Nam, đánh giá mẫu xe không phù hợp với điều kiện thu nhập và quy mô kinh tế trong nước.",Negative
187,Nội thất em thấy cải lương quá các bác ạ.,Metaphorical,"Chê bai thiết kế nội thất của xe rườm rà, sến sẩm (""cải lương"") và thiếu sự tinh tế, sang trọng.",Negative
188,"Mua cho gia đình dùng và vì thích thì nó khác, chứ cứ nghĩ đến chuyện bán lại thì suốt ngày bị mấy thằng Hàn Nhật o ép với mấy cái option trời ơi",Fact-implied,"Phê phán các hãng xe Nhật và Hàn Quốc cắt giảm trang bị nghèo nàn, ép người mua chịu thiệt thòi vì ỷ lại vào tâm lý chuộng giữ giá khi bán lại.",Negative
189,"Mỗi lần review con xe Hán Nô nào là fan Hán Nô vào tâng lên tận mây xanh, nào là ăn đứt Santafe, CRV không có cửa, CX5 xách dép,… chắc chỉ có xe Đức như GLC hay X3 mới so sánh được. Không biết được bao anh fan Hán Nô sẵn sàng mua hay chi dám khen các anh cảm tử quân khác.",Metaphorical,"Chế giễu các bài đánh giá tâng bốc xe Trung Quốc quá đà trên mạng xã hội, mỉa mai những người khen ngợi chỉ giỏi tung hô ảo chứ không dám bỏ tiền mua thực tế do mẫu xe có nhiều rủi ro kém an toàn.",Negative
190,[LICENSE PLATE] không chừng vài bữa có con Logo Mer biển số y chang chạy ngoài đường!,Ironic,Khen ngợi biển số xe đẹp và nói đùa rằng dãy số này xứng đáng gắn trên xe sang như Mercedes hơn là mẫu xe hiện tại.,Positive
191,nếu ko cá tính chả ai đi mua chiếc này cả tỉ,Ironic,"Đánh giá xe có giá bán quá đắt đỏ (hơn 1 tỷ đồng), không tương xứng với giá trị số đông mong đợi mà chỉ phục vụ một nhóm nhỏ có sở thích khác biệt.",Negative
192,"Saic là quá to luôn chứ, nó là thằng nắm quyền sản xuất Wolkwagen , giá trị của nó chắc lớn hơn Vingroup cỡ 10 lần. xe thì e ko bàn, vì e ko đi xe Tàu, hoặc xe tàu đội lốt “ngoại quốc”",Fact-implied,"người nói cho rằng họ không muốn sử dụng xe Trung Quốc, kể cả những mẫu xe mang thương hiệu hoặc hình ảnh “ngoại quốc” nhưng vẫn bị cho là có nguồn gốc Trung Quốc. Qua đó, câu nói cũng hàm ý mỉa mai về nguồn gốc thực sự của xe VinFast.  ",Negative
193,"hay... Bộ Công Thương nên chỉnh sửa luật theo hướng, các cty muốn bán xe ở VN phải có đủ đk sửa chữa, và phụ tùng thay thế, tối thiểu 10 từ lúc dừng bán sản phẩm cuối cùng thì sẽ tránh được TH như LuxGen và các hãng xe tàu bán nhan nhản ở các tỉnh thành phía bắc",Fact-implied,"Các hãng xe LuxGen được nổi tiếng biết đến là hãng xe Trung Quốc, được bán ồ ạt nhưng sau một thời gian đã ngừng bán, dẫn đến việc sửa chữa, tìm linh kiện sửa chữa rất khó khăn. Qua đó, người dùng muốn chỉ trích tình trạng các hãng Trung Quốc bán xe nhưng không đảm bảo phụ tùng/bảo hành cho người dùng Việt Nam.",Negative
194,"Cái này bác chủ đi bọc rồi bác ơi, bác đã thấy cái vô lăng nó ngoài đời thực chưa?",Rhetorical-question,"Đính chính vô-lăng đẹp là do chủ xe đã bọc da lại, ngầm chê thiết kế vô-lăng nguyên bản của nhà sản xuất kém thẩm mỹ.",Negative
195,Liệu sau này MG có trở thành 1 e Luxgen nữa không các bác?bán được vài năm rồi rút lui ko chào hỏi thượng đế luôn!!!,Rhetorical-question,"Cụm này đặt câu hỏi liệu MG trong tương lai có đi vào tình trạng giống Luxgen - một hãng xe Trung Quốc được bán số lượng lớn tại Việt Nam được một thời gian rồi rút khỏi thị trường. Qua đó, người dùng muốn nghi ngờ về khả năng tồn tại lâu dài của xe MG tại Việt Nam.",Negative
196,"Quan trọng khi kg bán được xe như kỳ vọng, nó rút về thì sửa xe ở đâu? Xe TQ vào VN cữ 10 năm rồi nhưng có hãng nào tồn tại đâu.",Rhetorical-question,"Cảnh báo rủi ro không có nơi bảo hành, sửa chữa khi xe Trung Quốc thất bại rút lui, nhấn mạnh tiền lệ chưa hãng xe Trung Quốc nào bám trụ lâu dài tại Việt Nam.",Negative
197,"tưởng 500-600tr... tầm này thì mua Vinfast vừa yêu nước, vừa an toàn... 6-12 tháng sau nó quất ngựa truy phong khỏi VN thì lại có bài...",Metaphorical,"Thất vọng vì giá xe thực tế quá cao so với kỳ vọng, đồng thời hoài nghi độ an toàn và dự đoán hãng sẽ sớm tháo lui khỏi Việt Nam sau 6–12 tháng.",Negative
198,sau 1 vài lần đưa vô hãng để sửa chữa những lỗi vặt vãnh... sẽ thay đổi ngay cách suy nghĩ...,Fact-implied,Cảnh báo rằng những đánh giá tích cực ban đầu về chiếc xe sẽ nhanh chóng bị thay thế bởi sự thất vọng khi xe liên tục phát sinh lỗi vặt.,Negative
199,"Úi giời anh quan tâm rì đám đi xe hèn nhụt với xe 2b ở đây, mình có tiền mình chơi, chục năm.nữa xe này chạy đầy đường VN thì mấy người kia biết nói rì cho ngầu",Ironic,"Thể hiện sự tự tin của chủ sở hữu, bỏ qua định kiến chê bai của dư luận và tin tưởng xe sẽ trở nên phổ biến tại Việt Nam trong tương lai.",Positive
200,"Có điều kiện hẳn thì chả ai bỏ hơn tỷ mua con xe tàu, ít nhất  cũng phải GLC250 hoặc 300 mà thẳng tiến",Fact-implied,"Chê mức giá hơn 1 tỷ cho xe Trung Quốc là quá đắt đỏ do xe có nhiều định kiến về chất lượng kém và không bền, khẳng định người có tài chính tốt sẽ chọn các dòng xe sang thực thụ như Mercedes GLC.",Negative
201,ít tiền thì chịu thôi chứ người nhiều tiền người ta mua xe hàn xe nhật rồi,Ironic,"Đánh giá mẫu xe chỉ là phương án thỏa hiệp tạm thời cho người ít tiền chứ chất lượng và độ tin cậy thua kém hoàn toàn xe Nhật, Hàn.",Negative
202,"Có đâu mà review vì đi được 2-3 năm mình là chủ xe chắc tâm thần vì bị ảnh hưởng tâm lý lấy con xe ra đi uống cafe thì dòm dòm chỉ trỏ: anh ơi xe hãng gì đẹp dữ anh Xe mg em ạ Mg hãng mỹ hả anh Ko em tàu em ạ. rồi dắt xe ra đi làm, đi về quê, đi nhậu câu chuyện trên tiếp diễn .... xong cảm tưởng chịu hết nổi dán mẹ cái bảng lên kính xe: xe tàu hỏi lằn hỏi lốn xong đc 2-3 năm dư chút mua con toy chạy cho đỡ nhức đầu tiện hỏi luôn anh em trên hội: anh [USERNAME] mấy bữa nay ko chạy Bắc kinh x7 nữa ạ?? Thấy mới review sau 10v cây thì phải",Ironic,"Châm biếm áp lực tâm lý mệt mỏi của chủ xe khi phải liên tục giải thích về mác ""xe Tàu"" trước định kiến xã hội, khiến việc sử dụng xe trở nên căng thẳng.",Negative
203,"Xe này ở VN đi khá nhiều, show Nissan giờ chuyển đổi 1 phần qua bán MG rùi",Fact-implied,"Ghi nhận thực tế xe MG ngày càng xuất hiện nhiều trên đường và mạng lưới đại lý đang mở rộng, cho thấy xe dần có chỗ đứng tại Việt Nam.",Positive
204,"Bạn có thấy bài nào đánh giá xe TQ sau 5 năm sd, trên 100k km chưa? Riêng mình thì chưa! Thật thì mình cũng hóng để đánh giá 1 cách công bằng nhưng chưa thấy. Còn các kiểu review chỉ vài trăm vài K km thì chấp luôn mọi xe...hầu như thằng nào cũng như thằng nào khi cùng Level.",Rhetorical-question,"Cụm này là câu hỏi tu từ đặt nghi vấn rằng liệu đã có người dùng xe Trung Quốc đủ lâu rồi chia sẻ đánh giá thực tế hay chưa, hay các đánh giá thường chỉ là khi mới sử dụng xe trong một thời gian ngắn. Điều này là do xe Trung Quốc thường bị định kiến là nhanh xuống cấp hoặc không bền. Qua đó, người dùng muốn chê và nghi ngờ độ bền của xe Trung Quốc.",Negative
205,"Xe lên vòng tua 2000 có gì mà sợ, mà xét nét nhỉ? Xin lỗi chứ xe em máy yếu, em đạp 3000 thì em cũng ko thấy vấn đề gì. Người ta thiết kế 7-800 mình đi 2-3000 thì có sao đâu. Mà nói chung em ko mua xe trung quốc, đồ điện tử trong nhà cũng hiếm có đồ trung quốc. Nhưng cho thì em nhận.",Fact-implied,"Phản bác việc săm soi vòng tua máy quá mức, nhưng vẫn khẳng định dứt khoát không bỏ tiền mua xe Trung Quốc vì định kiến tiêu cực về xuất xứ.",Negative
206,"Nể bác chủ thớt, vận động bà cả cho mua xe TQ, lại còn trực tiếp nhận xe",Ironic,"Bày tỏ sự ngạc nhiên và nể phục trước sự ""dũng cảm"" của chủ xe khi thuyết phục được gia đình mua xe Trung Quốc bất chấp định kiến xã hội.",Negative
207,"Mua 1 xe tặng 20 liều vaccine phai dơ, mồ đế nà thì các anh có mua ko ?",Rhetorical-question,"Cụm này dùng cách nói lái “phai dơ, mồ đế nà” để nhắc đến các loại vaccine Pfizer và Moderna. Việc nói “mua 1 xe tặng 20 liều vaccine” tạo ra một liên tưởng hài hước rằng người mua cần được “bảo vệ sức khỏe” hoặc chuẩn bị tinh thần trước các rủi ro khi mua chiếc xe này.",Negative
208,"Khiếp quá, trên xe mà nghe ọt ẹt làm mình nghĩ ngay tới con đau bụng do đại tràng co thắt",Metaphorical,"Chê bai tiếng ồn ọt ẹt phát ra trong khoang lái, thể hiện sự khó chịu và đánh giá thấp mức độ gia công, lắp ráp của xe.",Negative
209,"Vấn đề VN là thị trường thứ cấp ko quan trọng với nó nên nó vậy. Giống như Toyota VN vậy, bán nồi đồng cối đá mãi kkk",Metaphorical,"Chỉ trích Toyota coi nhẹ thị trường Việt Nam khi lười đổi mới công nghệ, chỉ duy trì bán các mẫu xe trang bị nghèo nàn núp bóng danh nghĩa ""nồi đồng cối đá"".",Negative
210,Ráng công khai đi rùi không biết bị gõ mấy chục phần trăm taxiiiii chưa kể truy phạt. Đủ no đòn đấy. Tô thì một là vi ốc hai là chị cẩm. Dở dở khúc giữa không thầy cũng chẳng thợ.,Metaphorical,"Chê bai các mẫu xe lửng lơ ở giữa phân khúc của Toyota là lựa chọn nửa vời, thiếu bản sắc và không có ưu thế rõ ràng như Vios hay Camry.",Negative
211,Maz 3 có cửa để so Altis đời này à?,Rhetorical-question,"Câu hỏi tu từ này không nhằm mục đích tìm kiếm câu trả lời thực sự mà được dùng để bày tỏ sự nghi ngờ về khả năng cạnh tranh của Mazda3 khi so sánh với Altis thế hệ hiện tại. Qua đó, người dùng ngầm đánh giá Mazda3 kém hơn đối thủ.",Negative
212,"Nói cho quá ko biết mắc cỡ! Con xe xăng nào mà sáng nổ máy, tối về làm phiền hàng xóm vậy ??? Con xe xăng cùi bắp của Tôi, sáng nổ máy đứng gần mà nhiều khi còn ko biết Nó đang nổ máy. Nhiều lúc Nó nổ rồi, đi vào nhà quên mất ra còn nhấn Start lần nữa!",Rhetorical-question,"Bác bỏ mạnh nhận định cho rằng xe xăng ồn ào, gây phiền hàng xóm khi nổ máy hoặc vận hành.",Positive
213,nhìn cái cần số là hết muốn chạy rồi,Fact-implied,"Chê bai thiết kế cần số xấu và thô kệch, làm mất hoàn toàn thiện cảm và cảm hứng cầm lái chiếc xe.",Negative
214,"thêm cái hộp số CVT chỉ có các nước kém phát triển sài mà mấy thằng rừng rú, ăn cám xú cám heo như mày vẫn thẩm du hàng ngày đó. Con bò",Metaphorical,"Chỉ trích kịch liệt hộp số CVT là công nghệ lạc hậu, kém chất lượng và công kích những người khen ngợi loại hộp số này.",Negative
215,"mấy thằng trâu trẻ làm quá lên đó mà, em mới đổi con madaz 3 2022 nổ chả nghe thấy gì khi vào hẻm",Fact-implied,"Khen ngợi Mazda 3 đời 2022 vận hành rất êm ái, động cơ nổ máy tĩnh lặng trong ngõ hẹp và phản bác các ý kiến chê bai  quá đà về tiếng ồn của xe.",Positive
216,"Có gì mà ko có cửa hehe, năm sau Nissan và Subaru nhập thêm sedan cỡ C về bán cùng thì còn nhiều lựa chọn xe Nhật nữa",Fact-implied,Khẳng định xe Nhật vẫn có sức cạnh tranh tốt và bày tỏ sự hào hứng khi thị trường sắp có thêm nhiều lựa chọn sedan hạng C chất lượng.,Positive
217,"Đấy là góc nhìn của số ít thôi. Chứ ngoài đường mazda 3 chạy nhiều hơn altis đấy, khoản tiền chênh lệch ~ 100tr do altis bán giá niêm yết cao hơn đó để mà đổ xăng và bảo dưỡng được 5 năm rồi đổi xe đấy =))",Fact-implied,"Phản bác quan điểm cho rằng Toyota Altis đáng chọn hơn Mazda 3, do Mazda 3 phổ biến hơn và cũng có mức giá hợp lý hơn",Negative
218,Gạ thì phải Civic type R 300hp gạ với porsche già  10-15 năm tuổi,Fact-implied,"Cho rằng xe Civic Type R dù có công suất 300 mã lực thì cũng chỉ đủ đem ra so kè với Porsche cũ 10-15 năm tuổi, chứ chưa đủ tầm ngang với Porsche mới hoặc Porsche đúng nghĩa.",Negative
219,Con mình ngồi lên nóc xe bị lún luôn. Ngồi vớ vẩn hỏng hết đấy.,Fact-implied,"Phàn nàn và cảnh báo về chất lượng thân vỏ, tôn nóc xe quá mỏng và chịu lực kém, rất dễ bị móp lún khi có tác động bên ngoài.",Negative
220,5 năm sau còn dùng con này mới là ngon,Fact-implied,"Bày tỏ sự hoài nghi về độ bền bỉ lâu dài, cho rằng chất lượng thực sự của xe cần được kiểm chứng qua ít nhất 5 năm sử dụng thực tế.",Negative
221,"Gớm có cái chữ supported by mà hít hà mãi, chả có cái vẹo gì Động cơ sản xuất hoàn toàn bởi trung quốc nhé, ngon thế nào thì nhìn doanh số bên ấy ắt rõ",Fact-implied,"Chế giễu chiêu trò tiếp thị mượn mác hỗ trợ kỹ thuật nước ngoài, khẳng định động cơ gốc Trung Quốc có chất lượng kém thể hiện qua doanh số ế ẩm nội địa.",Negative
222,"Anh bạn này du học TQ . Về VN mua xe tàu chạy.  Chắc ko nhiều người như anh bạn đâu. Xe hơi tàu giờ này đang đi theo cách làm của xe máy Longcin, Hongda... trước đây",Fact-implied,"Đánh giá ô tô Trung Quốc thiếu bền vững và khó tồn tại lâu dài tại Việt Nam, dự đoán sẽ lặp lại vết xe đổ bán rẻ rồi biến mất như xe máy Tàu trước kia.",Negative
223,"Bởi, bán giá đó mà còn làm giọng cha như ban ơn, còn canh đúng ngày đúng giờ thì nhảy một bậc giá như bậc lương! Buồn đi toilet quá. Nước mình mà có nhiều người công tâm nói thẳng nói thật như bác đây thì dân Việt đã đi xe nhà giá tốt, đã chả có nhập xe TQ và đã chả có cái thớt này!",Ironic,"Phê phán thái độ bán hàng trịch thượng, chiến lược tăng giá vô lý của hãng xe nội địa và bức xúc vì người tiêu dùng trong nước phải mua xe với giá đắt đỏ.",Negative
224,"Em cũng mê Vinh Phát lắm, xe như BMW đẹp thật luôn, đã được chạy thử cũng phải nói là thậm chí không thua gà mẹ! Nhưng đến khi sale báo giá cái sedan đến 1.450 (hình như chưa lăn bánh) thì hỏi bác chứ còn tình yêu tình ái gì đây nữa. Mang tiếng làm ngay trong nước đấy! Rồi bảo do BMW, rồi đến giờ có bằng chứng rõ ràng là con Brilliance vác đúng từ Tàu qua, BMW cổ phần trong đó luôn, thì bán ở nước nó 500t kể như 22.000 đô đi. Vậy ví dụ như Vinfast là một hãng xe ở Đức, sản xuất theo BMW mà bán giá tại chính quốc Đức 60.000 đô thì có phải hài không. P/S: em chạy thử Brilliance V7 rồi, gần như y chang BMW X3, từ chạy đến nội thất, và cũng hơi hẹp ghế phía sau y hệt mấy chiếc BMW. Mua chạy có cái che nắng mưa mà cũng chả thua một chút nào mấy cái xe khác.",Rhetorical-question,"Thất vọng trước mức giá bán quá đắt đỏ (1,45 tỷ) của mẫu xe nội địa, vạch trần việc mượn danh BMW để đội giá dù mẫu xe Trung Quốc cũng sử dụng nền tảng kỹ thuật từ BMW nhưng giá lại không đắt bằng.",Negative
225,"Thôi xong. Mọi người VN nhờ bác thông não vố này thì 2 năm rõ 10 rồi. Cảm ơn bác nhé. Vậy thì giờ em hiểu rõ thắc mắc bấy lâu rồi: BMW nhượng cho Brilliance cái động cơ lừng danh N20 của nó mấy năm trước, rồi mấy năm sau Brilliance nhượng cái động cơ hàng BMW ấy cho hero Vinh Phát vác về và chế ra 2 ông thần được David Beckham khen lấy khen để.",Ironic,"Châm biếm nguồn gốc thực tế của động cơ xe là công nghệ cũ chuyển giao qua nhiều tầng từ đối tác Trung Quốc, nhưng lại dùng chiêu bài truyền thông thuê người nổi tiếng tâng bốc quá đà.",Negative
226,"Không bác, nếu nói đúng thì em xài xe Chevrolet đang thuộc nhà Vin nhé. Nhưng chắc chắn là em mua xe Tàu kia, chẳng qua giờ cọc hết rồi không mua được thôi. Kể như em đang ăn mứt của Tàu đi, nhưng chắc chắn vẫn đỡ hơn ăn mứt của Nhật Hàn Mỹ. Vì dù sao đều là mứt, mứt Tàu vẫn đỡ tốn kém hơn, còn tiền cho con cái được ăn bò bít tết rồi mai mốt nó trả thù Tàu bù lại cho em sau!",Metaphorical,"Người dùng đang mượn hình ảnh mứt của các quốc gia khác nhau để so sánh về xe của các nước đó. Qua đó, người dùng muốn người viết ngụ ý chấp nhận định kiến xuất xứ để chọn mua xe Trung Quốc vì tính kinh tế vượt trội, ưu tiên tối ưu tài chính cá nhân thay vì mua xe đắt tiền của Nhật, Hàn, Mỹ.",Positive
227,"Hì, đồng ý. Nếu bác nào nói đừng ủng hộ hàng tàu nữa thì có thể nói là muộn màng vì hàng tàu đã xâm nhập toàn bộ nước Việt Nam này rồi, các bác sẽ không có đồ để dùng nếu quyết tâm bài trừ hàng tàu. Ở nơi em ở sống bằng du lịch,Co Vy làm tàu nó không qua giờ thất nghiệp cả lũ, đói meo mốc ở nhà . Nếu có bác quyết định mua con xe tàu theo em nghĩ đó là quyết định của bác ấy vì để đi tới quyết định bỏ 800tr mua con xe  tàu thì phải đấu tranh tư tưởng lắm đây, phải chịu nhiều rủi ro , mua về nếu nó hắt hơi hay sổ mũi thì cũng khổ tâm lắm vì gia đình sẽ trách ""Đã bảo đừng mua con xe này rồi."". Nhớ hồi trước ai cũng chạy theo điện thoại xịn như iphone thì em cũng chỉ nhẹ nhàng mua cho em 1 chiếc điện thoại tàu rẻ vì hư thì bỏ, còn riêng bỏ 800tr để mua xe tàu thì em phục vì em không thể có được dũng khí đó. Thôi thì sướng hay khổ bác ấy chịu, em chỉ nhắc nhẹ là tại sao mấy con như Zoyte Baic Brilliance doanh số lại lẹt đẹt trên sân nhà, tại sao xe máy ở VN không có xe máy tàu nào mà chỉ toàn là Honda Yamaha",Rhetorical-question,"Cảnh báo rủi ro lớn khi bỏ ra 800 triệu mua ô tô Trung Quốc do độ tin cậy chưa được kiểm chứng, doanh số sân nhà thấp và áp lực tâm lý gia đình khi xe gặp lỗi.",Negative
228,"Ta nói có 2 vấn đề kg nên tranh cãi vì nó kg bao giờ đi đến hồi kết, đó là chính trị và tôn giáo. Chuyện thích tàu hay bài tàu là quan điểm cá nhân của mỗi ng. ng van minh thì nêu ra ý kiến của mình và biết tôn trọng ý kiến ng khác. Không nên đả kích người ta chỉ vì ng ta kg cùng quan điẻm với mình. Nhưng nói gì nói, tụi tây lông hay nước nào đó nó sài hàng tàu thì kệ cha nó vì nó ở xa tàu lắm lắm. Còn mình đây sát nách nó và có hơn 1000 năm đau thương thì nên biết làm thế nào có lợi cho đất nước mình. Còn làm thế nào thì lại tuỳ thuộc vào kiến thức, đạo đức và cả sự tiếp thu giáo dục của từng ng nữa.",Fact-implied,"Kêu gọi người tiêu dùng trong nước cân nhắc trách nhiệm và lợi ích quốc gia, không nên ủng hộ xe Trung Quốc vì yếu tố lịch sử và tranh chấp địa chính trị.",Negative
229,"Xóm tôi có nhiều nhà, nhưng nổi nhất có 2 nhà. 1 nhà giàu sang quý tộc từ xưa, 1 nhà giàu mới nổi kiểu trưởng giả học làm sang. Cả 2 nhà đều bán bánh mỳ. Cái nhà mới nổi sát vách nhà tôi tối ngày dành đất sân trước và kiếm chuyện với nhà tôi suốt. Họp tổ khu phố nhà giàu quý tộc nêu ý kiến về chuyện dẹp chó chạy rông ỉa đái khắp nơi nhưng thằng cạnh tôi nó cứ nói ngược lại nhà quý tộc mặc kệ khu phố dơ bẩn. Thằng con nhà nó qua sân nhà tôi đánh con tôi bể đầu mà tôi hèn quá kg dám nói nó 1 tiếng. Nó biết vậy nên chõ mõm qua chửi tôi kg biết dạy để con tôi húc vào con nó. Vậy mà con tôi có đứa vẫn thích mua bánh mỳ nhà nhó ăn. Con tôi nói vì bánh mỳ nhà nó giống y bánh mỳ nhà quý tộc nhưng dc cái rẻ hơn. Tôi chửi mẹ mày ngu vừa thôi, có ngày nó cho thuốc độc vô bánh cho cả nhà này chết để nó thoải mái qua nhà này ở mà kg phải mang tiếng chiếm cái sân đằng trước.",Metaphorical,"Dùng câu chuyện ngụ ngôn ẩn dụ để phản đối kịch liệt việc người Việt mua xe Trung Quốc chỉ vì ham rẻ và chuộng mẫu mã bắt chước, cảnh báo các rủi ro hệ lụy lâu dài.",Negative
230,Ông này đang có kế hoạch bán xe. Leo đèo mà máy 2.4 của Mit mà đuối thì chịu.,Ironic,"Bênh vực sức mạnh động cơ 2.4L của Mitsubishi, khẳng định xe thừa sức leo đèo khỏe và phản bác nhận xét chê máy yếu là vô căn cứ.",Positive
231,"Mua con xe Thaco vừa tạo việc làm trong nước, vừa khỏi làm giàu cho Tàu",Fact-implied,"Khuyến khích mua xe Thaco để đóng góp cho nền kinh tế nội địa, tạo việc làm trong nước và tránh làm lợi cho các hãng xe Trung Quốc.",Positive
232,"Bác có hiểu gì không? Ai kêu bác phải mua xe Vinfast, có đủ khả năng thì thử nghiệm Vinfast, không đủ thì mua xe Hàn xe Nhật. Rõ ràng bác nói cái xe che mưa che nắng, chẳng lẽ không có chiếc xe hơi nào rẻ hơn mấy cái xe Tàu đó hả? Bác muốn hỏi có tội với đất nước hay không thì tự nghĩ xem bác có thằng hàng xóm chuyên ức hiếp bác thì bác có bỏ tiền mua đồ của nhà nó không dù nó bán rẻ hơn chỗ khác.",Rhetorical-question,"Phản bác việc mua xe Trung Quốc vì giá rẻ, khuyên nên chọn xe Nhật, Hàn hoặc xe nội địa để bảo vệ lòng tự tôn trước các bất đồng lịch sử.",Negative
233,"Bác nói được vậy thì với tình hình hiện tại, nhấn mạnh là hiện tại bây giờ ngay lúc này chứ không phải chuyện quá khứ, là có nên mua xe Tàu không. Góc nhìn chung của cả nước chứ không phải của cá nhân em nhé bác, nhưng thời nào cũng vậy, luôn có 1 bộ phận vì tiền hoặc lợi ích cá nhân mà bất chấp tự tôn dân tộc.",Fact-implied,Chỉ trích những người vì ham lợi ích kinh tế trước mắt mà bỏ qua lòng tự tôn dân tộc khi quyết định mua xe có nguồn gốc Trung Quốc - một quốc gia có lịch sử xung đột lâu dài với Việt Nam.,Negative
234,"Chả muốn nói, bác tự hiểu biết thêm quan điểm làm gia công dễ, thương hiệu xây dựng mới khó. Mấy đồ rẻ tiền công nghê thấp thương hiệu Tàu không đáng bận tâm, nhưng xe hơi là công nghệ cao, thương hiệu một hãng xe là thành tựu chục năm trăm năm. Mua xe THƯƠNG HIỆU Tàu là góp 1 viên gạch để nó xây thương hiệu của nó trên đất VN.",Fact-implied,"Phản đối việc mua xe mang thương hiệu Trung Quốc, cho rằng hành động này vô tình tiếp tay giúp đối thủ xây dựng vị thế và bành trướng thương hiệu công nghệ cao tại Việt Nam.",Negative
235,Người biết chuyện sẽ biết lựa món mà mua chứ không phải thấy rẻ là đâm đầu vô bất chấp nhé bác.,Fact-implied,"Khuyên người mua cần tỉnh táo và thận trọng, không nên vì ham rẻ mà bất chấp rủi ro về chất lượng kém và độ bền thấp của xe Trung Quốc.",Negative
236,"Đồ rẻ tiền ok vì nó không tạo ra giá trị công nghệ nào cho bọn Tàu, còn xe hơi là câu chuyện công nghệ cao của nền công nghiệp định hướng giá trị mỗi quốc gia, đi cùng hệ thống cung ứng sâu rộng, thương hiệu mạnh sẽ quyết định chuỗi cung ứng ở đâu, cũng như tiền thu về để cải tiến và nghiên cứu vật liệu, động cơ, điện tử, phần mềm và cả thiết kế. Chưa kể phản hồi từ người dùng là cơ sở để cải thiện sản phẩm. Bác hiểu rồi chứ?",Fact-implied,"Phản đối việc mua ô tô Trung Quốc dưới góc nhìn công nghiệp, cho rằng không nên gián tiếp mang lại thị phần, dữ liệu và lợi nhuận cho chuỗi công nghệ cao của họ.",Negative
237,"Nói mãi nhiều bác không hiểu, kinh tế chính trị luôn đi chung với nhau, cái nào bất đắc dĩ và rẻ tiền thì mua đồ TQ (vì có mua nhiều cỡ nào nó cũng chỉ giúp TQ là công xương của thế giới), còn cái nào có nhiều lựa chọn khác, đồ cao cấp công nghệ cao (như xe hơi) thì mắc gì phải mua đồ của bọn Tàu để bọn nó phát triển thành trùm công nghệ. Vì sao Huyndai được như bây giờ, vì người Hàn họ chấp nhận mua xe Hàn dù chất lượng bèo hơn ở thời kì đầu. Cái lý nào để người Việt mua xe Tàu để bọn Tàu mạnh hơn. Xe Tàu bán rẻ vì nó bán mắc không ai mua, còn số tiền các bác thấy rẻ hơn là tụi nó dùng để mua con người các bác đó. Nó mua cái lòng tự tôn để các bác Chạy xe Tàu bị người khác nói này nói nọ vẫn dày mặt bảo “xe rẻ” thì mua thôi bất chấp tụi nó làm đủ trò ác ôn với nước mình.",Fact-implied,"Lên án mạnh mẽ việc mua xe ô tô Trung Quốc, cho rằng mức giá rẻ là chiêu bài đánh đổi lòng tự tôn dân tộc và gián tiếp hỗ trợ đối thủ lớn mạnh về mặt công nghệ.",Negative
238,"Cái thằng Tàu cần không phải là lắp xe cho Nhật Mỹ Đức Hàn, mà tụi nó muốn xây dựng thương hiệu xe của riêng nó, dân nó ủng hộ thì không nói, dân Việt mà cũng ủng hộ mới đáng nói.",Fact-implied,"Cụm này nói rằng việc người dân Trung Quốc ủng hộ thương hiệu xe của nước họ là điều dễ hiểu, vì đó là sản phẩm nội địa của họ. Nhưng nếu người Việt cũng ủng hộ thương hiệu xe Trung Quốc thì người nói xem đó là điều đáng bàn hơn, vì Việt Nam không cùng lợi ích quốc gia với Trung Quốc và còn có nhiều yếu tố lịch sử, chính trị khiến việc ủng hộ này trở nên nhạy cảm. Qua đó, người dùng muốn lên án và phản đối việc người Việt mua hoặc ủng hộ xe Trung Quốc.",Negative
239,"Mình không có tiền nhưng mình biết nó như điện thoại từ TQ, tính năng gì cũng vô đối mà 1-2 năm là móp mép giờ!",Fact-implied,"So sánh xe Trung Quốc với điện thoại giá rẻ, châm biếm xe nhiều trang bị hào nhoáng lúc đầu nhưng sẽ nhanh chóng tã và xuống cấp sau 1–2 năm sử dụng.",Negative
240,Pin có bao nhiêu watt đâu mà chạy hoài. Pin dùng khi depart là chủ yếu.... thui. Thay thế cho ideling máy xăng thui....,Fact-implied,"Đánh giá thấp vai trò của cụm pin trên xe hybrid, cho rằng dung lượng pin quá nhỏ và chỉ hỗ trợ khởi hành hoặc ngắt máy tạm thời chứ không thể thay thế động cơ xăng.",Negative
241,"Tuổi thọ pin phụ thuộc vào số lần của chu kỳ nạp xả. Xả hết nạp lại đầy...mà nhiều lần trong thời gian ngắn đi trong phố do hay dừng. Thì pin mau chết...nên bảo hành 3 năm, chứ Toy dại gì 10_năm. Còn ở mẽo pin xe lai thọ hơn vì, quảng đường dài, ít dừng...chu ky nạp xả ít hơn. Toy nó biết rỏ hành vi tiêu dùng mỗi xứ. Nên chỉ có dại mà tâng bốc quá đáng thui...hè hè..",Fact-implied,"Đánh giá thấp độ bền pin hybrid khi chạy phố dừng đỗ liên tục ở Việt Nam khiến pin nhanh chai, châm biếm việc bảo hành ngắn (3 năm) và mỉa mai những ai tâng bốc công nghệ này quá mức.",Negative
242,"Đi đường dài, thì biết rỏ hè.",Ironic,"Cho rằng trải nghiệm ngắn hạn chưa thể khẳng định được điều gì, xe cần phải vận hành đường dài trong thực tế mới bộc lộ rõ chất lượng, mức tiêu hao và nhược điểm thực sự.",Negative
243,"Xe cỏ em chắc nó gian lận quá hè, Sg_CĐ 500 km, mà chưa tới 25l....",Fact-implied,Khen ngợi khả năng tiết kiệm nhiên liệu xuất sắc của mẫu xe bình dân qua số liệu chạy đường dài thực tế (500 km chỉ tiêu thụ chưa tới 25 lít xăng).,Positive
244,"Đã bảo gùi...vịt chạy đồng thì xài cỡ đó, chỉ vậy thui là chúng thần tượng gùi hè hè",Metaphorical,"Châm biếm mẫu xe bình dân hạng thấp (""vịt chạy đồng"") không có gì nổi bật nhưng vẫn bị một bộ phận người dùng dễ dãi tâng bốc, thần tượng hóa quá đà.",Negative
245,Chưa ai kịp vào chê thì cụ phán cái phủ đầu!!!,Ironic,Nhận xét hóm hỉnh về việc người nói đã nhanh chóng đưa ra quan điểm phủ đầu nhằm bảo vệ mẫu xe trước khi có ai kịp đưa ra lời chê bai.,Positive
246,"Nó còn ăn xăng hơn bình thường ấy chứ bác ( 1.8 chắc phải ăn bằng 2.5), vì nó còn phải lai máy phát điện nạp cho cái cục pin hybrid to tướng kia nữa bác.",Metaphorical,Hoài nghi và chê bai hệ thống hybrid tốn xăng hơn xe thông thường do động cơ xăng phải gánh thêm tải để nạp năng lượng cho khối pin nặng.,Negative
247,"Sau hành trình 800km, thấy hiển thị trên đồng hồ thường là 3,3l/100km.",Fact-implied,"Khen ngợi và xác nhận khả năng tiết kiệm xăng ấn tượng, vận hành ổn định của xe qua mức tiêu hao thực tế chỉ 3,3L/100km sau hành trình dài.",Positive
248,"Xăng tăng giá 3 lít/100km, quá đã cho 1 cuộc tình!",Ironic,"Cụm này nói về bối cảnh giá xăng tăng, nên việc dùng xe Hybrid với mức tiêu thụ nhiên liệu rất thấp là một lựa chọn vô cùng hợp lý",Positive
249,nhưng bác phải đổ xăng thì động cơ điện này mới làm việc đc,Fact-implied,"Nhấn mạnh bản chất xe hybrid vẫn phụ thuộc hoàn toàn vào động cơ xăng, motor điện chỉ mang tính bổ trợ vận hành chứ không thể hoạt động độc lập.",Negative
250,"Hôm qua chính thức được ngồi Cross HV đi tỉnh, cả đi cả về tầm 3 tiếng. Nói chung đi xong thì xác nhận lại luôn là xe này chỉ dành cho fan Toyota chính hiệu, kiểu kết hơn kết bồ nhí ngực nở mông to ấy. Ra giấy hơn 1 tỏi to. Đi thì thấy đồng hồ báo 4,1L/100km, ngồi nhẩm thì đi cỡ 200-300k km mới hồi vốn tiền xăng chưa kể thay pin. Trừ xe dịch vụ thì ai chạy 1 năm 20k km là nhiều rồi, như vậy tầm 10 năm hồi vốn tiền xăng. Vẫn chốt lại nếu mua Cross thì mua bản thấp nhất là hợp lý, chứ bản này thì ạ.",Fact-implied,"Chê bản hybrid định giá quá đắt (hơn 1 tỷ) và kém hiệu quả kinh tế do mất quá nhiều thời gian để bù đắp chi phí xăng/pin, khuyên chỉ nên mua bản tiêu chuẩn.",Negative
251,Sao ko bảo hành cục pin 10 năm cho dân tin tưởng để xuống tiền. Vì như pác nói 10 năm nó có hư đâu?. 3 năm hết bảo hành mà hư pin về xin vợ trăm triệu đi thay cục pin chắc vợ nó mừng lắm,Rhetorical-question,"Câu hỏi tu từ này không nhằm tìm kiếm câu trả lời, mà mang ý châm biếm chính sách bảo hành pin quá ngắn, qua đó ngầm cho rằng pin không đủ bền. Lập luận hàm ý rằng nếu pin thực sự có độ bền cao thì thời hạn bảo hành đáng lẽ phải dài hơn như 10 năm thay vì chỉ 3 năm.",Negative
252,"Thế sao Thái, Mã, Indo, Âu, Mỹ toy nó đều bảo hành pin 10 năm còn VN 3 năm? Ủa vậy là toy nó ít tên tuổi ở thị trường đó à?",Rhetorical-question,"Phê phán chính sách bảo hành pin bất công tại Việt Nam (3 năm so với 10 năm ở quốc tế), ngầm cho rằng hãng thiếu tự tin vào độ bền của pin trong điều kiện vận hành tại Việt Nam.",Negative
253,Kỹ thuật toy xác định là đang chạy pin lăn ra hỏng thì có thể lếch tiếp tới hãng để thay pin. Còn nếu pin lăn ra chết khi máy chưa nổ thì chỉ còn thuê xe thớt chở vô hãng thôi. Mà mấy ảnh trên kia nói là pin bền dữ lắm méo hư đâu. Mỗi tội bảo hành có 3 năm. Mà thôi mấy ảnh nói k mua xe Hybrid là k có tiền nên hok dám bàn.,Ironic,"Mỉa mai sự mâu thuẫn giữa lời tâng bốc pin bền với thực tế bảo hành ngắn ngủi, nêu bật phiền toái và rủi ro phải gọi xe cứu hộ khi hệ thống hybrid gặp sự cố.",Negative
254,"Cái vấn đề càng hiện đại thì sẽ càng hại điện chưa bao giờ sai nha bác. So với yếu tố tiết kiệm nhiên liệu/ giá cao hơn bản thường thì e sẽ ko bao h mua hybrid. Trừ khi nhà nước có kế hoạch ưu tiên xe xanh, bảo vệ môi trường thì đó là lúc ta xài hybrid/ electric. Chưa kể cái máy hybrid chỉ tối ưu nhất khi đi trong phố, đi đg trường vẫn ăn uống bt",Fact-implied,"Không đánh giá cao xe hybrid do không mang lại giá trị kinh tế thực tế, và cho rằng xe hybrid chỉ phát huy lợi thế trong một số điều kiện đường xá nhất định, còn trường hợp khác thì vẫn tiêu thụ xăng nhiều như bình thường",Negative
255,"khác nhau con số, còn thực tế ko biết vì chưa gặp xe nào phải bảo hành thay pin sau 3 năm !",Fact-implied,Bảo vệ độ bền của khối pin xe hybrid bằng thực tế sử dụng chưa từng thấy trường hợp nào bị lỗi hỏng phải thay pin sau 3 năm.,Positive
256,"Hôm trước có coi 1 clip của tipcar TV phân tích là không xăng không chạy được, suy ra là điện chỉ để bổ trợ 1 phần nhỏ chứ không phải dưới 40 chạy điện đâu bác",Fact-implied,"Ngụ ý yếu tố điện trên xe không thay thế hoàn toàn động cơ xăng, mà chỉ đóng vai trò bổ trợ một phần để hỗ trợ vận hành và tiết kiệm nhiên liệu.",Negative
257,Mấy hãng ít tên tuổi mới nâng thời hạn bảo hành để lấy lòng khách hàng thôi. Còn những thương hiệu lớn. Ai dại mà bỏ tiền túi ra bù chi phí cho Khách hàng. Ngày trước Huyndai và Kia cũng áp dụng bảo hành 5 năm ở Mỹ( các hãng khác chỉ 3 năm) . Nhưng giờ Huyndai và Kia đã có chỗ đứng ở Mỹ thì bảo hành lại về 3 năm,Fact-implied,"Phủ nhận việc xem bảo hành dài hạn là bằng chứng đáng tin về chất lượng xe hoặc sự cam kết lâu dài của hãng, mà chỉ là chiến lược bán hàng của hãng xe.",Negative
258,"Khác nhau nhiều lắm bác. Cục bảo hành 3 năm thì sang năm thứ 4 khả năng móc ví 100tr là có, còn cục bảo hành 10 năm thì chắc bán xe mất rồi. Nhớ ngày xưa thời sinh viên mua cục nguồn PC của anh hàng xóm, bảo hành 1 năm, đến lúc nó lăn ra die bất đắc kỵ tử, mở thùng máy xem tem bảo hành thì vừa hết bảo hành chưa đầy 1 tháng",Fact-implied,"Ngầm cho rằng bảo hành ngắn báo hiệu rủi ro xe phát sinh lỗi lớn sớm hơn, còn bảo hành dài thể hiện hãng tự tin hơn vào khả năng vận hành ổn định trong thời gian dài",Negative
259,"Bác nào đã từng chạy Vespa nhập khẩu rồi sẽ thấy, CVT nhiều khi nó còn giật hơn cả số 4 cấp của Fortuner. : )))",Fact-implied,"Chê bai hộp số CVT vận hành không mượt mà, dễ bị giật cục và cho cảm giác lái kém hơn cả hộp số tự động 4 cấp đời cũ.",Negative
260,"Uh, nhưng tại sao nó lại đứng đầu phân khúc cho đến giờ?!",Rhetorical-question,"Dùng thành tích dẫn đầu doanh số trong phân khúc để phản bác các ý kiến chê bai, khẳng định sức hút và sự đón nhận thực tế từ người dùng.",Positive
261,"Rush ko có lọc gió, bó tay anh Toy thiệt",Fact-implied,Mỉa mai và thất vọng trước việc Toyota cắt giảm chi phí sản xuất quá đà đến mức lược bỏ cả chi tiết cơ bản như lọc gió điều hòa trên xe Rush.,Negative
262,Avanza với Innova đều 7 chỗ vậy Innova hơn gì nhỉ,Rhetorical-question,"Cụm này đặt câu hỏi nghi ngờ rằng nếu Avanza và Innova đều có 7 chỗ ngồi thì Innova có lợi thế gì để được xem là cao hơn hoặc đáng chọn hơn. Qua đó, người dùng muốn nghi ngờ giá trị vượt trội của Innova so với Avanza.",Negative
263,"Avanza xác xe to nặng, hộp số CVT thì có đáp ứng đằng trời cũng không thể ăn được Focus gầm thấp dáng thể thao dùng ly hợp kép. Ông nào lái Focus đều đã trải qua cảm giác dính ghế rồi, Civic còn chưa ăn lại nói gì Avanza.",Fact-implied,"Bác bỏ lời khen về cảm giác lái của Avanza, chê xe xác nặng mang hộp số CVT yếu ớt không thể so sánh với độ bốc và đầm chắc của Ford Focus.",Negative
264,"Giờ 8/10 chiếc Taxi/Grab là Xpander còn gì. Em vẫn không chọn các dòng nhiều chổ ngồi, ít túi khí, nếu phục vụ gia đình mình (cho người ta thuê thì được, hehe).",Fact-implied,"Ghi nhận Xpander rất phổ biến chạy dịch vụ nhưng từ chối chọn làm xe gia đình do trang bị an toàn nghèo nàn, bị cắt giảm túi khí.",Negative
265,Su thì ngoại hình chua lét Mà ai ăn chua được lại thấy nó ngon,Metaphorical,"Chê ngoại hình xe Su là kén mắt, khó hợp gu phổ thông, và chỉ phù hợp với một tệp khách hàng nhất định.",Negative
266,chắc ảnh chạy chế độ giả lập. CVT sao lại giật được nhỉ???,Rhetorical-question,"Phản bác nhận xét chê hộp số CVT bị giật, khẳng định bản chất chuyển số vô cấp vốn luôn êm ái và không thể gây giật khi vận hành bình thường.",Positive
267,1.5 CVT 7 chỗ thì lấy đâu ra nhạy chân ga chứ,Fact-implied,"Bác bỏ lời khen về phản hồi chân ga, khẳng định cấu hình máy 1.5L kết hợp hộp số CVT trên thân xác xe 7 chỗ chở nặng chắc chắn sẽ ì ạch.",Negative
268,Bác cứ nhìn biển vàng là hiểu nhỉ,Fact-implied,"Biển vàng là biển của xe kinh doanh/taxi/xe dịch vụ chứ không phải xe tư nhân, và thường là những xe phân khúc thấp. Qua đó, người dùng muốn chê chiếc xe có hình ảnh kém sang và thuộc phân khúc thấp hơn xe cá nhân.",Negative
269,"Cuồng thì cũng vừa thôi bác nhể, 1.5CVT so với 1.5turbo (công suất ngang 2.5) 6AT thì có lẽ khỏi tranh cãi làm gì cho mệt người.",Fact-implied,"Chế giễu sự tâng bốc mù quáng dành cho cấu hình 1.5L CVT, khẳng định trang bị này thua kém hoàn toàn hiệu năng của động cơ 1.5L Turbo kết hợp hộp số 6AT.",Negative
270,Thằng này lái ngang Ford Focus thì em thua .Thằng Focus vs Civic bảng sport mai ra . Chứ Civic  bảng đèn tròn đèn vuông ko có cửa đụng với Focus .Lái ly hợp kép xong qua lái CVT 1.5 là muốn vứt mẹ nó cái xe rồi .,Fact-implied,"Đánh giá rất thấp cảm giác lái của các dòng xe dùng hộp số CVT 1.5L, khẳng định trải nghiệm nhàm chán và kém xa hộp số ly hợp kép của Ford Focus.",Negative
271,Xpander thì thôi kinh khủng rồi. Đánh bại Innova thì đủ biết cỡ nào. Giờ không biết còn hiếm hàng như 4/2021 không nhỉ,Fact-implied,Khen ngợi sức hút vượt trội và doanh số ấn tượng của Xpander khi lật đổ vị thế độc tôn lâu năm của Innova trong phân khúc MPV.,Positive
272,Toàn tập lái vào tâng bốc cho con veloz bia kèm lạc không,Metaphorical,"Chê mẫu xe hiện tại thường xuyên bán xe kiểu kèm phụ kiện/chi phí phát sinh, và được tâng bốc quá mức bởi những người ít kinh nghiệm về xe",Negative
273,Xe yếu hay không là do tiền chi cho PR nhiều hay ít thôi. chứ cái thể loại rì viu như HL gì gì đó thì cục c cũng thành xúc xích cao cấp ah.,Metaphorical,"Phê phán truyền thông quảng cáo tâng bốc quá đà vì tiền tài trợ, ngầm khẳng định chất lượng xe thực chất rất tệ chứ không đẹp đẽ như lời review.",Negative
274,"Hôm cầm con này đi đồi chè cầu đất gặp anh XL7, đường phẳng ổng vượt mình chạy mất tiêu. Tới đoạn đèo lại gặp ổng đang bò bò lên, hài vãi nồi .Ông Xpander thì cứ bu bu sau đích mình , không vượt cũng không biết định làm gì",Fact-implied,"Người dùng đang mô tả trải nghiệm thực tế rằng chiếc xe XL7 khi leo dốc chạy rất chậm, như ""bò"", tạo nên sự tương phản với lúc đi đường bằng. Qua đó, người dùng muốn chê khả năng vận hành thực tế của XL7 đặc biệt trong điều kiện leo đèo.",Negative
275,"Lậy thánh bugi,lậy dây pha nguồn,lậy thầy ắc quy. cho con đề được. Amen! chắc ảnh khấn vại.",Ironic,"Mỉa mai hệ thống điện và khởi động của xe thiếu ổn định, chất lượng kém khiến người lái luôn lo sợ xe bị nằm đường hoặc không đề nổ được.",Negative
276,E lái con outlander 2.0cvt đi đèo bình thường không sao chứ có xe vượt kiểu lưng chừng dốc còn thấy đuối đừng nói chi 1.5cvt.,Fact-implied,"Người nói cho rằng xe 2.0CVT chạy đèo bình thường vẫn ổn, nhưng khi cần vượt giữa dốc thì đã có cảm giác hụt hơi, nên bản động cơ 1.5CVT còn yếu hơn thì khả năng cũng sẽ không vượt dốc được.",Negative
277,Sao khi xem xong bài đánh giá tôi đã quyết định kêu vợ đặt cọc....Tháng 9 này lấy xe ko có kèm lạc còn tặng từa lưa hột dưa.,Metaphorical,"Thể hiện sự tin tưởng tuyệt đối vào chất lượng xe qua quyết định đặt cọc mua ngay, đồng thời hài lòng với chính sách ưu đãi nhiều quà tặng, không bị ép mua kèm phụ kiện (""lạc"").",Positive
278,"hôm bữa có ngồi con Vê lờ này full tải đi cao tốc Trung Lương 1 lần, tởn tới già luôn ! xe ko yếu, nhưng em nó nhấn ga 1 cái y như sắp cất cánh luôn !",Metaphorical,"Chê bai cảm giác lái bồng bềnh, bay bổng thiếu an toàn và thiếu đầm chắc của Toyota Veloz khi chở đủ tải và chạy ở tốc độ cao trên cao tốc.",Negative
279,"Lạy mấy ông đòi giá mấy trăm. Mua xe tào đi mấy đứa, với bớt nhoi lại cái. Chưa ngồi lên, chưa sờ mó, chưa chạy thử mà chém như đúng roài. . Mình đi quay tào, éo dám chém",Rhetorical-question,Chỉ trích những ý kiến đòi hỏi mức giá phi thực tế và phê phán thói quen chê bai cảm tính trên mạng của những người chưa từng trải nghiệm xe thực tế.,Positive
280,"Oh, vậy 1 con Vinfast lúc xa lúc gần gì = 4-5 con Bim 320 lận à? Vậy chửi đắt cũng có lý nhỉ .",Rhetorical-question,Châm biếm mức định giá quá đắt đỏ và phi lý của dòng xe Lux SA khi quy đổi tương quan giá trị ngang với nhiều chiếc xe sang BMW 320.,Negative
281,"Đặt đợt đầu thì mâm nằm trong gói option đâu 20tr, mà quả mâm đấy sau thay lốp thì vỡ alo luôn",Metaphorical,"Cụm “vỡ alo luôn” nghĩa là vỡ mồm luôn, trong ngữ cảnh này được dùng để miêu tả một tình huống bất ngờ, éo le khi phải thay lốp xe do giá quá đắt.",Negative
282,"ý bác ấy là con này có đáng tỷ rưỡi đang bán ko, hay chỉ đáng 1 tỷ, hoặc 700 thôi bác ạ =))) với cả nhà máy nó khoe công suất 250k xe 1 năm cơ ko phải lo SX ko kịp đâu quy mô thị trường 2020 chỉ là 296000 xe thôi =))",Rhetorical-question,"Hoài nghi giá trị sử dụng thực tế của xe không tương xứng với mức giá 1,5 tỷ, đồng thời châm biếm năng lực sản xuất bị phô trương quá đà trong khi thị trường có thể không có nhiều người mua xe của hãng.",Negative
283,Bán mà ko dám cho ngta coi hang thì lạ lắm à nhen ),Fact-implied,"Đặt nghi vấn lớn về tính minh bạch và chất lượng xe (lo ngại xe tai nạn, lỗi ngập nước) khi phía bán xe mập mờ, không dám cho kiểm tra thực tế.",Negative
284,"Giá 700 sedan, 850 SUV thi cháy hàng. Còn lại thì chia tay hoàng hôn.",Metaphorical,"Đánh giá mức giá bán hiện tại quá cao khiến xe khó tiếp cận khách hàng, khẳng định xe chỉ có thể bán chạy nếu hạ giá sâu về mức phù hợp.",Negative
285,Xe vin nhìn đẹp chủ yếu mọi người lăn tăn về giá thôi...mà giá của vin thì toàn trên mây...nên nằm ngoài tầm với của rất nhiều anh em...,Metaphorical,"Khen ngợi thiết kế ngoại thất đẹp mắt nhưng chê mức giá định vị quá cao (""trên mây""), vượt xa tầm với tài chính của đa số người mua.",Negative
286,Thì chất lượng nó đi với giá bác ah...mua một con xe mà chưa được kiểm chứng thì cũng căng,Fact-implied,"Bình luận này cho rằng việc chiếc xe có mức giá thấp có thể phản ánh đến chất lượng kém của chiếc xe. Ngoài ra, chiếc xe cũng có nhiều rủi ro do chưa có đủ trải nghiệm thực tế, dữ liệu sử dụng lâu dài hoặc độ tin cậy thị trường để bảo đảm chất lượng.",Negative
287,hóng cắt lỗ 500 chai,Ironic,"Châm biếm xe đang bị định giá ảo so với chất lượng thực, ngầm dự đoán chủ xe sẽ phải chấp nhận bán cắt lỗ rất nặng sau một thời gian sử dụng.",Negative
288,"Theo em ngầm hỉu chủ ý của bác thớt là đi xe VF phải có thật nhiều tiền trong..xe, không thì không yên tâm như đi mấy con xe thông dụng khác..kkk",Ironic,"Mỉa mai xe VinFast có độ ổn định kém và hay lỗi vặt, khiến người dùng luôn phải chuẩn bị tâm lý tốn kém chi phí sửa chữa chứ không yên tâm như các hãng phổ thông.",Negative
289,Màn hình đậm chất tàu Việt hóa quá,Ironic,"Chê bai màn hình giải trí và giao diện hiển thị nhìn rẻ tiền, thiếu tinh tế như các sản phẩm công nghệ Trung Quốc bình dân.",Negative
290,"cuối cùng thiếu câu chốt, con này đáng giá bao nhiêu?  giá trị đang bán hay 1 tỏi hay 700",Rhetorical-question,"Đặt câu hỏi hoài nghi về giá trị thực chất của xe, cho rằng mức giá niêm yết hiện tại có thể đang bị thổi phồng cao hơn năng lực vận hành thực tế",Negative
291,Giá này thì mua Hybrid cho lành.,Ironic,"Đánh giá mức giá hiện tại của xe quá đắt đỏ và không xứng đáng, khẳng định chọn mua xe Hybrid trong cùng tầm tiền sẽ kinh tế và tối ưu hơn nhiều.",Negative
292,"Cá nhân t ngoại thất bình thường, đường nét lai mỗi xe khác 1 chút, trong khi kích thước xe hạn mà nhồi nhét quá nhiều đường gân dập nổi",Fact-implied,"Chê bai ngoại hình xe thiếu bản sắc riêng, sao chép chắp vá từ nhiều dòng xe khác và thiết kế dập nổi rườm rà, làm mất cân đối với kích thước nhỏ của xe.",Negative
293,"p/s: mới gặp vài hôm trước, chuẩn bị xuống hầm thủ thiêm (nghe anh chủ nói với anh phân luồng là đỏng đảnh, không chịu chạy)",Metaphorical,"Mỉa mai chiếc xe có độ tin cậy kém, hay gặp lỗi vặt bất thình lình và chết máy bất ngờ giữa đường gây bất tiện lớn cho người dùng.",Negative
294,Đường nào thì cũng Tàu cả mua hẳn con Tàu chính hãng cho nó ngon đỡ phải đi fix lỗi.,Ironic,"Mỉa mai mẫu xe mang mác ngoại nhưng bản chất vẫn là đồ Trung Quốc dính nhiều lỗi vặt, khuyên nên mua thẳng xe Trung Quốc chính hãng để tiết kiệm chi phí và ít phiền toái hơn.",Negative
295,"BYD vừa giới thiệu con Atto3 cùng phân khúc với VF7, mà giá bản full kèm pin chỉ hơn 8 trăm thôi. Không giảm giá sớm thì thành “Bại liệt tinh thần Việt” luôn",Ironic,"Miêu tả việc chiếc xe Atto3 có cùng phân khúc với VF7, có trang bị đầy đủ hơn VF7 mà có mức giá rẻ hơn rất nhiều so với VF7. Cụm ""Bại liệt tinh thần Việt"" là cách chơi chữ cho câu quảng cáo gốc của VinFast, miêu tả việc nếu VinFast không giảm giá thì sẽ không thể cạnh tranh được với BYD",Negative
296,Tôi đã đi được hơn 4 vạn nhưng phải công nhận Wigo có mỗi nhược điểm: hơi ồn.,Fact-implied,"Người nói đã sử dụng xe một khoảng thời gian dài và chỉ chỉ ra một nhược điểm duy nhất là hơi ồn, điều này ngầm khẳng định xe rất tốt về tổng thể.",Positive
297,Wigo cách âm kém có ưu điểm đấy chứ… còi tàu sẽ làm cụ giật mình và đạp thắng.,Ironic,"Bình luận đang khen đểu về việc 'cách âm kém' là ưu điểm giúp nghe thấy còi tàu để phanh, thực chất là ngầm chê bai khả năng chống của chiếc xe.",Negative
298,Ngoài việc bền ra thực sự ko có yếu tố nào để khách hàng xuống tiền,Fact-implied,"Câu nói chỉ cho rằng ưu điểm duy nhất của chiếc xe là về độ bền, ngoài ra các yếu tố còn lại không đủ thuyết phục để khách hàng mua xe",Negative
299,"Khi Vin ra xe, e đã bảo để sau 5 năm xem thế nào thì hẵng mua.",Fact-implied,"Việc khuyên người dùng “chờ 5 năm rồi hãy mua”  gián tiếp thừa nhận rằng ở thời điểm hiện tại, dòng xe này chưa đủ đáng tin để người tiêu dùng đặt cược vào chất lượng và độ bền của nó.",Negative
300,"Bác lái thử… nếu vẫn thấy ‘rất đầm’… thì em đăng ký mua 2 chiếc, 1 chiếc biếu bác luôn.",Ironic,"Người nói sử dụng cụm từ 'rất đầm' trong dấu ngoặc kép, kết hợp với tình huống phi lý là mua xe tặng người bình luận để mỉa mai và phản bác những nhận định rằng chiếc xe đó đầm thực sự",Negative
301,"Fortuner thì vẫn cày cuốc phục vụ chủ nhân mà không đổ bệnh, đòi tiền.",Metaphorical,"Người dùng sử dụng phép ẩn dụ khi mô tả Fortuner như một người lao động chăm chỉ, không ""đổ bệnh'' hay ""đòi tiền''. Cách diễn đạt này nhấn mạnh độ bền bỉ, khả năng vận hành ổn định, ít hỏng hóc và chi phí bảo dưỡng thấp của chiếc xe.",Positive
302,Thực tế qua clip này thì Fortuner đúng là thánh lật rồi.,Metaphorical,"Người dùng đang sử dụng hình ảnh “thánh lật” để chỉ ra nhược điểm về độ ổn định và nguy cơ lật xe của Fortuner, qua đó thể hiện thái độ châm biếm đối với khả năng vận hành an toàn của mẫu xe này.",Negative
